trade_date,ts_code,close,open,high,low,pre_close,change,pct_chg,vol,amount
20230925,000906.SH,4039.1146,4063.2259,4063.2259,4035.2329,4064.651,-25.5364,-0.6283,185937198.0,269966110.31
20230926,000906.SH,4017.9328,4035.7433,4048.1187,4017.9328,4039.1146,-21.1818,-0.5244,152354140.0,238232865.465
20230927,000906.SH,4029.1769,4018.8078,4058.647,4018.8078,4017.9328,11.2441,0.2798,172715451.0,266939586.939
20230928,000906.SH,4023.3779,4040.265,4046.119,4017.6648,4029.1769,-5.799,-0.1439,164699057.0,254957373.662
20231009,000906.SH,4013.4734,4012.7943,4023.8534,3974.6985,4023.3779,-9.9045,-0.2462,192177894.0,287167657.136
20231010,000906.SH,3986.1242,4024.156,4030.2934,3984.3585,4013.4734,-27.3492,-0.6814,186890155.0,266560199.736
20231011,000906.SH,3994.4074,4001.9243,4019.787,3984.8706,3986.1242,8.2832,0.2078,192736413.0,299869685.314
20231012,000906.SH,4030.1962,4023.6488,4037.5581,4009.0708,3994.4074,35.7888,0.896,214866211.0,314545698.201
20231013,000906.SH,3991.7411,4005.684,4005.8322,3979.8291,4030.1962,-38.4551,-0.9542,187679689.0,281030689.416
20231016,000906.SH,3952.3488,3992.232,3992.232,3939.6998,3991.7411,-39.3923,-0.9868,181720668.0,267222346.424
20231017,000906.SH,3965.3732,3960.1835,3970.0194,3944.1151,3952.3488,13.0244,0.3295,183261925.0,252116633.016
20231018,000906.SH,3929.0793,3956.9378,3956.9378,3926.8916,3965.3732,-36.2939,-0.9153,193499441.0,269292947.388
20231019,000906.SH,3855.8474,3906.1657,3908.9855,3855.1025,3929.0793,-73.2319,-1.8638,219815854.0,306541977.137
20231020,000906.SH,3829.9005,3839.8047,3858.548,3821.4229,3855.8474,-25.9469,-0.6729,193454720.0,277304820.771
20231023,000906.SH,3775.9824,3817.2571,3818.6083,3754.2695,3829.9005,-53.9181,-1.4078,199644778.0,264282631.656
20231024,000906.SH,3797.7612,3785.983,3806.1623,3759.7889,3775.9824,21.7788,0.5768,230293018.0,312719999.423
20231025,000906.SH,3816.1502,3834.0557,3846.414,3814.9702,3797.7612,18.389,0.4842,242930860.0,333433138.207
20231026,000906.SH,3828.1914,3795.712,3830.3976,3787.8189,3816.1502,12.0412,0.3155,207628610.0,292981510.911
20231027,000906.SH,3884.2509,3815.5872,3899.55,3809.2119,3828.1914,56.0595,1.4644,232767912.0,357078219.757
20231030,000906.SH,3911.5234,3876.2142,3921.0792,3875.8776,3884.2509,27.2725,0.7021,267044611.0,396039979.499
20231031,000906.SH,3899.0949,3910.0084,3910.4036,3880.7404,3911.5234,-12.4285,-0.3177,218266642.0,323844726.883
20231101,000906.SH,3894.5266,3927.1052,3927.6429,3887.0295,3899.0949,-4.5683,-0.1172,184831323.0,288583006.038
20231102,000906.SH,3871.6295,3902.6492,3918.2923,3870.9947,3894.5266,-22.8971,-0.5879,180562288.0,251260841.438
20231103,000906.SH,3905.158,3875.6239,3919.0505,3875.6239,3871.6295,33.5285,0.866,195532676.0,279875925.033
20231106,000906.SH,3961.7029,3931.8307,3964.9863,3926.2074,3905.158,56.5449,1.448,292223510.0,411130847.132
20231107,000906.SH,3952.4709,3952.6381,3963.0971,3936.4564,3961.7029,-9.232,-0.233,230867912.0,330332442.135
20231108,000906.SH,3944.9053,3943.6269,3962.5184,3923.783,3952.4709,-7.5656,-0.1914,233588788.0,332302873.384
20231109,000906.SH,3943.3673,3937.4697,3960.2825,3932.7464,3944.9053,-1.538,-0.039,218234857.0,312394739.33
20231110,000906.SH,3918.6524,3927.1505,3928.4769,3906.1678,3943.3673,-24.7149,-0.6267,196431058.0,276596595.296
20231113,000906.SH,3918.9571,3927.5798,3934.094,3898.1621,3918.6524,0.3047,0.0078,198866580.0,282655022.023
20231114,000906.SH,3925.7055,3919.8395,3941.2035,3910.9329,3918.9571,6.7484,0.1722,201957294.0,282007819.807
20231115,000906.SH,3952.2871,3962.4344,3966.6609,3941.3396,3925.7055,26.5816,0.6771,218017155.0,320796493.121
20231116,000906.SH,3913.9804,3943.9968,3948.376,3913.9804,3952.2871,-38.3067,-0.9692,182127457.0,252394292.119
20231117,000906.SH,3914.5997,3903.1549,3916.4318,3890.8828,3913.9804,0.6193,0.0158,176741549.0,241065737.929
20231120,000906.SH,3926.4886,3916.7086,3936.331,3892.0096,3914.5997,11.8889,0.3037,194185517.0,277334659.477
20231121,000906.SH,3926.8543,3937.5304,3964.3165,3921.2629,3926.4886,0.3657,0.0093,223455519.0,302662716.967
20231122,000906.SH,3884.7323,3914.1205,3920.3249,3884.7323,3926.8543,-42.122,-1.0727,189502789.0,246012987.548
20231123,000906.SH,3907.7666,3881.197,3909.0955,3869.4445,3884.7323,23.0343,0.5929,182842599.0,242651016.121
20231124,000906.SH,3879.1138,3906.3841,3906.3841,3873.348,3907.7666,-28.6528,-0.7332,186266447.0,240803103.327
20231127,000906.SH,3857.3979,3874.825,3874.825,3837.1115,3879.1138,-21.7159,-0.5598,197320966.0,263666209.154
20231128,000906.SH,3867.3174,3855.45,3868.6853,3842.5363,3857.3979,9.9195,0.2572,178709061.0,246671516.481
20231129,000906.SH,3835.9285,3867.1045,3867.4229,3830.3013,3867.3174,-31.3889,-0.8116,188350563.0,252872320.376
20231130,000906.SH,3840.7555,3832.792,3849.1004,3823.7806,3835.9285,4.827,0.1258,189192325.0,249140662.252
20231201,000906.SH,3834.0608,3838.4544,3842.6125,3800.9198,3840.7555,-6.6947,-0.1743,201902649.0,283533167.791
20231204,000906.SH,3814.3032,3834.7177,3842.1442,3814.1649,3834.0608,-19.7576,-0.5153,196463369.0,284292783.581
20231205,000906.SH,3743.0076,3803.2159,3803.2159,3742.9538,3814.3032,-71.2956,-1.8692,191770255.0,268665050.684
20231206,000906.SH,3751.2682,3735.6621,3773.6141,3731.3646,3743.0076,8.2606,0.2207,194179516.0,274227516.628
20231207,000906.SH,3744.4446,3745.7947,3757.6654,3721.3622,3751.2682,-6.8236,-0.1819,186761935.0,264571922.018
20231208,000906.SH,3754.148,3745.5647,3766.4688,3737.4766,3744.4446,9.7034,0.2591,247645828.0,343822250.273
20231211,000906.SH,3782.6667,3732.4228,3789.5058,3699.1644,3754.148,28.5187,0.7597,258232160.0,360392479.245
20231212,000906.SH,3788.8121,3774.2514,3790.2427,3770.3104,3782.6667,6.1454,0.1625,189822344.0,277619061.619
20231213,000906.SH,3731.9579,3780.5577,3780.5577,3731.9579,3788.8121,-56.8542,-1.5006,171215262.0,261920569.678
20231214,000906.SH,3714.4055,3750.9805,3764.9332,3713.4425,3731.9579,-17.5524,-0.4703,157773233.0,240245758.043
20231215,000906.SH,3698.6733,3727.4962,3747.5726,3695.0966,3714.4055,-15.7322,-0.4235,177913201.0,259538916.732
20231218,000906.SH,3676.8591,3686.3646,3706.4951,3669.7571,3698.6733,-21.8142,-0.5898,168549318.0,230357147.953
20231219,000906.SH,3679.6057,3673.0383,3694.0668,3656.2162,3676.8591,2.7466,0.0747,154131839.0,217485063.056
20231220,000906.SH,3637.1111,3680.9809,3684.3063,3637.034,3679.6057,-42.4946,-1.1549,167799965.0,227499706.1
20231221,000906.SH,3669.3926,3623.3026,3678.5975,3620.3627,3637.1111,32.2815,0.8876,184068516.0,268101822.957
20231222,000906.SH,3669.4475,3668.0088,3696.9279,3649.4607,3669.3926,0.0549,0.0015,195607136.0,276254781.917
20231225,000906.SH,3678.3406,3662.0262,3684.0193,3660.4613,3669.4475,8.8931,0.2424,140461465.0,202856478.99
20231226,000906.SH,3649.5036,3676.2103,3676.3129,3638.7071,3678.3406,-28.837,-0.784,142264942.0,202600362.33
20231227,000906.SH,3663.8698,3651.8313,3668.8286,3634.3704,3649.5036,14.3662,0.3936,169801846.0,225178368.38
20231228,000906.SH,3744.7684,3662.3251,3755.0901,3657.9312,3663.8698,80.8986,2.208,255764090.0,372751839.266
20231229,000906.SH,3766.7283,3740.929,3767.6208,3739.3845,3744.7684,21.9599,0.5864,205860697.0,306106793.57
20240102,000906.SH,3727.1128,3763.2615,3763.2615,3727.1128,3766.7283,-39.6155,-1.0517,209145472.0,290936020.138
20240103,000906.SH,3719.1435,3719.7317,3734.1181,3701.6734,3727.1128,-7.9693,-0.2138,192319080.0,264982617.561
20240104,000906.SH,3685.47,3715.3476,3715.3476,3663.8817,3719.1435,-33.6735,-0.9054,185567581.0,256523668.755
20240105,000906.SH,3657.3718,3679.3193,3706.8132,3640.9179,3685.47,-28.0982,-0.7624,215939458.0,283336234.545
20240108,000906.SH,3601.5196,3649.6059,3657.4349,3601.4821,3657.3718,-55.8522,-1.5271,201214640.0,263554436.253
20240109,000906.SH,3609.1071,3603.6116,3625.5574,3589.108,3601.5196,7.5875,0.2107,188070883.0,263236146.797
20240110,000906.SH,3592.559,3598.0037,3631.1664,3578.0857,3609.1071,-16.5481,-0.4585,165373313.0,244005457.483
20240111,000906.SH,3619.7108,3590.0311,3634.3145,3583.8419,3592.559,27.1518,0.7558,193831031.0,287130480.7
20240112,000906.SH,3607.1772,3608.6282,3638.7367,3605.3902,3619.7108,-12.5336,-0.3463,173473386.0,249807417.2
20240115,000906.SH,3602.1684,3592.7827,3631.5565,3584.0019,3607.1772,-5.0088,-0.1389,162776628.0,232359511.3
20240116,000906.SH,3617.6487,3594.548,3618.5156,3573.3603,3602.1684,15.4803,0.4297,196347037.0,267988194.8
20240117,000906.SH,3535.9875,3608.0659,3608.0659,3535.9875,3617.6487,-81.6612,-2.2573,187511577.0,261447024.5
20240118,000906.SH,3573.6416,3518.8062,3577.424,3465.1954,3535.9875,37.6541,1.0649,293660223.0,380220956.6
20240119,000906.SH,3560.6181,3560.8584,3583.162,3548.3887,3573.6416,-13.0235,-0.3644,196968791.0,283301228.4
20240122,000906.SH,3475.5007,3552.9331,3556.8014,3449.7515,3560.6181,-85.1174,-2.3905,258414120.0,341132889.0
20240123,000906.SH,3501.7677,3465.3283,3520.1145,3441.1148,3475.5007,26.267,0.7558,221956717.0,301600021.8
20240124,000906.SH,3550.7051,3516.8428,3555.5998,3450.0712,3501.7677,48.9374,1.3975,268397759.0,331719612.1
20240125,000906.SH,3629.5424,3548.095,3630.7167,3541.7312,3550.7051,78.8373,2.2203,329141380.0,400343967.0
20240126,000906.SH,3613.6461,3613.1436,3636.1453,3600.8546,3629.5424,-15.8963,-0.438,297673842.0,357377818.5
20240129,000906.SH,3571.1816,3615.8441,3631.3185,3571.1816,3613.6461,-42.4645,-1.1751,301041451.0,362533024.7
20240130,000906.SH,3502.8254,3549.5656,3567.1646,3501.946,3571.1816,-68.3562,-1.9141,243325161.0,295067043.437
20240131,000906.SH,3456.9892,3486.737,3511.6439,3447.2234,3502.8254,-45.8362,-1.3085,274236626.0,331925886.694
20240201,000906.SH,3455.4804,3441.0567,3498.9841,3426.7651,3456.9892,-1.5088,-0.0436,256988702.0,311323888.82
20240202,000906.SH,3403.371,3458.5903,3476.1715,3322.4138,3455.4804,-52.1094,-1.508,311259921.0,359448229.346
20240205,000906.SH,3400.8675,3384.4047,3453.079,3296.1182,3403.371,-2.5035,-0.0736,369001306.0,423260158.92
20240206,000906.SH,3554.6364,3379.5583,3558.9738,3376.938,3400.8675,153.7689,4.5215,375771434.0,441527219.775
20240207,000906.SH,3636.8525,3558.0144,3636.8525,3540.8613,3554.6364,82.2161,2.3129,443846866.0,510615950.703
20240208,000906.SH,3661.5309,3647.238,3698.5362,3638.3011,3636.8525,24.6784,0.6786,403653701.0,482495430.305
20240219,000906.SH,3691.1441,3698.1804,3698.1804,3654.3648,3661.5309,29.6132,0.8088,346269693.0,440479978.047
20240220,000906.SH,3696.6821,3677.8847,3702.3779,3660.5106,3691.1441,5.538,0.15,262380959.0,351701487.59
20240221,000906.SH,3733.2772,3672.8595,3786.4648,3663.0182,3696.6821,36.5951,0.9899,339751863.0,447384804.03
20240222,000906.SH,3764.1595,3727.0192,3764.1595,3722.5979,3733.2772,30.8823,0.8272,257635590.0,352644646.762
20240223,000906.SH,3770.6029,3770.5678,3781.8095,3744.398,3764.1595,6.4434,0.1712,280086277.0,378368504.291
20240226,000906.SH,3740.9679,3766.677,3777.6239,3730.6532,3770.6029,-29.635,-0.7859,295267276.0,391552507.097
20240227,000906.SH,3795.1637,3726.4363,3795.1637,3722.1458,3740.9679,54.1958,1.4487,278499997.0,401690317.981
20240228,000906.SH,3736.3527,3799.8841,3828.2188,3736.3527,3795.1637,-58.811,-1.5496,392398534.0,542436018.21
20240229,000906.SH,3819.5299,3720.8561,3819.5299,3720.8561,3736.3527,83.1772,2.2262,316734697.0,460947899.201
20240301,000906.SH,3842.9813,3819.465,3849.7937,3804.9179,3819.5299,23.4514,0.614,305007965.0,459678889.326
20240304,000906.SH,3847.263,3844.9039,3854.6287,3818.669,3842.9813,4.2817,0.1114,307173081.0,473626335.178
20240305,000906.SH,3860.1595,3828.791,3866.5101,3822.3575,3847.263,12.8965,0.3352,307238867.0,474178604.712
20240306,000906.SH,3848.2223,3849.4082,3879.693,3833.271,3860.1595,-11.9372,-0.3092,264176177.0,395137517.302
20240307,000906.SH,3817.531,3846.6442,3869.3798,3814.8804,3848.2223,-30.6913,-0.7975,287941853.0,409281716.185
20240308,000906.SH,3843.1992,3818.3476,3848.2284,3801.3856,3817.531,25.6682,0.6724,247260642.0,369382663.02
20240311,000906.SH,3895.8542,3842.6465,3895.8542,3841.5388,3843.1992,52.655,1.3701,291184557.0,460007446.905
20240312,000906.SH,3899.2332,3899.4186,3913.0626,3875.9368,3895.8542,3.379,0.0867,327758096.0,518845803.715
20240313,000906.SH,3877.4491,3897.9445,3901.2451,3865.5002,3899.2332,-21.7841,-0.5587,274336892.0,431425087.241
20240314,000906.SH,3865.1747,3876.9964,3903.2262,3844.2333,3877.4491,-12.2744,-0.3166,272850079.0,421140777.111
20240315,000906.SH,3882.8208,3856.8952,3885.3179,3835.9529,3865.1747,17.6461,0.4565,274721074.0,402710314.983
20240318,000906.SH,3923.5924,3891.8777,3923.937,3887.4464,3882.8208,40.7716,1.0501,320242076.0,486108955.742
20240319,000906.SH,3893.4398,3912.8221,3930.2503,3893.4398,3923.5924,-30.1526,-0.7685,292349026.0,436215196.741
20240320,000906.SH,3902.4958,3884.676,3905.9552,3882.0821,3893.4398,9.056,0.2326,255802227.0,380788334.308
20240321,000906.SH,3893.9078,3910.9565,3917.137,3887.1903,3902.4958,-8.588,-0.2201,260232836.0,392414880.431
20240322,000906.SH,3849.7885,3883.8988,3888.6334,3826.9983,3893.9078,-44.1193,-1.133,276323386.0,412036894.771
20240325,000906.SH,3817.6034,3840.3773,3868.983,3817.6034,3849.7885,-32.1851,-0.836,267793978.0,389998921.962
20240326,000906.SH,3830.1181,3817.7401,3835.3411,3801.2833,3817.6034,12.5147,0.3278,242677646.0,372026951.524
20240327,000906.SH,3773.4268,3825.3988,3825.55,3773.4268,3830.1181,-56.6913,-1.4801,238733904.0,346233434.175
20240328,000906.SH,3800.5332,3769.933,3834.5891,3766.9825,3773.4268,27.1064,0.7183,259652908.0,373143413.447
20240329,000906.SH,3825.4195,3796.6498,3825.6532,3796.5965,3800.5332,24.8863,0.6548,237690439.0,328323415.734
20240401,000906.SH,3893.5634,3841.1498,3895.9421,3841.1498,3825.4195,68.1439,1.7813,299511415.0,418190378.254
20240402,000906.SH,3877.817,3890.5451,3892.8711,3864.067,3893.5634,-15.7464,-0.4044,273421614.0,375987430.629
20240403,000906.SH,3866.2473,3874.7764,3878.9964,3856.2559,3877.817,-11.5697,-0.2984,269220384.0,368337295.746
20240408,000906.SH,3826.8701,3851.8942,3867.094,3826.2222,3866.2473,-39.3772,-1.0185,303892842.0,404510210.277
20240409,000906.SH,3832.7911,3823.676,3836.5212,3810.5966,3826.8701,5.921,0.1547,242971687.0,329156262.852
20240410,000906.SH,3797.1146,3827.8266,3829.2306,3779.2926,3832.7911,-35.6765,-0.9308,246698892.0,332005789.6
20240411,000906.SH,3801.6561,3775.4584,3824.2732,3775.0902,3797.1146,4.5415,0.1196,254279538.0,341584394.743
20240412,000906.SH,3774.27,3803.9674,3815.2981,3768.4868,3801.6561,-27.3861,-0.7204,247446049.0,344711322.334
20240415,000906.SH,3844.7107,3771.0575,3851.5722,3766.6562,3774.27,70.4407,1.8663,343158874.0,436741780.243
20240416,000906.SH,3786.5987,3826.3869,3838.1791,3784.3699,3844.7107,-58.112,-1.5115,338737039.0,422094471.614
20240417,000906.SH,3857.8084,3788.6782,3857.9571,3781.181,3786.5987,71.2097,1.8806,316060951.0,400648545.683
20240418,000906.SH,3863.2207,3841.7975,3900.157,3838.2351,3857.8084,5.4123,0.1403,332071786.0,428668787.427
20240419,000906.SH,3834.1104,3842.6897,3859.6376,3820.5966,3863.2207,-29.1103,-0.7535,289415720.0,382239867.257
20240422,000906.SH,3816.6592,3824.9667,3851.9447,3814.6699,3834.1104,-17.4512,-0.4552,285845924.0,379701619.606
20240423,000906.SH,3785.7895,3810.6257,3821.2403,3778.6695,3816.6592,-30.8697,-0.8088,268914625.0,352276100.321
20240424,000906.SH,3808.3602,3792.3966,3810.4292,3776.1315,3785.7895,22.5707,0.5962,239037071.0,334771014.553
20240425,000906.SH,3814.6218,3795.3383,3832.2801,3790.4141,3808.3602,6.2616,0.1644,226021652.0,312069225.286
20240426,000906.SH,3878.9892,3815.7961,3883.6373,3815.7961,3814.6218,64.3674,1.6874,370993834.0,501833921.443
20240429,000906.SH,3930.6453,3879.0399,3947.7372,3877.0433,3878.9892,51.6561,1.3317,413657437.0,570858559.084
20240430,000906.SH,3908.0132,3925.544,3935.5265,3908.0132,3930.6453,-22.6321,-0.5758,354094243.0,461817851.334
20240506,000906.SH,3967.2547,3958.5586,3976.4532,3953.2192,3908.0132,59.2415,1.5159,373809633.0,521177315.992
20240507,000906.SH,3967.8794,3967.2448,3975.994,3955.8853,3967.2547,0.6247,0.0157,301369688.0,409524092.843
20240508,000906.SH,3932.0325,3959.2658,3959.2658,3930.0846,3967.8794,-35.8469,-0.9034,253990957.0,339396457.136
20240509,000906.SH,3977.8723,3932.6713,3984.2383,3932.6713,3932.0325,45.8398,1.1658,277680247.0,386694798.693
20240510,000906.SH,3975.2647,3982.5165,3988.5019,3948.5201,3977.8723,-2.6076,-0.0656,279408566.0,377757532.015
20240513,000906.SH,3968.3727,3953.251,3979.2058,3938.26,3975.2647,-6.892,-0.1734,288895043.0,395848384.035
20240514,000906.SH,3961.3921,3971.8082,3982.7351,3950.6479,3968.3727,-6.9806,-0.1759,252400890.0,347235610.679
20240515,000906.SH,3926.4311,3955.6161,3959.6308,3923.9298,3961.3921,-34.961,-0.8825,233647753.0,313006762.993
20240516,000906.SH,3933.8138,3937.5908,3955.6815,3925.6036,3926.4311,7.3827,0.188,276738622.0,373437715.026
20240517,000906.SH,3976.5412,3931.2505,3976.5412,3921.4804,3933.8138,42.7274,1.0862,291486585.0,386974134.457
20240520,000906.SH,3992.8643,3980.739,4002.2458,3976.9052,3976.5412,16.3231,0.4105,329580871.0,443543421.394
20240521,000906.SH,3972.6692,3983.6592,3985.6049,3960.5849,3992.8643,-20.1951,-0.5058,239369475.0,320407729.537
20240522,000906.SH,3977.4028,3970.9695,3984.548,3962.5969,3972.6692,4.7336,0.1192,264972388.0,357412092.704
20240523,000906.SH,3923.337,3964.4152,3965.0205,3915.2322,3977.4028,-54.0658,-1.3593,269230559.0,349954236.051
20240524,000906.SH,3881.864,3911.9628,3937.4026,3880.2025,3923.337,-41.473,-1.0571,231355352.0,312740884.181
20240527,000906.SH,3920.1431,3888.3253,3922.351,3878.3456,3881.864,38.2791,0.9861,246915874.0,330929377.04
20240528,000906.SH,3888.5415,3916.6739,3920.7383,3884.8482,3920.1431,-31.6016,-0.8061,234497611.0,305360348.967
20240529,000906.SH,3894.3041,3887.0549,3914.7203,3881.6662,3888.5415,5.7626,0.1482,220267588.0,291835409.049
20240530,000906.SH,3875.2195,3886.8897,3906.5804,3867.0548,3894.3041,-19.0846,-0.4901,229953181.0,307827261.268
20240531,000906.SH,3863.6474,3880.0253,3899.2538,3863.6474,3875.2195,-11.5721,-0.2986,216613166.0,293727307.267
20240603,000906.SH,3864.3035,3860.1588,3881.3999,3841.9357,3863.6474,0.6561,0.017,268023107.0,352300687.152
20240604,000906.SH,3898.5731,3858.3178,3905.8275,3854.6845,3864.3035,34.2696,0.8868,232628240.0,313626577.003
20240605,000906.SH,3869.8784,3891.8701,3905.6647,3869.7579,3898.5731,-28.6947,-0.736,216699523.0,294247995.148
20240606,000906.SH,3858.6706,3878.3203,3897.6111,3849.3661,3869.8784,-11.2078,-0.2896,271261748.0,362504054.11
20240607,000906.SH,3840.4199,3864.0083,3872.9185,3815.8848,3858.6706,-18.2507,-0.473,244630504.0,331555299.617
20240611,000906.SH,3816.9265,3820.7792,3828.1625,3796.3192,3840.4199,-23.4934,-0.6117,250959422.0,338942963.873
20240612,000906.SH,3820.8132,3812.3359,3828.89,3807.9567,3816.9265,3.8867,0.1018,225879298.0,312063872.335
20240613,000906.SH,3799.2168,3823.9049,3825.6093,3792.531,3820.8132,-21.5964,-0.5652,241478226.0,337986580.128
20240614,000906.SH,3815.0314,3787.4543,3821.9155,3777.2347,3799.2168,15.8146,0.4163,305515562.0,429778078.246
20240617,000906.SH,3809.6389,3794.4653,3815.3384,3793.0273,3815.0314,-5.3925,-0.1413,245404102.0,367998259.511
20240618,000906.SH,3821.6193,3807.626,3828.5118,3807.3514,3809.6389,11.9804,0.3145,217762741.0,329215396.99
20240619,000906.SH,3796.4874,3820.6919,3820.7629,3793.9446,3821.6193,-25.1319,-0.6576,194492387.0,296530828.552
20240620,000906.SH,3762.1596,3792.3701,3802.7164,3759.2689,3796.4874,-34.3278,-0.9042,207226400.0,299578554.001
20240621,000906.SH,3757.4763,3753.8544,3769.3379,3736.9061,3762.1596,-4.6833,-0.1245,193025522.0,280827084.506
20240624,000906.SH,3721.8896,3734.3286,3757.0529,3718.5438,3757.4763,-35.5867,-0.9471,218176830.0,308896014.295
20240625,000906.SH,3698.4385,3719.8516,3729.1965,3678.9131,3721.8896,-23.4511,-0.6301,210084896.0,295570089.269
20240626,000906.SH,3729.8179,3692.1269,3736.3399,3679.8131,3698.4385,31.3794,0.8484,199293482.0,273690366.732
20240627,000906.SH,3691.5467,3715.4014,3716.0355,3690.712,3729.8179,-38.2712,-1.0261,203455288.0,271477484.195
20240628,000906.SH,3700.3495,3680.6702,3729.8722,3680.6702,3691.5467,8.8028,0.2385,241717495.0,319862058.611
20240701,000906.SH,3724.9114,3697.819,3729.0305,3684.0758,3700.3495,24.5619,0.6638,219142563.0,298839301.841
20240702,000906.SH,3709.7211,3719.8355,3730.1409,3701.1256,3724.9114,-15.1903,-0.4078,217859456.0,292007663.435
20240703,000906.SH,3695.7858,3708.7723,3715.1921,3688.3617,3709.7211,-13.9353,-0.3756,188385440.0,259156485.705
20240704,000906.SH,3667.3547,3700.9191,3714.9642,3666.3916,3695.7858,-28.4311,-0.7693,195438375.0,258248764.576
20240705,000906.SH,3661.4894,3664.332,3671.1104,3623.6022,3667.3547,-5.8653,-0.1599,199742938.0,275141201.23
20240708,000906.SH,3622.518,3651.5383,3654.8742,3615.1393,3661.4894,-38.9714,-1.0644,205782718.0,274348966.054
20240709,000906.SH,3670.4946,3616.9903,3679.8244,3601.9583,3622.518,47.9766,1.3244,243031411.0,341753386.159
20240710,000906.SH,3655.6674,3655.6935,3679.1457,3649.9793,3670.4946,-14.8272,-0.404,228156642.0,315394392.863
20240711,000906.SH,3704.9963,3684.3531,3709.8947,3670.0812,3655.6674,49.3289,1.3494,261167960.0,370678825.824
20240712,000906.SH,3704.5689,3696.0254,3713.3012,3692.526,3704.9963,-0.4274,-0.0115,228049695.0,320649815.156
20240715,000906.SH,3701.0007,3693.7534,3707.5658,3690.2509,3704.5689,-3.5682,-0.0963,205341395.0,274319626.797
20240716,000906.SH,3721.3692,3692.293,3723.0828,3689.4693,3701.0007,20.3685,0.5504,207926995.0,314104569.475
20240717,000906.SH,3716.1807,3717.1774,3731.1376,3704.3576,3721.3692,-5.1885,-0.1394,228711609.0,340763705.122
20240718,000906.SH,3735.641,3695.0703,3737.3356,3684.341,3716.1807,19.4603,0.5237,220422949.0,331067643.519
20240719,000906.SH,3749.0744,3714.8938,3754.5256,3708.1307,3735.641,13.4334,0.3596,225738720.0,340054486.597
20240722,000906.SH,3728.6325,3748.6914,3751.5338,3706.9205,3749.0744,-20.4419,-0.5453,224836795.0,327765003.565
20240723,000906.SH,3641.6575,3723.9533,3723.9533,3641.6575,3728.6325,-86.975,-2.3326,231301373.0,313435857.772
20240724,000906.SH,3613.9988,3633.6516,3653.6606,3605.0149,3641.6575,-27.6587,-0.7595,239710898.0,287911231.649
20240725,000906.SH,3598.3695,3598.7054,3612.7355,3583.8137,3613.9988,-15.6293,-0.4325,219622316.0,286016618.705
20240726,000906.SH,3619.6974,3602.8615,3629.1784,3596.3597,3598.3695,21.3279,0.5927,210667606.0,281971941.7
20240729,000906.SH,3599.6713,3616.5226,3620.1119,3598.3119,3619.6974,-20.0261,-0.5533,190889825.0,257676335.855
20240730,000906.SH,3580.764,3588.9319,3588.9319,3563.8738,3599.6713,-18.9073,-0.5253,188305546.0,251623858.104
20240731,000906.SH,3674.1012,3575.6194,3676.0457,3575.314,3580.764,93.3372,2.6066,315140096.0,404850813.514
20240801,000906.SH,3649.5489,3676.3448,3685.8145,3646.5432,3674.1012,-24.5523,-0.6683,249536857.0,325803531.306
20240802,000906.SH,3609.5401,3622.4811,3652.0504,3605.7626,3649.5489,-40.0088,-1.0963,215145100.0,285325933.005
20240805,000906.SH,3558.8653,3585.5872,3640.0541,3558.8653,3609.5401,-50.6748,-1.4039,256150665.0,347118730.215
20240806,000906.SH,3569.2651,3586.8584,3599.022,3540.9182,3558.8653,10.3998,0.2922,227115049.0,287011016.086
20240807,000906.SH,3568.2897,3565.2251,3590.4431,3554.4654,3569.2651,-0.9754,-0.0273,192073859.0,241913746.529
20240808,000906.SH,3570.1762,3558.2459,3594.1892,3542.3663,3568.2897,1.8865,0.0529,196804948.0,244847075.429
20240809,000906.SH,3554.4578,3586.5556,3598.1196,3554.4578,3570.1762,-15.7184,-0.4403,200331212.0,230909671.241
20240812,000906.SH,3548.6869,3550.5676,3562.3794,3541.566,3554.4578,-5.7709,-0.1624,169039586.0,193920749.307
20240813,000906.SH,3558.8324,3550.3718,3559.2375,3529.989,3548.6869,10.1455,0.2859,165854853.0,196360568.795
20240814,000906.SH,3526.5377,3557.1686,3557.1686,3526.5285,3558.8324,-32.2947,-0.9075,153330436.0,186490115.89
20240815,000906.SH,3558.6185,3518.3474,3579.0055,3514.9307,3526.5377,32.0808,0.9097,195739693.0,232962233.048
20240816,000906.SH,3556.3188,3559.6643,3572.4084,3548.357,3558.6185,-2.2997,-0.0646,183898663.0,217812592.896
20240819,000906.SH,3567.7591,3554.4599,3591.4549,3554.0057,3556.3188,11.4403,0.3217,192707977.0,224164032.763
20240820,000906.SH,3533.1376,3571.7518,3572.6361,3522.1651,3567.7591,-34.6215,-0.9704,193514477.0,219262270.277
20240821,000906.SH,3521.4779,3522.871,3539.7312,3511.7826,3533.1376,-11.6597,-0.33,173481661.0,204815957.382
20240822,000906.SH,3504.5885,3522.9144,3527.8208,3500.6166,3521.4779,-16.8894,-0.4796,186223372.0,225905268.279
20240823,000906.SH,3516.5463,3497.0571,3526.041,3496.8713,3504.5885,11.9578,0.3412,165304138.0,204050878.195
20240826,000906.SH,3515.5325,3520.4547,3526.0749,3502.3915,3516.5463,-1.0138,-0.0288,181109068.0,223435851.725
20240827,000906.SH,3491.196,3506.4661,3508.7158,3485.0363,3515.5325,-24.3365,-0.6923,178337362.0,208498831.509
20240828,000906.SH,3476.9886,3484.388,3493.4584,3465.5007,3491.196,-14.2074,-0.4069,175377849.0,210226860.197
20240829,000906.SH,3480.7826,3463.5236,3493.7451,3460.5192,3476.9886,3.794,0.1091,233817894.0,271170076.278
20240830,000906.SH,3531.0653,3477.5606,3567.0697,3477.5606,3480.7826,50.2827,1.4446,340288804.0,413125209.444
20240902,000906.SH,3468.5652,3518.5846,3518.5846,3468.4852,3531.0653,-62.5001,-1.77,273980870.0,310303024.196
20240903,000906.SH,3484.6099,3465.2583,3493.23,3465.2583,3468.5652,16.0447,0.4626,221486992.0,247838648.208
20240904,000906.SH,3464.8739,3463.5625,3489.2994,3461.1522,3484.6099,-19.736,-0.5664,197268167.0,228716081.172
20240905,000906.SH,3472.9192,3466.0892,3485.0456,3460.8683,3464.8739,8.0453,0.2322,177693173.0,214766831.674
20240906,000906.SH,3439.8245,3477.1876,3488.7266,3439.4746,3472.9192,-33.0947,-0.9529,178548013.0,201757295.009
20240909,000906.SH,3403.3875,3422.8383,3432.4819,3390.1266,3439.8245,-36.437,-1.0593,200617676.0,228423639.295
20240910,000906.SH,3405.7314,3404.1922,3417.1471,3372.6275,3403.3875,2.3439,0.0689,195819621.0,220622235.943
20240911,000906.SH,3399.3715,3395.4719,3411.0559,3383.7516,3405.7314,-6.3599,-0.1867,187688953.0,223221705.195
20240912,000906.SH,3384.9949,3402.7769,3419.3252,3384.6143,3399.3715,-14.3766,-0.4229,179522961.0,217303756.013
20240913,000906.SH,3365.8394,3386.9576,3400.1991,3365.8394,3384.9949,-19.1555,-0.5659,180870433.0,223159525.657
20240918,000906.SH,3377.4976,3365.3325,3386.7038,3345.4457,3365.8394,11.6582,0.3464,175712496.0,202554671.617
20240919,000906.SH,3408.3352,3386.9018,3430.3596,3356.5257,3377.4976,30.8376,0.913,241051141.0,287191013.917
20240920,000906.SH,3408.226,3404.4291,3414.6885,3381.8814,3408.3352,-0.1092,-0.0032,212376142.0,253069490.712
20240923,000906.SH,3416.917,3407.5909,3436.1261,3403.0437,3408.226,8.691,0.255,185280082.0,228981004.947
20240924,000906.SH,3564.9496,3447.9996,3565.021,3426.6018,3416.917,148.0326,4.3323,381216920.0,467826598.53
20240925,000906.SH,3612.5613,3616.5794,3685.416,3604.7545,3564.9496,47.6117,1.3356,446157773.0,539072158.691
20240926,000906.SH,3766.5261,3609.7597,3766.5261,3603.1123,3612.5613,153.9648,4.2619,473064333.0,570106203.354
20240927,000906.SH,3942.8166,3841.3975,3951.601,3824.6139,3766.5261,176.2905,4.6805,495665282.0,699339415.494
20240930,000906.SH,4296.0827,4103.8903,4315.2991,4052.0582,3942.8166,353.2661,8.9597,898920907.0,1281313476.988
20241008,000906.SH,4564.2899,4769.1142,4769.1142,4381.0687,4296.0827,268.2072,6.2431,1083414314.0,1709650760.752
20241009,000906.SH,4245.092,4467.7773,4504.6951,4228.4543,4564.2899,-319.1979,-6.9934,913425711.0,1558479592.557
20241010,000906.SH,4270.1912,4270.2051,4384.9546,4184.6145,4245.092,25.0992,0.5913,748533344.0,1108766441.566
20241011,000906.SH,4140.2935,4240.0762,4243.1306,4096.7451,4270.1912,-129.8977,-3.042,518479878.0,751747530.408
20241014,000906.SH,4225.4773,4168.9253,4243.0254,4115.0656,4140.2935,85.1838,2.0574,558187535.0,813307894.704
20241015,000906.SH,4115.6464,4204.8027,4240.564,4115.6464,4225.4773,-109.8309,-2.5993,481483467.0,711227531.354
20241016,000906.SH,4093.9427,4060.9055,4146.5574,4060.073,4115.6464,-21.7037,-0.5273,424317333.0,599727073.746
20241017,000906.SH,4051.3037,4119.0245,4149.3013,4050.8009,4093.9427,-42.639,-1.0415,415082505.0,603629454.118
20241018,000906.SH,4202.528,4044.4145,4286.1524,4034.625,4051.3037,151.2243,3.7327,600073052.0,972735838.681
20241021,000906.SH,4222.5542,4227.4919,4275.4249,4177.5923,4202.528,20.0262,0.4765,558070820.0,960075330.389
20241022,000906.SH,4249.9508,4213.2093,4261.165,4202.8786,4222.5542,27.3966,0.6488,460457021.0,755466175.934
20241023,000906.SH,4266.5415,4246.3429,4312.1769,4230.4862,4249.9508,16.5907,0.3904,519286589.0,805288555.731
20241024,000906.SH,4221.6729,4243.2614,4250.998,4204.7098,4266.5415,-44.8686,-1.0516,382414108.0,597719135.375
20241025,000906.SH,4259.3403,4225.2751,4297.107,4218.9724,4221.6729,37.6674,0.8922,447420592.0,711821558.964
20241028,000906.SH,4279.4253,4257.9308,4279.4253,4223.9697,4259.3403,20.085,0.4716,486814202.0,703113865.002
20241029,000906.SH,4234.4206,4287.7868,4307.065,4231.1302,4279.4253,-45.0047,-1.0517,492665127.0,762106525.292
20241030,000906.SH,4210.9872,4214.4992,4243.6642,4179.5056,4234.4206,-23.4334,-0.5534,471457901.0,700967136.729
20241031,000906.SH,4224.1468,4210.5487,4255.5351,4186.7621,4210.9872,13.1596,0.3125,614185921.0,892987921.53
20241101,000906.SH,4210.2986,4215.7767,4262.9653,4195.6793,4224.1468,-13.8482,-0.3278,677827122.0,905730419.098
20241104,000906.SH,4272.3648,4217.1321,4272.3648,4213.6571,4210.2986,62.0662,1.4742,515791354.0,723825473.848
20241105,000906.SH,4386.664,4266.0747,4389.6657,4254.0591,4272.3648,114.2992,2.6753,683207286.0,1022434716.018
20241106,000906.SH,4373.0022,4396.3505,4440.9677,4348.6919,4386.664,-13.6618,-0.3114,750995674.0,1141448198.589
20241107,000906.SH,4491.6079,4331.3326,4492.1959,4327.2205,4373.0022,118.6057,2.7122,759849737.0,1123960876.777
20241108,000906.SH,4455.0332,4541.3798,4552.5112,4444.2643,4491.6079,-36.5747,-0.8143,717998732.0,1158526761.381
20241111,000906.SH,4497.0211,4423.1601,4498.0286,4408.3004,4455.0332,41.9879,0.9425,623691148.0,1078934275.463
20241112,000906.SH,4448.1421,4502.2924,4546.1787,4417.1472,4497.0211,-48.879,-1.0869,630635005.0,1113065965.63
20241113,000906.SH,4467.53,4421.6144,4476.1516,4411.1634,4448.1421,19.3879,0.4359,500884772.0,860547279.446
20241114,000906.SH,4376.3813,4456.1779,4468.3038,4370.8758,4467.53,-91.1487,-2.0402,469895922.0,781493452.93
20241115,000906.SH,4290.8207,4360.918,4384.571,4290.8207,4376.3813,-85.5606,-1.9551,483625506.0,783759481.769
20241118,000906.SH,4258.8901,4304.4558,4353.0228,4237.3002,4290.8207,-31.9306,-0.7442,589305169.0,768831318.965
20241119,000906.SH,4299.5511,4262.9442,4301.3837,4205.2627,4258.8901,40.661,0.9547,484350681.0,665088700.94
20241120,000906.SH,4317.1285,4287.8716,4333.6358,4280.0027,4299.5511,17.5774,0.4088,401944597.0,608583134.71
20241121,000906.SH,4318.6258,4308.4599,4331.415,4291.1034,4317.1285,1.4973,0.0347,372324868.0,576957324.674
20241122,000906.SH,4175.5175,4311.5313,4318.9018,4175.5175,4318.6258,-143.1083,-3.3137,441352547.0,665242564.14
20241125,000906.SH,4158.6727,4184.2671,4197.9016,4116.2598,4175.5175,-16.8448,-0.4034,376708013.0,564268344.851
20241126,000906.SH,4143.868,4147.641,4187.4867,4142.0371,4158.6727,-14.8047,-0.356,297455306.0,434590000.1
20241127,000906.SH,4218.8998,4131.2588,4219.0125,4109.9353,4143.868,75.0318,1.8107,349449399.0,525161077.058
20241128,000906.SH,4182.3855,4216.2614,4222.413,4175.6541,4218.8998,-36.5143,-0.8655,322300827.0,490791160.435
20241129,000906.SH,4235.3558,4178.4859,4281.1755,4178.4859,4182.3855,52.9703,1.2665,391912257.0,618833214.863
20241202,000906.SH,4277.4252,4230.1745,4285.8317,4223.234,4235.3558,42.0694,0.9933,433471092.0,625804051.516
20241203,000906.SH,4278.6806,4277.2646,4292.2571,4245.9078,4277.4252,1.2554,0.0293,392367376.0,556642000.628
20241204,000906.SH,4251.677,4275.1711,4284.6852,4236.1333,4278.6806,-27.0036,-0.6311,390617952.0,546253361.84
20241205,000906.SH,4248.7504,4236.0539,4263.3105,4231.2829,4251.677,-2.9266,-0.0688,337076274.0,469968179.674
20241206,000906.SH,4304.5331,4250.8827,4328.1731,4246.5863,4248.7504,55.7827,1.3129,457387443.0,607352288.493
20241209,000906.SH,4293.2527,4303.3237,4327.1523,4272.1448,4304.5331,-11.2804,-0.2621,460422167.0,545521879.094
20241210,000906.SH,4324.9763,4430.1156,4435.1236,4317.9055,4293.2527,31.7236,0.7389,573991619.0,811989331.238
20241211,000906.SH,4329.8377,4315.3527,4340.5052,4314.3139,4324.9763,4.8614,0.1124,431136787.0,560724792.385
20241212,000906.SH,4371.6178,4328.8073,4375.4067,4322.7768,4329.8377,41.7801,0.9649,425275467.0,592048313.972
20241213,000906.SH,4274.2234,4343.1111,4343.1111,4273.2241,4371.6178,-97.3944,-2.2279,516681278.0,728794830.452
20241216,000906.SH,4242.934,4271.3381,4277.4087,4230.5092,4274.2234,-31.2894,-0.732,393158692.0,569409940.459
20241217,000906.SH,4239.0182,4237.0258,4278.8486,4234.3588,4242.934,-3.9158,-0.0923,354047637.0,510667613.184
20241218,000906.SH,4262.5132,4251.4973,4279.4915,4251.4973,4239.0182,23.495,0.5543,345734610.0,470107419.593
20241219,000906.SH,4267.8699,4227.3474,4277.4274,4215.2588,4262.5132,5.3567,0.1257,357612234.0,533059099.198
20241220,000906.SH,4256.535,4259.2227,4288.783,4250.4518,4267.8699,-11.3349,-0.2656,333076895.0,553275793.663
20241223,000906.SH,4242.7089,4256.9569,4288.4544,4239.3279,4256.535,-13.8261,-0.3248,367382847.0,571410472.396
20241224,000906.SH,4297.247,4245.4212,4299.306,4245.4212,4242.7089,54.5381,1.2855,328860413.0,506497398.64
20241225,000906.SH,4288.4932,4300.8855,4311.754,4267.4046,4297.247,-8.7538,-0.2037,316669879.0,490564592.161
20241226,000906.SH,4298.7474,4283.5765,4303.8998,4272.498,4288.4932,10.2542,0.2391,288744730.0,507493206.985
20241227,000906.SH,4295.8505,4299.4344,4330.9684,4286.8665,4298.7474,-2.8969,-0.0674,348354164.0,581691708.935
20241230,000906.SH,4310.2384,4290.749,4319.7898,4290.749,4295.8505,14.3879,0.3349,320178071.0,518881969.162
20241231,000906.SH,4226.3752,4308.2776,4314.5852,4226.3752,4310.2384,-83.8632,-1.9457,366087252.0,565074448.609
20250102,000906.SH,4100.8863,4222.4293,4225.0849,4072.8378,4226.3752,-125.4889,-2.9692,411661881.0,608715585.696
20250103,000906.SH,4042.5169,4106.0702,4119.481,4035.66,4100.8863,-58.3694,-1.4233,349419986.0,491555830.707
20250106,000906.SH,4037.4215,4041.9145,4058.5104,4013.4565,4042.5169,-5.0954,-0.126,297212328.0,419547214.492
20250107,000906.SH,4069.9613,4031.3175,4071.2969,4018.6281,4037.4215,32.5398,0.806,291521057.0,426692122.226
20250108,000906.SH,4060.1093,4053.8747,4084.5131,3988.4668,4069.9613,-9.852,-0.2421,333016883.0,482106962.509
20250109,000906.SH,4051.6901,4048.8559,4070.3304,4040.0013,4060.1093,-8.4192,-0.2074,259626629.0,408284870.64
20250110,000906.SH,3997.3424,4049.4784,4063.5476,3997.3424,4051.6901,-54.3477,-1.3414,267702724.0,435338312.698
20250113,000906.SH,3991.6868,3965.5813,4010.9746,3965.2375,3997.3424,-5.6556,-0.1415,256129137.0,387268494.166
20250114,000906.SH,4105.9685,3998.7915,4112.6479,3988.6351,3991.6868,114.2817,2.863,342807518.0,553545208.0
20250115,000906.SH,4076.9855,4095.1724,4100.4395,4069.8737,4105.9685,-28.983,-0.7059,279868763.0,447911048.545
20250116,000906.SH,4084.8244,4094.4848,4135.0235,4058.6956,4076.9855,7.8389,0.1923,293823956.0,488730504.403
20250117,000906.SH,4102.2239,4071.1822,4123.9602,4066.314,4084.8244,17.3995,0.426,253313136.0,429874925.321
20250120,000906.SH,4121.1821,4127.1149,4153.8646,4112.0361,4102.2239,18.9582,0.4621,275293783.0,465601556.741
20250121,000906.SH,4127.2138,4142.489,4143.529,4104.1189,4121.1821,6.0317,0.1464,267709706.0,455982486.896
20250122,000906.SH,4093.6602,4115.1866,4116.3735,4076.0472,4127.2138,-33.5536,-0.813,252630058.0,456852223.1
20250123,000906.SH,4094.7666,4129.1329,4166.9465,4094.6315,4093.6602,1.1064,0.027,343989538.0,548831832.363
20250124,000906.SH,4130.422,4084.2564,4143.5889,4084.1801,4094.7666,35.6554,0.8708,288409780.0,477333220.785
20250127,000906.SH,4106.4027,4135.6787,4150.4093,4106.4027,4130.422,-24.0193,-0.5815,283216828.0,446025969.088
20250205,000906.SH,4093.4868,4138.6288,4139.1068,4080.9779,4106.4027,-12.9159,-0.3145,312842450.0,561015714.27
20250206,000906.SH,4156.7905,4087.6898,4157.529,4086.9646,4093.4868,63.3037,1.5464,348716369.0,629014058.141
20250207,000906.SH,4212.8935,4158.2205,4243.7518,4148.5295,4156.7905,56.103,1.3497,454576570.0,815330741.869
20250210,000906.SH,4229.8304,4221.7708,4235.3433,4202.8269,4212.8935,16.9369,0.402,398203944.0,671221620.405
20250211,000906.SH,4209.7903,4233.4543,4233.4543,4196.5255,4229.8304,-20.0401,-0.4738,348495417.0,598147125.756
20250212,000906.SH,4254.6443,4200.8675,4255.0384,4195.4123,4209.7903,44.854,1.0655,359674695.0,640269462.177
20250213,000906.SH,4234.9192,4249.4361,4273.216,4234.9192,4254.6443,-19.7251,-0.4636,400767713.0,689553616.213
20250214,000906.SH,4271.344,4230.653,4274.8266,4230.653,4234.9192,36.4248,0.8601,384890714.0,667601731.119
20250217,000906.SH,4278.2377,4289.6986,4291.8293,4249.6878,4271.344,6.8937,0.1614,447489935.0,787869869.287
20250218,000906.SH,4230.2424,4271.8943,4291.5302,4216.8714,4278.2377,-47.9953,-1.1218,424366582.0,707091890.87
20250219,000906.SH,4271.5321,4223.9052,4271.9873,4222.1347,4230.2424,41.2897,0.9761,388127822.0,677640704.139
20250220,000906.SH,4265.0732,4266.6901,4276.4633,4247.9662,4271.5321,-6.4589,-0.1512,362102647.0,631857828.436
20250221,000906.SH,4323.4369,4274.6778,4325.5033,4261.5734,4265.0732,58.3637,1.3684,479717458.0,901606262.931
20250224,000906.SH,4314.1773,4318.7213,4339.147,4290.7097,4323.4369,-9.2596,-0.2142,464624416.0,837451397.955
20250225,000906.SH,4266.6803,4270.6509,4301.98,4255.6692,4314.1773,-47.497,-1.101,384942533.0,718297900.408
20250226,000906.SH,4307.6166,4273.5773,4307.6683,4268.9808,4266.6803,40.9363,0.9594,401923400.0,713723530.435
20250227,000906.SH,4309.8948,4308.2239,4320.3487,4265.5842,4307.6166,2.2782,0.0529,419540893.0,756527554.11
20250228,000906.SH,4215.6269,4289.7031,4307.8364,4210.3362,4309.8948,-94.2679,-2.1872,403327961.0,718598687.179
20250303,000906.SH,4219.2252,4226.3724,4267.1588,4200.3463,4215.6269,3.5983,0.0854,362647747.0,623013394.89
20250304,000906.SH,4226.3307,4193.6585,4231.3904,4186.0671,4219.2252,7.1055,0.1684,303773178.0,528884561.607
20250305,000906.SH,4242.6862,4228.2995,4246.3466,4211.3676,4226.3307,16.3555,0.387,321724250.0,532598509.598
20250306,000906.SH,4303.8837,4264.9267,4313.2684,4260.1454,4242.6862,61.1975,1.4424,407003767.0,717962129.506
20250307,000906.SH,4287.7188,4291.3634,4316.1594,4276.1958,4303.8837,-16.1649,-0.3756,374169524.0,641748830.345
20250310,000906.SH,4275.4958,4290.6416,4296.8686,4249.0266,4287.7188,-12.223,-0.2851,325809568.0,541088449.78
20250311,000906.SH,4291.48,4231.7777,4291.48,4230.74,4275.4958,15.9842,0.3739,318610045.0,532685559.339
20250312,000906.SH,4279.2726,4300.2295,4310.8524,4275.1997,4291.48,-12.2074,-0.2845,341495726.0,577533568.571
20250313,000906.SH,4258.0106,4276.6487,4288.0091,4238.3243,4279.2726,-21.262,-0.4969,350247160.0,548795540.016
20250314,000906.SH,4353.9947,4264.4524,4358.2966,4264.4524,4258.0106,95.9841,2.2542,435384837.0,739933359.329
20250317,000906.SH,4347.6705,4368.9591,4369.3005,4344.1823,4353.9947,-6.3242,-0.1453,346520184.0,569065088.526
20250318,000906.SH,4361.1719,4363.0618,4373.6387,4349.6133,4347.6705,13.5014,0.3105,306231539.0,529081508.939
20250319,000906.SH,4357.1619,4355.8746,4374.2664,4335.9584,4361.1719,-4.01,-0.0919,298313209.0,504947292.988
20250320,000906.SH,4321.1106,4356.6395,4357.7749,4316.2826,4357.1619,-36.0513,-0.8274,280942535.0,463870263.022
20250321,000906.SH,4256.3813,4310.4756,4328.5014,4244.6513,4321.1106,-64.7293,-1.498,340009079.0,535149617.35
20250324,000906.SH,4271.996,4257.7269,4277.2848,4233.9326,4256.3813,15.6147,0.3669,321427108.0,486145771.868
20250325,000906.SH,4265.802,4274.5024,4284.7149,4255.957,4271.996,-6.194,-0.145,287959347.0,431473325.807
20250326,000906.SH,4255.7241,4262.0488,4279.1269,4253.1577,4265.802,-10.0779,-0.2362,267866298.0,392639006.503
20250327,000906.SH,4267.8918,4246.3397,4292.3718,4232.5449,4255.7241,12.1677,0.2859,261502642.0,408764091.12
20250328,000906.SH,4246.2803,4266.043,4271.3392,4239.342,4267.8918,-21.6115,-0.5064,260618141.0,382278672.909
20250331,000906.SH,4213.0342,4233.4702,4255.4572,4192.7004,4246.2803,-33.2461,-0.7829,321054613.0,458043708.754
20250401,000906.SH,4219.9128,4219.8892,4239.8875,4212.2636,4213.0342,6.8786,0.1633,276828876.0,425369625.195
20250402,000906.SH,4218.4388,4215.8041,4238.0878,4210.3145,4219.9128,-1.474,-0.0349,225203135.0,338909594.794
20250403,000906.SH,4190.0586,4175.0249,4217.6025,4175.0249,4218.4388,-28.3802,-0.6728,277538414.0,437346821.737
20250407,000906.SH,3867.3703,3980.4997,4017.8489,3793.5545,4190.0586,-322.6883,-7.7013,549101241.0,780369188.354
20250408,000906.SH,3923.9848,3872.855,3923.9848,3856.0501,3867.3703,56.6145,1.4639,504037977.0,725896437.238
20250409,000906.SH,3974.0171,3873.7242,3978.553,3837.3678,3923.9848,50.0323,1.275,507423735.0,743288505.094
20250410,000906.SH,4032.2882,4041.7333,4061.4976,4005.5967,3974.0171,58.2711,1.4663,439215262.0,672508996.132
20250411,000906.SH,4051.6145,4022.8391,4070.4071,4008.4138,4032.2882,19.3263,0.4793,333171353.0,546194931.6
20250414,000906.SH,4067.1182,4078.6979,4087.5367,4059.6274,4051.6145,15.5037,0.3827,319949480.0,500041763.73
20250415,000906.SH,4064.1805,4064.5835,4067.1792,4040.638,4067.1182,-2.9377,-0.0722,257279747.0,390505506.188
20250416,000906.SH,4064.899,4059.0969,4066.9857,4012.1929,4064.1805,0.7185,0.0177,288896230.0,425462132.418
20250417,000906.SH,4064.4471,4045.2005,4076.0668,4042.218,4064.899,-0.4519,-0.0111,236023384.0,357295565.31
20250418,000906.SH,4065.3838,4052.8049,4073.2688,4044.2745,4064.4471,0.9367,0.023,214592767.0,312913530.909
20250421,000906.SH,4090.5961,4061.0846,4095.2167,4053.281,4065.3838,25.2123,0.6202,244467613.0,368350490.616
20250422,000906.SH,4086.4452,4085.3716,4103.8036,4083.2258,4090.5961,-4.1509,-0.1015,250354946.0,374665020.12
20250423,000906.SH,4090.8066,4106.4964,4113.1627,4083.8172,4086.4452,4.3614,0.1067,258994634.0,425108678.887
20250424,000906.SH,4083.3335,4090.9078,4110.2353,4071.8301,4090.8066,-7.4731,-0.1827,239861256.0,363382245.716
20250425,000906.SH,4089.4394,4090.8858,4107.36,4082.9839,4083.3335,6.1059,0.1495,264591933.0,392468869.893
20250428,000906.SH,4079.7171,4088.4348,4090.9892,4070.8979,4089.4394,-9.7223,-0.2377,261363184.0,378251605.601
20250429,000906.SH,4075.7144,4072.4841,4087.1187,4065.4634,4079.7171,-4.0027,-0.0981,238257621.0,355495748.302
20250430,000906.SH,4077.1505,4076.2712,4092.3074,4070.8842,4075.7144,1.4361,0.0352,282068279.0,426437046.74
20250506,000906.SH,4127.92,4103.1716,4128.2945,4093.6898,4077.1505,50.7695,1.2452,321294065.0,484997066.543
20250507,000906.SH,4148.2841,4182.6621,4186.6327,4128.0875,4127.92,20.3641,0.4933,332184056.0,513576940.272
20250508,000906.SH,4169.7353,4135.9242,4182.0928,4131.2817,4148.2841,21.4512,0.5171,261100156.0,434019912.047
20250509,000906.SH,4154.5704,4165.677,4166.4732,4144.3681,4169.7353,-15.1649,-0.3637,243328534.0,394860216.351
20250512,000906.SH,4203.6794,4176.4666,4203.7949,4168.0292,4154.5704,49.109,1.182,289156826.0,495549781.529
20250513,000906.SH,4205.9547,4232.0143,4232.0143,4199.9582,4203.6794,2.2753,0.0541,285591380.0,461838668.247
20250514,000906.SH,4246.8487,4204.1442,4267.4873,4196.0263,4205.9547,40.894,0.9723,328313774.0,507610353.691
20250515,000906.SH,4202.2781,4237.1774,4237.1774,4200.469,4246.8487,-44.5706,-1.0495,273242517.0,406601637.518
20250516,000906.SH,4187.8673,4193.2732,4201.2395,4175.2628,4202.2781,-14.4108,-0.3429,235114481.0,350717786.935
20250519,000906.SH,4179.2269,4183.3176,4186.6904,4163.2266,4187.8673,-8.6404,-0.2063,214028353.0,325986862.563
20250520,000906.SH,4201.0559,4184.5085,4213.7214,4180.6616,4179.2269,21.829,0.5223,221781849.0,353387888.375
20250521,000906.SH,4217.6264,4201.0057,4228.2086,4201.0057,4201.0559,16.5705,0.3944,225595885.0,372185117.441
20250522,000906.SH,4205.3666,4211.0859,4217.5698,4201.4881,4217.6264,-12.2598,-0.2907,216654772.0,339132294.095
20250523,000906.SH,4170.635,4201.4174,4226.0632,4170.635,4205.3666,-34.7316,-0.8259,234638617.0,381068981.166
20250526,000906.SH,4155.9502,4165.4691,4179.417,4142.9458,4170.635,-14.6848,-0.3521,206772196.0,336220395.643
20250527,000906.SH,4136.1095,4153.3713,4157.1961,4128.4574,4155.9502,-19.8407,-0.4774,193721788.0,303742453.543
20250528,000906.SH,4130.7823,4139.0058,4145.0284,4127.3994,4136.1095,-5.3272,-0.1288,183939909.0,282456200.097
20250529,000906.SH,4164.2809,4132.17,4173.3516,4127.2485,4130.7823,33.4986,0.811,223154370.0,357554695.467
20250530,000906.SH,4140.3272,4154.8667,4160.734,4131.1093,4164.2809,-23.9537,-0.5752,221572935.0,337060330.325
20250603,000906.SH,4154.2223,4131.6377,4164.2856,4131.6377,4140.3272,13.8951,0.3356,254256992.0,386779615.563
20250604,000906.SH,4175.9083,4157.3313,4182.5303,4157.3313,4154.2223,21.686,0.522,232999950.0,362051118.552
20250605,000906.SH,4188.7744,4179.4083,4194.5846,4168.7106,4175.9083,12.8661,0.3081,248101768.0,406719379.491
20250606,000906.SH,4184.4334,4188.9187,4198.6419,4178.684,4188.7744,-4.341,-0.1036,219205631.0,350057108.416
20250609,000906.SH,4201.6269,4189.4955,4212.3952,4183.536,4184.4334,17.1935,0.4109,264494913.0,433506079.691
20250610,000906.SH,4176.8413,4204.2566,4210.7425,4156.945,4201.6269,-24.7856,-0.5899,283833040.0,446627851.787
20250611,000906.SH,4206.76,4181.114,4224.6765,4181.114,4176.8413,29.9187,0.7163,266131479.0,418571376.827
20250612,000906.SH,4206.1257,4197.2179,4213.701,4184.427,4206.76,-0.6343,-0.0151,259614543.0,425633119.821
20250613,000906.SH,4172.4851,4194.4013,4201.9057,4162.0493,4206.1257,-33.6406,-0.7998,340152910.0,525182697.743
20250616,000906.SH,4185.3671,4161.1651,4187.5618,4161.1651,4172.4851,12.882,0.3087,265584493.0,417850158.692
20250617,000906.SH,4179.4523,4187.3175,4192.2079,4170.0829,4185.3671,-5.9148,-0.1413,243869150.0,380521492.83
20250618,000906.SH,4182.1773,4178.4443,4188.047,4160.5064,4179.4523,2.725,0.0652,240232465.0,385094001.046
20250619,000906.SH,4143.6716,4175.9678,4179.3349,4134.0259,4182.1773,-38.5057,-0.9207,255811792.0,397498155.594
20250620,000906.SH,4139.4889,4139.5675,4155.6919,4136.6625,4143.6716,-4.1827,-0.1009,219945786.0,348565417.88
20250623,000906.SH,4155.0207,4122.1694,4164.6646,4122.1694,4139.4889,15.5318,0.3752,245402695.0,378517210.285
20250624,000906.SH,4209.1841,4160.3588,4215.7102,4160.3588,4155.0207,54.1634,1.3036,305738444.0,486164174.217
20250625,000906.SH,4272.221,4213.8509,4275.222,4210.7816,4209.1841,63.0369,1.4976,371845981.0,600987703.152
20250626,000906.SH,4256.4066,4267.7722,4279.6706,4255.6308,4272.221,-15.8144,-0.3702,345480426.0,563326570.697
20250627,000906.SH,4241.7783,4261.7133,4287.695,4238.7019,4256.4066,-14.6283,-0.3437,393947637.0,586771219.114
20250630,000906.SH,4262.9555,4243.2457,4266.7382,4236.5617,4241.7783,21.1772,0.4993,311445383.0,515338125.485
20250701,000906.SH,4271.9295,4262.8966,4275.1089,4250.352,4262.9555,8.974,0.2105,283151727.0,449665995.833
20250702,000906.SH,4264.8285,4270.0995,4274.5666,4253.9702,4271.9295,-7.101,-0.1662,309563547.0,441618918.361
20250703,000906.SH,4289.9329,4270.0222,4294.0636,4265.7156,4264.8285,25.1044,0.5886,271074052.0,444298636.933
20250704,000906.SH,4299.1411,4288.5274,4335.351,4279.2541,4289.9329,9.2082,0.2146,322138193.0,501886127.884
20250707,000906.SH,4283.4347,4293.3203,4296.7804,4276.0272,4299.1411,-15.7064,-0.3653,268342636.0,390866092.212
20250708,000906.SH,4324.6114,4284.1426,4327.9116,4284.1426,4283.4347,41.1767,0.9613,325084038.0,509056273.122
20250709,000906.SH,4314.407,4324.3974,4341.3791,4308.7677,4324.6114,-10.2044,-0.236,338208198.0,513263232.406
20250710,000906.SH,4334.8732,4315.5498,4356.5546,4313.7205,4314.407,20.4662,0.4744,386021511.0,555473340.612
20250711,000906.SH,4346.9732,4336.5479,4393.6567,4331.3432,4334.8732,12.1,0.2791,484415872.0,707265314.275
20250714,000906.SH,4348.0956,4353.2489,4363.6264,4348.0956,4346.9732,1.1224,0.0258,397194619.0,547706792.365
20250715,000906.SH,4348.8195,4352.7387,4372.8322,4320.69,4348.0956,0.7239,0.0166,380779165.0,599601332.878
20250716,000906.SH,4339.0268,4349.2359,4362.9094,4325.3113,4348.8195,-9.7927,-0.2252,299637370.0,513721930.517
20250717,000906.SH,4373.1389,4336.6635,4373.2028,4336.6635,4339.0268,34.1121,0.7862,310941699.0,560559805.072
20250718,000906.SH,4395.6235,4379.2814,4401.219,4376.9825,4373.1389,22.4846,0.5142,339363267.0,590727155.672
20250721,000906.SH,4428.8802,4407.5034,4429.4962,4404.22,4395.6235,33.2567,0.7566,430618983.0,649946627.559
20250722,000906.SH,4465.3721,4431.261,4465.5542,4413.6974,4428.8802,36.4919,0.824,503808627.0,764535685.354
20250723,000906.SH,4462.8934,4474.4328,4502.3413,4456.8732,4465.3721,-2.4787,-0.0555,558884050.0,781391138.403
20250724,000906.SH,4504.5148,4460.7465,4504.7245,4458.3611,4462.8934,41.6214,0.9326,587987956.0,807187986.53
20250725,000906.SH,4488.1211,4502.2935,4508.5358,4477.1624,4504.5148,-16.3937,-0.3639,510650291.0,734813586.515
20250728,000906.SH,4499.5311,4490.0084,4508.3102,4471.9319,4488.1211,11.41,0.2542,437208083.0,712002971.985
20250729,000906.SH,4518.6474,4494.1438,4519.5303,4475.3227,4499.5311,19.1163,0.4249,432565509.0,721291228.569
20250730,000906.SH,4510.2367,4514.1575,4547.5015,4482.6881,4518.6474,-8.4107,-0.1861,461981459.0,749946932.96
20250731,000906.SH,4433.0655,4499.3373,4500.1491,4419.7312,4510.2367,-77.1712,-1.711,491301643.0,814416209.841
20250801,000906.SH,4414.0495,4427.5341,4445.4816,4395.7566,4433.0655,-19.016,-0.429,362129017.0,614164715.754
20250804,000906.SH,4435.7934,4396.1504,4435.7934,4396.1504,4414.0495,21.7439,0.4926,310867382.0,532626076.79
20250805,000906.SH,4469.813,4446.4191,4471.0934,4442.4595,4435.7934,34.0196,0.7669,333058665.0,542588967.916
20250806,000906.SH,4488.0144,4466.5845,4489.5029,4464.2293,4469.813,18.2014,0.4072,342703792.0,571445564.015
20250807,000906.SH,4485.2362,4493.2619,4501.4596,4462.2032,4488.0144,-2.7782,-0.0619,369088302.0,633008953.363
20250808,000906.SH,4474.8318,4478.4076,4493.686,4465.9466,4485.2362,-10.4044,-0.232,345678728.0,567682987.703
20250811,000906.SH,4501.6979,4481.3374,4513.3164,4477.3277,4474.8318,26.8661,0.6004,365352915.0,637719913.787
20250812,000906.SH,4523.725,4502.672,4527.9962,4498.239,4501.6979,22.0271,0.4893,345639741.0,673583768.975
20250813,000906.SH,4566.8416,4529.9429,4574.2815,4528.6375,4523.725,43.1166,0.9531,429957422.0,816283566.284
20250814,000906.SH,4549.5356,4569.7631,4604.0186,4540.3726,4566.8416,-17.306,-0.3789,450056763.0,853035487.226
20250815,000906.SH,4598.8385,4538.4731,4609.0889,4537.2902,4549.5356,49.3029,1.0837,506544807.0,900065473.238
20250818,000906.SH,4647.2189,4619.907,4681.7731,4602.5915,4598.8385,48.3804,1.052,603927331.0,1126857108.053
20250819,000906.SH,4631.9591,4648.1613,4673.151,4621.5451,4647.2189,-15.2598,-0.3284,503658047.0,998165416.872
20250820,000906.SH,4684.0789,4614.0149,4684.4539,4595.9899,4631.9591,52.1198,1.1252,490715681.0,948486687.263
20250821,000906.SH,4692.939,4696.6513,4718.7369,4675.5506,4684.0789,8.8601,0.1892,501570178.0,962643883.37
20250822,000906.SH,4787.2393,4692.3471,4787.5755,4692.3471,4692.939,94.3003,2.0094,547218717.0,1122616261.277
20250825,000906.SH,4884.5259,4829.8166,4890.1867,4816.3998,4787.2393,97.2866,2.0322,691918951.0,1398604665.709
20250826,000906.SH,4873.4951,4867.3842,4901.0627,4851.7681,4884.5259,-11.0308,-0.2258,552153777.0,1118762667.67
20250827,000906.SH,4801.2086,4878.6313,4927.9063,4801.2086,4873.4951,-72.2865,-1.4833,661194082.0,1368962421.841
20250828,000906.SH,4891.304,4793.9672,4891.7377,4771.6748,4801.2086,90.0954,1.8765,604896322.0,1303075351.312
20250829,000906.SH,4923.8672,4888.5064,4946.3946,4880.9654,4891.304,32.5632,0.6657,632854761.0,1354235500.143
20250901,000906.SH,4957.9119,4948.204,4961.1124,4915.4263,4923.8672,34.0447,0.6914,606275019.0,1306539468.058
20250902,000906.SH,4903.3653,4956.2757,4976.0097,4864.7534,4957.9119,-54.5466,-1.1002,597969105.0,1319493032.493
20250903,000906.SH,4861.331,4917.0285,4924.6325,4833.0705,4903.3653,-42.0343,-0.8573,513403484.0,1105277026.268
20250904,000906.SH,4753.6283,4865.4547,4869.6555,4706.5241,4861.331,-107.7027,-2.2155,578276503.0,1245116021.48
20250905,000906.SH,4870.2587,4755.9559,4875.851,4737.9596,4753.6283,116.6304,2.4535,490483114.0,1096125492.646
20250908,000906.SH,4890.7319,4878.2658,4898.5098,4850.1054,4870.2587,20.4732,0.4204,511812686.0,1138991463.883
20250909,000906.SH,4853.7973,4869.6066,4895.4303,4829.1659,4890.7319,-36.9346,-0.7552,447219018.0,957622717.145
20250910,000906.SH,4861.6819,4852.0824,4884.418,4825.4542,4853.7973,7.8846,0.1624,393520512.0,895206690.137
20250911,000906.SH,4979.6888,4854.9898,4979.6888,4840.2721,4861.6819,118.0069,2.4273,497215113.0,1162654975.4
20250912,000906.SH,4963.5312,4975.5986,5004.6259,4959.2861,4979.6888,-16.1576,-0.3245,533009510.0,1188935941.4
20250915,000906.SH,4970.4402,4978.1081,5003.8694,4964.4996,4963.5312,6.909,0.1392,470151402.0,1055143385.2
20250916,000906.SH,4972.7177,4978.7221,4993.708,4929.1132,4970.4402,2.2775,0.0458,491618389.0,1048938524.199
20250917,000906.SH,5007.8507,4966.6078,5010.7084,4951.4202,4972.7177,35.133,0.7065,493980921.0,1054003445.198
20250918,000906.SH,4954.1771,5001.6466,5041.0203,4903.8267,5007.8507,-53.6736,-1.0718,658449367.0,1444225869.778
20250919,000906.SH,4951.689,4955.1153,4987.7977,4938.7824,4954.1771,-2.4881,-0.0502,496551193.0,1054541176.092
20250922,000906.SH,4978.5394,4962.137,4979.0692,4934.7245,4951.689,26.8504,0.5422,428318025.0,985065166.655
20250923,000906.SH,4967.9402,4992.8231,5011.6999,4894.4786,4978.5394,-10.5992,-0.2129,534110696.0,1175582601.4
20250924,000906.SH,5031.8518,4940.7239,5032.5192,4938.9731,4967.9402,63.9116,1.2865,460547546.0,1106423769.765
20250925,000906.SH,5057.12,5030.545,5080.5817,5023.9302,5031.8518,25.2682,0.5022,465998364.0,1162913773.838
20250926,000906.SH,5003.4834,5038.3124,5062.4991,5003.4834,5057.12,-53.6366,-1.0606,419926263.0,1028921504.991
20250929,000906.SH,5080.1344,5009.4678,5106.9792,4992.0604,5003.4834,76.651,1.532,507898296.0,1127259720.936
20250930,000906.SH,5108.2652,5092.1425,5116.299,5081.4415,5080.1344,28.1308,0.5537,468687861.0,1109580476.456
20251009,000906.SH,5188.99,5136.2455,5203.1677,5123.1423,5108.2652,80.7248,1.5803,630809480.0,1397964812.74
20251010,000906.SH,5086.4978,5155.6777,5166.4889,5069.3209,5188.99,-102.4922,-1.9752,581277545.0,1294870482.388
20251013,000906.SH,5064.1243,4936.2226,5073.163,4936.2226,5086.4978,-22.3735,-0.4399,573038171.0,1187287167.214
20251014,000906.SH,4986.0433,5107.0261,5117.1019,4966.1321,5064.1243,-78.081,-1.5418,650312903.0,1314797518.644
20251015,000906.SH,5058.4977,4992.2341,5059.4597,4969.2717,4986.0433,72.4544,1.4531,502331632.0,1004785316.127
20251016,000906.SH,5056.5032,5039.9427,5091.6192,5034.6353,5058.4977,-1.9945,-0.0394,443171888.0,920404721.767
20251017,000906.SH,4932.6183,5049.3551,5060.7314,4927.6763,5056.5032,-123.8849,-2.45,456949730.0,907199858.036
20251020,000906.SH,4961.8839,4982.2842,4996.5589,4941.5242,4932.6183,29.2656,0.5933,395254597.0,820473910.605
20251021,000906.SH,5039.4407,4981.0985,5047.0352,4973.0236,4961.8839,77.5568,1.5631,421685003.0,896381548.209
20251022,000906.SH,5016.4623,5004.4723,5030.8925,4992.5108,5039.4407,-22.9784,-0.456,355077213.0,727135569.44
20251023,000906.SH,5030.2131,5001.671,5036.1708,4955.9272,5016.4623,13.7508,0.2741,389397650.0,707104618.632
