indiv_d_ts_code,indiv_d_trade_date,indiv_d_pre_close,indiv_d_open,indiv_d_high,indiv_d_low,indiv_d_close,indiv_d_change,indiv_d_pct_chg,indiv_d_vol,indiv_d_amount
510300.SH,20251023,4.695,4.687,4.719,4.642,4.713,0.018,0.3834,6993428.41,3267824.361
510300.SH,20251022,4.71,4.69,4.708,4.668,4.695,-0.015,-0.3185,5544841.98,2601506.365
510300.SH,20251021,4.64,4.656,4.723,4.652,4.71,0.07,1.5086,9598685.19,4511371.971
510300.SH,20251020,4.624,4.651,4.678,4.624,4.64,0.016,0.346,7644178.05,3554256.321
510300.SH,20251017,4.721,4.715,4.724,4.612,4.624,-0.097,-2.0546,8400582.05,3909864.092
510300.SH,20251016,4.706,4.689,4.747,4.689,4.721,0.015,0.3187,8124633.37,3835512.324
510300.SH,20251015,4.645,4.648,4.715,4.627,4.706,0.061,1.3132,9974012.76,4649845.988
510300.SH,20251014,4.692,4.725,4.74,4.62,4.645,-0.047,-1.0017,11619095.16,5445976.98
510300.SH,20251013,4.719,4.598,4.704,4.596,4.692,-0.027,-0.5722,9658361.87,4499844.601
510300.SH,20251010,4.816,4.787,4.794,4.704,4.719,-0.097,-2.0141,11746425.59,5581932.563
510300.SH,20251009,4.741,4.754,4.836,4.75,4.816,0.075,1.5819,8970906.08,4308933.449
510300.SH,20250930,4.728,4.734,4.75,4.72,4.741,0.013,0.275,7403809.27,3508639.995
510300.SH,20250929,4.651,4.648,4.755,4.64,4.728,0.077,1.6556,11954365.2,5620190.347
510300.SH,20250926,4.695,4.677,4.699,4.65,4.651,-0.044,-0.9372,7153059.37,3344592.886
510300.SH,20250925,4.663,4.663,4.718,4.657,4.695,0.032,0.6863,7713362.31,3614405.601
510300.SH,20250924,4.622,4.597,4.664,4.596,4.663,0.041,0.8871,10044858.67,4656117.026
510300.SH,20250923,4.619,4.627,4.656,4.558,4.622,0.003,0.0649,10550001.35,4859849.641
510300.SH,20250922,4.604,4.604,4.621,4.582,4.619,0.015,0.3258,6292766.23,2896946.428
510300.SH,20250919,4.594,4.59,4.633,4.587,4.604,0.01,0.2177,7316138.11,3369611.818
510300.SH,20250918,4.653,4.655,4.676,4.554,4.594,-0.059,-1.268,11873727.1,5488692.045
510300.SH,20250917,4.62,4.615,4.659,4.599,4.653,0.033,0.7143,7154078.82,3315621.289
510300.SH,20250916,4.629,4.632,4.652,4.591,4.62,-0.009,-0.1944,7889033.61,3642646.55
510300.SH,20250915,4.621,4.622,4.662,4.614,4.629,0.008,0.1731,7211915.18,3346337.207
510300.SH,20250912,4.66,4.662,4.664,4.615,4.621,-0.039,-0.8369,9158580.27,4251540.392
510300.SH,20250911,4.538,4.527,4.662,4.517,4.66,0.122,2.6884,9783418.22,4504295.39
510300.SH,20250910,4.528,4.526,4.562,4.507,4.538,0.01,0.2208,6086583.32,2761984.289
510300.SH,20250909,4.555,4.545,4.564,4.502,4.528,-0.027,-0.5928,6803545.36,3084847.254
510300.SH,20250908,4.554,4.554,4.573,4.524,4.555,0.001,0.022,10340219.93,4701185.135
510300.SH,20250905,4.456,4.45,4.563,4.442,4.554,0.098,2.1993,10603324.74,4780253.83
510300.SH,20250904,4.549,4.546,4.555,4.416,4.456,-0.093,-2.0444,14208228.33,6352441.03
510300.SH,20250903,4.59,4.592,4.609,4.52,4.549,-0.041,-0.8932,9188624.72,4187703.184
510300.SH,20250902,4.616,4.613,4.643,4.55,4.59,-0.026,-0.5633,10344121.86,4755250.317
510300.SH,20250901,4.601,4.607,4.624,4.58,4.616,0.015,0.326,11939866.71,5495420.182
510300.SH,20250829,4.559,4.55,4.613,4.54,4.601,0.042,0.9213,13550573.64,6208498.37
510300.SH,20250828,4.475,4.469,4.561,4.452,4.559,0.084,1.8771,12764156.94,5746035.433
510300.SH,20250827,4.541,4.541,4.585,4.473,4.475,-0.066,-1.4534,14126904.04,6408311.259
510300.SH,20250826,4.565,4.554,4.572,4.527,4.541,-0.024,-0.5257,11142941.46,5068845.227
510300.SH,20250825,4.479,4.501,4.572,4.497,4.565,0.086,1.9201,14560918.26,6599627.199
510300.SH,20250822,4.378,4.375,4.484,4.374,4.479,0.101,2.307,13602634.2,6031204.221
510300.SH,20250821,4.364,4.368,4.394,4.358,4.378,0.014,0.3208,9130024.68,3997377.735
510300.SH,20250820,4.305,4.295,4.365,4.267,4.364,0.059,1.3705,13784165.63,5938089.045
510300.SH,20250819,4.327,4.326,4.347,4.297,4.305,-0.022,-0.5084,7743324.31,3347920.291
510300.SH,20250818,4.295,4.298,4.36,4.285,4.327,0.032,0.7451,10092475.34,4362087.157
510300.SH,20250815,4.256,4.242,4.302,4.24,4.295,0.039,0.9164,10718339.47,4584387.161
510300.SH,20250814,4.263,4.265,4.303,4.248,4.256,-0.007,-0.1642,8879343.79,3797429.985
510300.SH,20250813,4.228,4.234,4.272,4.229,4.263,0.035,0.8278,7588408.13,3227703.467
510300.SH,20250812,4.202,4.2,4.237,4.2,4.228,0.026,0.6188,4824872.1,2036818.306
510300.SH,20250811,4.183,4.183,4.218,4.183,4.202,0.019,0.4542,6881518.92,2891923.703
510300.SH,20250808,4.193,4.188,4.201,4.175,4.183,-0.01,-0.2385,4230624.0,1771777.749
510300.SH,20250807,4.194,4.196,4.21,4.171,4.193,-0.001,-0.0238,5339656.16,2236786.69
510300.SH,20250806,4.183,4.181,4.199,4.176,4.194,0.011,0.263,4089449.07,1713095.761
510300.SH,20250805,4.152,4.154,4.185,4.151,4.183,0.031,0.7466,5480680.72,2282989.18
510300.SH,20250804,4.133,4.122,4.154,4.117,4.152,0.019,0.4597,4355672.0,1801388.564
510300.SH,20250801,4.155,4.148,4.162,4.118,4.133,-0.022,-0.5295,6115671.02,2531113.831
510300.SH,20250731,4.232,4.221,4.221,4.142,4.155,-0.077,-1.8195,11229125.75,4687659.264
510300.SH,20250730,4.235,4.227,4.265,4.207,4.232,-0.003,-0.0708,9502521.56,4023783.503
510300.SH,20250729,4.214,4.208,4.236,4.192,4.235,0.021,0.4983,8059785.53,3395606.595
510300.SH,20250728,4.203,4.203,4.223,4.186,4.214,0.011,0.2617,6027712.97,2535151.857
510300.SH,20250725,4.225,4.225,4.225,4.193,4.203,-0.022,-0.5207,8200859.76,3452281.674
510300.SH,20250724,4.199,4.195,4.228,4.19,4.225,0.026,0.6192,8852359.51,3729028.292
510300.SH,20250723,4.201,4.204,4.234,4.188,4.199,-0.002,-0.0476,9947315.31,4188253.0
510300.SH,20250722,4.157,4.159,4.203,4.142,4.201,0.044,1.0585,10821090.5,4516788.944
510300.SH,20250721,4.132,4.137,4.16,4.134,4.157,0.025,0.605,7674613.25,3184284.274
510300.SH,20250718,4.102,4.108,4.136,4.105,4.132,0.03,0.7314,7131296.16,2940955.208
510300.SH,20250717,4.069,4.069,4.103,4.068,4.102,0.033,0.811,5978225.33,2443096.232
510300.SH,20250716,4.078,4.079,4.093,4.056,4.069,-0.009,-0.2207,4791818.89,1951853.024
510300.SH,20250715,4.078,4.082,4.104,4.053,4.078,0.0,0.0,8074813.46,3292797.65
510300.SH,20250714,4.079,4.078,4.094,4.076,4.078,-0.001,-0.0245,8205478.85,3351107.668
510300.SH,20250711,4.065,4.066,4.13,4.065,4.079,0.014,0.3444,12648551.46,5184103.11
510300.SH,20250710,4.045,4.045,4.09,4.044,4.065,0.02,0.4944,6323876.67,2569715.942
510300.SH,20250709,4.048,4.048,4.069,4.04,4.045,-0.003,-0.0741,6476608.04,2626402.688
510300.SH,20250708,4.014,4.016,4.056,4.013,4.048,0.034,0.847,6122487.38,2473798.113
510300.SH,20250707,4.032,4.026,4.032,4.005,4.014,-0.018,-0.4464,4022514.4,1614976.763
510300.SH,20250704,4.015,4.011,4.065,4.004,4.032,0.017,0.4234,10525620.84,4241383.565
510300.SH,20250703,3.992,3.994,4.02,3.991,4.015,0.023,0.5762,6863819.03,2748927.253
510300.SH,20250702,3.988,3.985,3.999,3.975,3.992,0.004,0.1003,5188835.09,2069608.324
510300.SH,20250701,3.982,3.98,3.992,3.969,3.988,0.006,0.1507,6406860.95,2551468.709
510300.SH,20250630,3.963,3.961,3.985,3.956,3.982,0.019,0.4794,10819589.96,4300171.928
510300.SH,20250627,3.986,3.99,4.013,3.958,3.963,-0.023,-0.577,10696913.83,4258505.726
510300.SH,20250626,4.001,3.995,4.004,3.985,3.986,-0.015,-0.3749,9379678.72,3745893.284
510300.SH,20250625,3.936,3.939,4.003,3.935,4.001,0.065,1.6514,17241161.22,6841352.725
510300.SH,20250624,3.891,3.896,3.95,3.896,3.936,0.045,1.1565,12245548.8,4815432.117
510300.SH,20250623,3.878,3.869,3.902,3.862,3.891,0.013,0.3352,7492447.14,2908735.828
510300.SH,20250620,3.873,3.872,3.888,3.871,3.878,0.005,0.1291,4230441.4,1641824.026
510300.SH,20250619,3.904,3.898,3.899,3.863,3.873,-0.031,-0.7941,6007885.72,2331339.243
510300.SH,20250618,3.901,3.903,3.91,3.882,3.904,0.003,0.0769,4808034.1,1874167.101
510300.SH,20250617,3.99,3.991,3.997,3.974,3.989,-0.001,-0.0251,4828913.0,1925078.391
510300.SH,20250616,3.98,3.974,3.994,3.971,3.99,0.01,0.2513,6493267.44,2586770.171
510300.SH,20250613,4.006,3.998,4.002,3.967,3.98,-0.026,-0.649,6980168.32,2779843.23
510300.SH,20250612,4.004,3.998,4.013,3.98,4.006,0.002,0.05,6900871.51,2758909.222
510300.SH,20250611,3.972,3.974,4.024,3.974,4.004,0.032,0.8056,11035095.25,4422015.632
510300.SH,20250610,3.995,3.997,4.005,3.958,3.972,-0.023,-0.5757,7710517.7,3069054.93
510300.SH,20250609,3.986,3.989,4.01,3.984,3.995,0.009,0.2258,5810981.78,2322756.628
510300.SH,20250606,3.984,3.987,3.999,3.978,3.986,0.002,0.0502,4888807.95,1948178.948
510300.SH,20250605,3.974,3.978,3.994,3.967,3.984,0.01,0.2516,5319657.33,2116243.913
510300.SH,20250604,3.957,3.959,3.985,3.958,3.974,0.017,0.4296,4645433.5,1846404.388
510300.SH,20250603,3.959,3.946,3.972,3.942,3.957,-0.002,-0.0505,5967867.98,2361902.723
510300.SH,20250530,3.966,3.959,3.964,3.932,3.959,-0.007,-0.1765,7370307.41,2910576.351
510300.SH,20250529,3.942,3.945,3.979,3.939,3.966,0.024,0.6088,8910394.42,3531865.335
510300.SH,20250528,3.946,3.947,3.956,3.938,3.942,-0.004,-0.1014,5399201.66,2130111.536
510300.SH,20250527,3.967,3.965,3.969,3.939,3.946,-0.021,-0.5294,5782884.0,2285272.068
510300.SH,20250526,3.988,3.982,3.993,3.956,3.967,-0.021,-0.5266,7404857.19,2939168.237
510300.SH,20250523,4.017,4.012,4.039,3.987,3.988,-0.029,-0.7219,8450890.7,3391996.057
510300.SH,20250522,4.019,4.018,4.027,4.003,4.017,-0.002,-0.0498,4919320.09,1975447.858
510300.SH,20250521,4.003,4.004,4.031,4.003,4.019,0.016,0.3997,5606031.33,2253851.046
510300.SH,20250520,3.983,3.984,4.016,3.98,4.003,0.02,0.5021,5499874.79,2198868.086
510300.SH,20250519,3.989,3.984,3.988,3.965,3.983,-0.006,-0.1504,5562980.93,2212057.936
510300.SH,20250516,4.011,4.002,4.009,3.977,3.989,-0.022,-0.5485,7302837.31,2913902.471
510300.SH,20250515,4.045,4.038,4.041,4.004,4.011,-0.034,-0.8405,8177223.75,3287897.242
510300.SH,20250514,3.994,3.995,4.066,3.992,4.045,0.051,1.2769,12147902.18,4893477.242
510300.SH,20250513,3.99,4.011,4.012,3.988,3.994,0.004,0.1003,7934009.17,3170416.334
510300.SH,20250512,3.945,3.963,3.992,3.957,3.99,0.045,1.1407,8365002.29,3327197.559
510300.SH,20250509,3.95,3.946,3.95,3.932,3.945,-0.005,-0.1266,6933748.29,2734071.47
510300.SH,20250508,3.927,3.918,3.966,3.918,3.95,0.023,0.5857,7820057.19,3087094.214
510300.SH,20250507,3.903,3.95,3.962,3.91,3.927,0.024,0.6149,10470811.71,4110994.908
510300.SH,20250506,3.866,3.886,3.906,3.88,3.903,0.037,0.9571,7178253.09,2795762.534
510300.SH,20250430,3.869,3.87,3.886,3.864,3.866,-0.003,-0.0775,5004536.84,1937487.287
510300.SH,20250429,3.876,3.874,3.88,3.862,3.869,-0.007,-0.1806,4947349.86,1914265.261
510300.SH,20250428,3.882,3.883,3.886,3.864,3.876,-0.006,-0.1546,6247090.3,2421364.302
510300.SH,20250425,3.882,3.887,3.899,3.875,3.882,0.0,0.0,5771934.8,2243036.186
510300.SH,20250424,3.882,3.882,3.903,3.871,3.882,0.0,0.0,4873614.69,1894334.207
510300.SH,20250423,3.878,3.892,3.907,3.873,3.882,0.004,0.1031,6155040.94,2391310.228
510300.SH,20250422,3.875,3.875,3.893,3.873,3.878,0.003,0.0774,7520436.09,2919236.921
510300.SH,20250421,3.873,3.865,3.886,3.857,3.875,0.002,0.0516,7126315.13,2762708.291
510300.SH,20250418,3.863,3.857,3.879,3.847,3.873,0.01,0.2589,13780507.39,5327127.532
510300.SH,20250417,3.86,3.842,3.871,3.841,3.863,0.003,0.0777,13873405.98,5357723.628
510300.SH,20250416,3.851,3.841,3.869,3.811,3.86,0.009,0.2337,21771337.4,8373466.072
510300.SH,20250415,3.848,3.844,3.857,3.825,3.851,0.003,0.078,9817934.77,3773853.446
510300.SH,20250414,3.84,3.859,3.865,3.842,3.848,0.008,0.2083,9415709.83,3627429.751
510300.SH,20250411,3.829,3.81,3.851,3.8,3.84,0.011,0.2873,8619841.87,3298517.131
510300.SH,20250410,3.766,3.817,3.847,3.798,3.829,0.063,1.6729,14296316.63,5465041.115
510300.SH,20250409,3.73,3.695,3.774,3.678,3.766,0.036,0.9651,16982014.19,6334479.041
510300.SH,20250408,3.695,3.698,3.739,3.671,3.73,0.035,0.9472,58535332.99,21668647.143
510300.SH,20250407,3.959,3.8,3.84,3.604,3.695,-0.264,-6.6684,65609880.0,24314516.116
510300.SH,20250403,3.979,3.948,3.98,3.943,3.959,-0.02,-0.5026,11143307.92,4411676.416
510300.SH,20250402,3.982,3.983,3.996,3.971,3.979,-0.003,-0.0753,6291176.0,2505793.835
510300.SH,20250401,3.984,3.988,4.003,3.979,3.982,-0.002,-0.0502,6150155.41,2452333.015
510300.SH,20250331,4.008,4.004,4.024,3.969,3.984,-0.024,-0.5988,9021728.63,3600807.135
510300.SH,20250328,4.027,4.027,4.029,4.0,4.008,-0.019,-0.4718,7043047.91,2826192.921
510300.SH,20250327,4.013,4.011,4.05,3.995,4.027,0.014,0.3489,8015251.64,3224972.886
510300.SH,20250326,4.029,4.025,4.04,4.01,4.013,-0.016,-0.3971,7742553.85,3114333.33
510300.SH,20250325,4.027,4.028,4.039,4.017,4.029,0.002,0.0497,6115316.44,2463223.975
510300.SH,20250324,4.01,4.009,4.031,4.004,4.027,0.017,0.4239,7912220.86,3179823.658
510300.SH,20250321,4.076,4.063,4.079,4.0,4.01,-0.066,-1.6192,10149156.77,4092584.085
510300.SH,20250320,4.109,4.109,4.109,4.068,4.076,-0.033,-0.8031,8751425.61,3573521.339
510300.SH,20250319,4.103,4.098,4.121,4.084,4.109,0.006,0.1462,8798312.86,3609853.058
510300.SH,20250318,4.094,4.108,4.115,4.091,4.103,0.009,0.2198,8114043.23,3329371.908
510300.SH,20250317,4.106,4.118,4.123,4.088,4.094,-0.012,-0.2923,11330420.29,4647468.37
510300.SH,20250314,4.005,4.012,4.113,4.01,4.106,0.101,2.5218,19037183.28,7767222.868
510300.SH,20250313,4.025,4.024,4.033,3.993,4.005,-0.02,-0.4969,6410438.04,2572874.364
510300.SH,20250312,4.035,4.038,4.05,4.018,4.025,-0.01,-0.2478,6092316.81,2456951.615
510300.SH,20250311,4.023,3.994,4.036,3.99,4.035,0.012,0.2983,10029170.03,4027510.341
510300.SH,20250310,4.039,4.037,4.042,3.999,4.023,-0.016,-0.3961,14427836.88,5792520.821
510300.SH,20250307,4.049,4.04,4.061,4.03,4.039,-0.01,-0.247,11559970.84,4671741.021
510300.SH,20250306,3.994,4.015,4.062,4.011,4.049,0.055,1.3771,13710078.79,5540793.752
510300.SH,20250305,3.977,3.98,3.999,3.968,3.994,0.017,0.4275,11919016.42,4748819.507
510300.SH,20250304,3.981,3.96,3.984,3.952,3.977,-0.004,-0.1005,10121847.7,4019370.464
510300.SH,20250303,3.994,3.995,4.027,3.966,3.981,-0.013,-0.3255,11457686.13,4581300.848
510300.SH,20250228,4.067,4.049,4.065,3.982,3.994,-0.073,-1.7949,13293340.0,5343803.359
510300.SH,20250227,4.054,4.056,4.069,4.028,4.067,0.013,0.3207,11285856.42,4570197.712
510300.SH,20250226,4.021,4.028,4.055,4.019,4.054,0.033,0.8207,13456581.33,5430499.637
510300.SH,20250225,4.062,4.035,4.051,4.008,4.021,-0.041,-1.0094,8924899.91,3596194.905
510300.SH,20250224,4.075,4.07,4.089,4.041,4.062,-0.013,-0.319,15385782.18,6256202.737
510300.SH,20250221,4.021,4.032,4.08,4.02,4.075,0.054,1.3429,14372665.14,5834090.272
510300.SH,20250220,4.033,4.029,4.033,4.008,4.021,-0.012,-0.2975,10186034.98,4094980.472
510300.SH,20250219,4.012,4.005,4.041,4.0,4.033,0.021,0.5234,10190768.58,4102654.822
510300.SH,20250218,4.041,4.035,4.058,3.996,4.012,-0.029,-0.7176,12465910.63,5027787.885
510300.SH,20250217,4.034,4.044,4.053,4.012,4.041,0.007,0.1735,13341020.06,5380966.546
510300.SH,20250214,4.004,4.0,4.04,3.997,4.034,0.03,0.7493,12924286.8,5196144.834
510300.SH,20250213,4.014,4.009,4.034,3.998,4.004,-0.01,-0.2491,11758226.96,4719508.133
510300.SH,20250212,3.976,3.974,4.019,3.96,4.014,0.038,0.9557,9789536.64,3903102.518
510300.SH,20250211,3.992,3.997,3.998,3.963,3.976,-0.016,-0.4008,9990358.89,3973032.663
510300.SH,20250210,3.988,3.989,4.0,3.974,3.992,0.004,0.1003,12672645.5,5055466.09
510300.SH,20250207,3.932,3.933,4.014,3.926,3.988,0.056,1.4242,19306313.73,7669642.167
510300.SH,20250206,3.887,3.884,3.937,3.881,3.932,0.045,1.1577,13886364.82,5435915.349
510300.SH,20250205,3.907,3.93,3.934,3.879,3.887,-0.02,-0.5119,7515497.1,2927530.877
510300.SH,20250127,3.929,3.936,3.945,3.904,3.907,-0.022,-0.5599,13053849.64,5123431.141
510300.SH,20250124,3.897,3.889,3.943,3.883,3.929,0.032,0.8211,11436474.89,4485387.449
510300.SH,20250123,3.886,3.915,3.958,3.894,3.897,0.011,0.2831,10385928.39,4075002.566
510300.SH,20250122,3.922,3.916,3.916,3.868,3.886,-0.036,-0.9179,10996806.55,4270106.497
510300.SH,20250121,3.917,3.937,3.941,3.905,3.922,0.005,0.1276,7439264.4,2916284.005
510300.SH,20250120,3.898,3.921,3.949,3.908,3.917,0.019,0.4874,9202943.0,3619235.609
510300.SH,20250117,3.885,3.875,3.922,3.868,3.898,0.013,0.3346,8476992.95,3304922.19
510300.SH,20250116,3.883,3.896,3.933,3.861,3.885,0.002,0.0515,11090051.72,4322396.833
510300.SH,20250115,3.906,3.896,3.904,3.877,3.883,-0.023,-0.5888,7420496.21,2886729.493
510300.SH,20250114,3.808,3.815,3.918,3.809,3.906,0.098,2.5735,16445462.33,6369926.277
510300.SH,20250113,3.823,3.801,3.826,3.793,3.808,-0.015,-0.3924,9493947.0,3613570.705
510300.SH,20250110,3.866,3.865,3.875,3.822,3.823,-0.043,-1.1123,8265725.0,3179602.825
510300.SH,20250109,3.874,3.863,3.88,3.857,3.866,-0.008,-0.2065,8060658.05,3119907.404
510300.SH,20250108,3.88,3.87,3.899,3.815,3.874,-0.006,-0.1546,14097968.11,5440502.616
510300.SH,20250107,3.853,3.845,3.882,3.836,3.88,0.027,0.7008,9689740.0,3741067.135
510300.SH,20250106,3.869,3.865,3.873,3.828,3.853,-0.016,-0.4135,12986739.3,5000830.631
510300.SH,20250103,3.909,3.909,3.921,3.853,3.869,-0.04,-1.0233,15930225.99,6191152.281
510300.SH,20250102,4.022,4.02,4.021,3.881,3.909,-0.113,-2.8095,21729803.38,8582891.966
510300.SH,20241231,4.086,4.087,4.094,4.02,4.022,-0.064,-1.5663,18436187.88,7479851.076
510300.SH,20241230,4.067,4.066,4.093,4.065,4.086,0.019,0.4672,13119334.62,5359063.002
510300.SH,20241227,4.073,4.076,4.099,4.061,4.067,-0.006,-0.1473,10869639.1,4428609.591
510300.SH,20241226,4.072,4.072,4.079,4.056,4.073,0.001,0.0246,9470234.02,3855435.79
510300.SH,20241225,4.069,4.072,4.094,4.054,4.072,0.003,0.0737,14181375.0,5775975.676
510300.SH,20241224,4.022,4.024,4.076,4.022,4.069,0.047,1.1686,14563434.27,5907574.012
510300.SH,20241223,4.018,4.017,4.053,4.015,4.022,0.004,0.0996,14247022.0,5749434.77
510300.SH,20241220,4.03,4.024,4.045,4.012,4.018,-0.012,-0.2978,12230619.86,4921231.692
510300.SH,20241219,4.024,4.0,4.038,3.981,4.03,0.006,0.1491,9903622.11,3977931.242
510300.SH,20241218,4.007,4.02,4.039,4.015,4.024,0.017,0.4243,10236096.17,4121893.615
510300.SH,20241217,3.996,3.993,4.043,3.991,4.007,0.011,0.2753,13646692.28,5482919.074
510300.SH,20241216,4.02,4.018,4.021,3.986,3.996,-0.024,-0.597,9893230.74,3956401.792
510300.SH,20241213,4.117,4.092,4.092,4.012,4.02,-0.097,-2.3561,23465697.29,9490500.688
510300.SH,20241212,4.075,4.077,4.122,4.066,4.117,0.042,1.0307,13601804.33,5577925.837
510300.SH,20241211,4.085,4.078,4.094,4.065,4.075,-0.01,-0.2448,12587159.73,5136178.221
510300.SH,20241210,4.054,4.179,4.198,4.073,4.085,0.031,0.7647,24827953.11,10257484.391
510300.SH,20241209,4.057,4.054,4.08,4.03,4.054,-0.003,-0.0739,12464186.85,5050072.365
510300.SH,20241206,4.007,4.007,4.085,4.006,4.057,0.05,1.2478,17762293.82,7198784.38
510300.SH,20241205,4.014,4.006,4.022,3.994,4.007,-0.007,-0.1744,7595229.18,3042872.203
510300.SH,20241204,4.035,4.03,4.041,4.003,4.014,-0.021,-0.5204,10069479.18,4047901.833
510300.SH,20241203,4.031,4.03,4.052,4.005,4.035,0.004,0.0992,15244237.07,6140454.912
510300.SH,20241202,4.001,3.997,4.043,3.987,4.031,0.03,0.7498,9816347.81,3948066.718
510300.SH,20241129,3.958,3.96,4.047,3.957,4.001,0.043,1.0864,15297716.04,6126864.756
510300.SH,20241128,3.987,3.984,3.989,3.948,3.958,-0.029,-0.7274,10724072.89,4256335.685
510300.SH,20241127,3.923,3.916,3.992,3.901,3.987,0.064,1.6314,14519873.66,5739351.636
510300.SH,20241126,3.931,3.914,3.956,3.913,3.923,-0.008,-0.2035,7847078.86,3086739.74
510300.SH,20241125,3.953,3.955,3.972,3.894,3.931,-0.022,-0.5565,13590857.69,5349569.691
510300.SH,20241122,4.073,4.071,4.074,3.946,3.953,-0.12,-2.9462,17571912.5,7058103.342
510300.SH,20241121,4.068,4.06,4.082,4.048,4.073,0.005,0.1229,10454706.81,4249179.703
510300.SH,20241120,4.058,4.046,4.085,4.038,4.068,0.01,0.2464,15485304.34,6285302.021
510300.SH,20241119,4.038,4.04,4.061,3.981,4.058,0.02,0.4953,16705449.2,6731130.787
510300.SH,20241118,4.055,4.071,4.118,4.013,4.038,-0.017,-0.4192,16100925.84,6552723.785
510300.SH,20241115,4.124,4.114,4.134,4.05,4.055,-0.069,-1.6731,16769935.42,6875318.302
510300.SH,20241114,4.195,4.188,4.203,4.117,4.124,-0.071,-1.6925,14438852.6,6015521.584
510300.SH,20241113,4.169,4.15,4.206,4.146,4.195,0.026,0.6237,15727943.47,6569000.903
510300.SH,20241112,4.215,4.21,4.268,4.145,4.169,-0.046,-1.0913,23041667.76,9698713.979
510300.SH,20241111,4.194,4.152,4.219,4.13,4.215,0.021,0.5007,23043651.36,9617369.865
510300.SH,20241108,4.248,4.282,4.29,4.178,4.194,-0.054,-1.2712,28080231.6,11867165.449
510300.SH,20241107,4.111,4.08,4.25,4.076,4.248,0.137,3.3325,27887189.24,11598082.835
510300.SH,20241106,4.137,4.137,4.18,4.085,4.111,-0.026,-0.6285,21734247.6,8976072.158
510300.SH,20241105,4.032,4.024,4.139,4.01,4.137,0.105,2.6042,27630144.44,11308231.751
510300.SH,20241104,3.979,3.982,4.034,3.971,4.032,0.053,1.332,12493143.86,4997179.234
510300.SH,20241101,3.971,3.964,4.018,3.961,3.979,0.008,0.2015,18177560.19,7259471.612
510300.SH,20241031,3.971,3.969,4.007,3.938,3.971,0.0,0.0,17636492.56,7004839.523
510300.SH,20241030,4.013,4.001,4.011,3.945,3.971,-0.042,-1.0466,18128591.09,7210707.53
510300.SH,20241029,4.046,4.05,4.079,4.003,4.013,-0.033,-0.8156,17946281.59,7237339.621
510300.SH,20241028,4.04,4.035,4.047,4.0,4.046,0.006,0.1485,13963081.41,5622580.497
510300.SH,20241025,4.011,4.012,4.078,4.003,4.04,0.029,0.723,16852658.2,6801807.389
510300.SH,20241024,4.055,4.038,4.042,3.993,4.011,-0.044,-1.0851,15982487.21,6418011.399
510300.SH,20241023,4.04,4.04,4.097,4.021,4.055,0.015,0.3713,22666292.09,9196021.921
510300.SH,20241022,4.016,4.002,4.046,4.001,4.04,0.024,0.5976,16669244.99,6711416.525
510300.SH,20241021,4.016,4.017,4.06,3.98,4.016,0.0,0.0,25293363.95,10167737.315
510300.SH,20241018,3.863,3.858,4.118,3.846,4.016,0.153,3.9607,36209178.93,14349439.594
510300.SH,20241017,3.906,3.93,3.96,3.862,3.863,-0.043,-1.1009,29354356.21,11450617.81
510300.SH,20241016,3.931,3.891,3.96,3.882,3.906,-0.025,-0.636,21611196.28,8450464.021
510300.SH,20241015,4.04,4.014,4.046,3.927,3.931,-0.109,-2.698,26138707.43,10426846.503
510300.SH,20241014,3.977,3.987,4.06,3.946,4.04,0.063,1.5841,31049317.45,12444027.076
510300.SH,20241011,4.086,4.057,4.06,3.923,3.977,-0.109,-2.6676,40900777.41,16347430.929
510300.SH,20241010,4.022,4.07,4.185,3.999,4.086,0.064,1.5912,37790000.75,15473060.494
510300.SH,20241009,4.412,4.285,4.285,4.005,4.022,-0.39,-8.8395,54091965.72,22450547.643
510300.SH,20241008,4.233,4.656,4.656,4.208,4.412,0.179,4.2287,86298224.38,38303717.305
510300.SH,20240930,3.869,4.007,4.24,3.876,4.233,0.364,9.4081,63702340.83,25799279.642
510300.SH,20240927,3.64,3.7,3.933,3.67,3.869,0.229,6.2912,25594611.61,9610052.344
510300.SH,20240926,3.474,3.468,3.643,3.467,3.64,0.166,4.7784,44429621.41,15792061.339
510300.SH,20240925,3.427,3.489,3.544,3.467,3.474,0.047,1.3715,32373469.37,11342949.01
510300.SH,20240924,3.283,3.314,3.429,3.293,3.427,0.144,4.3862,39185162.17,13212614.699
510300.SH,20240923,3.274,3.269,3.3,3.263,3.283,0.009,0.2749,8973165.34,2948484.47
510300.SH,20240920,3.265,3.258,3.279,3.239,3.274,0.009,0.2757,23065619.83,7514201.387
510300.SH,20240919,3.238,3.243,3.286,3.216,3.265,0.027,0.8338,16348870.21,5332278.336
510300.SH,20240918,3.228,3.227,3.251,3.215,3.238,0.01,0.3098,12254390.69,3961249.915
510300.SH,20240913,3.243,3.245,3.257,3.227,3.228,-0.015,-0.4625,8504680.92,2758508.174
510300.SH,20240912,3.254,3.259,3.272,3.241,3.243,-0.011,-0.338,6423793.17,2090444.738
510300.SH,20240911,3.261,3.253,3.267,3.241,3.254,-0.007,-0.2147,7808901.93,2540394.225
510300.SH,20240910,3.261,3.263,3.275,3.239,3.261,0.0,0.0,8666554.38,2821540.043
510300.SH,20240909,3.302,3.292,3.296,3.25,3.261,-0.041,-1.2417,10188971.04,3333497.562
510300.SH,20240906,3.33,3.335,3.345,3.3,3.302,-0.028,-0.8408,7933157.0,2635539.673
510300.SH,20240905,3.323,3.326,3.34,3.32,3.33,0.007,0.2107,16005557.57,5326213.535
510300.SH,20240904,3.344,3.331,3.343,3.321,3.323,-0.021,-0.628,6803058.0,2264442.533
510300.SH,20240903,3.332,3.33,3.352,3.328,3.344,0.012,0.3601,12935523.08,4323110.376
510300.SH,20240902,3.392,3.381,3.383,3.33,3.332,-0.06,-1.7689,11333065.0,3798026.307
510300.SH,20240830,3.347,3.342,3.423,3.342,3.392,0.045,1.3445,17858998.11,6055678.708
510300.SH,20240829,3.357,3.349,3.362,3.34,3.347,-0.01,-0.2979,15082477.43,5052924.865
510300.SH,20240828,3.377,3.37,3.377,3.345,3.357,-0.02,-0.5922,19955802.76,6698906.857
510300.SH,20240827,3.394,3.387,3.39,3.367,3.377,-0.017,-0.5009,12142200.97,4098131.754
510300.SH,20240826,3.393,3.395,3.407,3.378,3.394,0.001,0.0295,14006799.14,4747763.549
510300.SH,20240823,3.379,3.371,3.405,3.371,3.393,0.014,0.4143,8203428.0,2781431.192
510300.SH,20240822,3.388,3.39,3.395,3.371,3.379,-0.009,-0.2656,12504794.15,4229630.78
510300.SH,20240821,3.403,3.391,3.406,3.374,3.388,-0.015,-0.4408,10553698.05,3580301.585
510300.SH,20240820,3.419,3.424,3.426,3.388,3.403,-0.016,-0.468,15944748.48,5419638.977
510300.SH,20240819,3.41,3.409,3.444,3.407,3.419,0.009,0.2639,7478253.18,2564014.063
510300.SH,20240816,3.408,3.404,3.422,3.398,3.41,0.002,0.0587,16407617.08,5598868.064
510300.SH,20240815,3.37,3.365,3.423,3.361,3.408,0.038,1.1276,19046381.08,6477429.75
510300.SH,20240814,3.394,3.395,3.395,3.369,3.37,-0.024,-0.7071,5610998.0,1895836.817
510300.SH,20240813,3.389,3.391,3.398,3.372,3.394,0.005,0.1475,6958063.0,2355493.509
510300.SH,20240812,3.393,3.391,3.402,3.383,3.389,-0.004,-0.1179,5102199.75,1730501.718
510300.SH,20240809,3.405,3.416,3.43,3.392,3.393,-0.012,-0.3524,6040535.82,2060032.809
510300.SH,20240808,3.401,3.396,3.429,3.383,3.405,0.004,0.1176,8541072.31,2910131.505
510300.SH,20240807,3.408,3.401,3.425,3.391,3.401,-0.007,-0.2054,6125437.96,2088374.404
510300.SH,20240806,3.408,3.428,3.438,3.381,3.408,0.0,0.0,12936275.3,4403870.273
510300.SH,20240805,3.447,3.431,3.474,3.407,3.408,-0.039,-1.1314,20183109.38,6920794.41
510300.SH,20240802,3.483,3.46,3.483,3.441,3.447,-0.036,-1.0336,12997733.0,4492045.041
510300.SH,20240801,3.508,3.502,3.515,3.481,3.483,-0.025,-0.7127,7965404.0,2783731.528
510300.SH,20240731,3.431,3.431,3.51,3.427,3.508,0.077,2.2442,15389083.2,5353003.146
510300.SH,20240730,3.454,3.446,3.446,3.417,3.431,-0.023,-0.6659,15250861.14,5228653.801
510300.SH,20240729,3.474,3.47,3.472,3.453,3.454,-0.02,-0.5757,5949376.0,2058113.23
510300.SH,20240726,3.459,3.46,3.483,3.452,3.474,0.015,0.4337,13579703.29,4708501.591
510300.SH,20240725,3.479,3.464,3.476,3.441,3.459,-0.02,-0.5749,20455525.35,7073298.526
510300.SH,20240724,3.501,3.495,3.509,3.466,3.479,-0.022,-0.6284,14910834.94,5196094.516
510300.SH,20240723,3.571,3.566,3.571,3.498,3.501,-0.07,-1.9602,9195337.0,3244779.189
510300.SH,20240722,3.6,3.595,3.598,3.551,3.571,-0.029,-0.8056,17163072.85,6131911.99
510300.SH,20240719,3.577,3.565,3.606,3.552,3.6,0.023,0.643,31696626.02,11368072.27
510300.SH,20240718,3.556,3.541,3.579,3.532,3.577,0.021,0.5906,19611815.0,6976289.739
510300.SH,20240717,3.551,3.549,3.57,3.54,3.556,0.005,0.1408,22565644.0,8028962.162
510300.SH,20240716,3.526,3.52,3.555,3.517,3.551,0.025,0.709,16125086.98,5710212.236
510300.SH,20240715,3.519,3.511,3.531,3.508,3.526,0.007,0.1989,12550082.24,4423002.98
510300.SH,20240712,3.509,3.511,3.524,3.505,3.519,0.01,0.285,8723693.8,3066853.429
510300.SH,20240711,3.463,3.49,3.519,3.477,3.509,0.046,1.3283,10524377.74,3685787.239
510300.SH,20240710,3.471,3.464,3.482,3.46,3.463,-0.008,-0.2305,5792821.0,2010659.819
510300.SH,20240709,3.434,3.429,3.484,3.418,3.471,0.037,1.0775,10688956.39,3689270.214
510300.SH,20240708,3.458,3.451,3.458,3.426,3.434,-0.024,-0.694,9426255.16,3240708.452
510300.SH,20240705,3.475,3.47,3.478,3.428,3.458,-0.017,-0.4892,16363845.01,5643439.643
510300.SH,20240704,3.49,3.493,3.509,3.473,3.475,-0.015,-0.4298,15599237.12,5436186.195
510300.SH,20240703,3.496,3.494,3.503,3.48,3.49,-0.006,-0.1716,7914240.29,2761083.445
510300.SH,20240702,3.501,3.494,3.511,3.489,3.496,-0.005,-0.1428,5992049.07,2097312.039
510300.SH,20240701,3.487,3.487,3.507,3.467,3.501,0.014,0.4015,8536040.2,2977313.191
510300.SH,20240628,3.48,3.474,3.511,3.473,3.487,0.007,0.2011,12755434.18,4457663.634
510300.SH,20240627,3.499,3.49,3.496,3.474,3.48,-0.019,-0.543,14337049.42,4995169.625
510300.SH,20240626,3.478,3.47,3.507,3.464,3.499,0.021,0.6038,10454895.22,3639499.501
510300.SH,20240625,3.499,3.495,3.504,3.459,3.478,-0.021,-0.6002,17384584.68,6057065.481
510300.SH,20240624,3.516,3.502,3.526,3.493,3.499,-0.017,-0.4835,20875455.29,7315197.212
510300.SH,20240621,3.522,3.517,3.525,3.493,3.516,-0.006,-0.1704,19658677.37,6909858.71
510300.SH,20240620,3.545,3.543,3.551,3.516,3.522,-0.023,-0.6488,5546557.8,1957492.953
510300.SH,20240619,3.555,3.557,3.561,3.54,3.545,-0.01,-0.2813,5308595.28,1883345.443
510300.SH,20240618,3.544,3.549,3.565,3.543,3.555,0.011,0.3104,5490352.0,1951607.303
510300.SH,20240617,3.554,3.537,3.553,3.532,3.544,-0.01,-0.2814,3930171.95,1393127.82
510300.SH,20240614,3.534,3.527,3.558,3.517,3.554,0.02,0.5659,6741039.54,2384388.229
510300.SH,20240613,3.547,3.555,3.558,3.525,3.534,-0.013,-0.3665,5488037.11,1942881.857
510300.SH,20240612,3.551,3.544,3.556,3.536,3.547,-0.004,-0.1126,5698353.11,2021361.645
510300.SH,20240611,3.576,3.567,3.569,3.533,3.551,-0.025,-0.6991,8799169.85,3120655.858
510300.SH,20240607,3.599,3.602,3.61,3.555,3.576,-0.023,-0.6391,10281271.09,3679748.332
510300.SH,20240606,3.599,3.606,3.63,3.585,3.599,0.0,0.0,10266993.23,3703349.866
510300.SH,20240605,3.612,3.613,3.622,3.597,3.599,-0.013,-0.3599,5839394.33,2108415.409
510300.SH,20240604,3.587,3.585,3.624,3.579,3.612,0.025,0.697,6817379.02,2455442.42
510300.SH,20240603,3.582,3.58,3.599,3.565,3.587,0.005,0.1396,7075115.9,2533469.501
510300.SH,20240531,3.596,3.602,3.616,3.58,3.582,-0.014,-0.3893,7232183.4,2602439.724
510300.SH,20240530,3.61,3.603,3.625,3.588,3.596,-0.014,-0.3878,7779253.03,2801007.806
510300.SH,20240529,3.609,3.608,3.633,3.601,3.61,0.001,0.0277,6152450.82,2225724.205
510300.SH,20240528,3.632,3.631,3.633,3.602,3.609,-0.023,-0.6333,5317531.98,1923959.394
510300.SH,20240527,3.602,3.605,3.634,3.601,3.632,0.03,0.8329,6696224.87,2421614.804
510300.SH,20240524,3.643,3.632,3.65,3.598,3.602,-0.041,-1.1254,8412742.0,3048259.226
510300.SH,20240523,3.68,3.671,3.674,3.631,3.643,-0.037,-1.0054,6988060.53,2548466.424
510300.SH,20240522,3.672,3.67,3.689,3.663,3.68,0.008,0.2179,6766845.56,2488949.571
510300.SH,20240521,3.684,3.679,3.683,3.66,3.672,-0.012,-0.3257,4969838.82,1824951.018
510300.SH,20240520,3.676,3.682,3.7,3.67,3.684,0.008,0.2176,9365358.96,3450627.455
510300.SH,20240517,3.635,3.635,3.679,3.623,3.676,0.041,1.1279,9320469.31,3401620.1
510300.SH,20240516,3.623,3.63,3.651,3.621,3.635,0.012,0.3312,10511975.27,3822598.483
510300.SH,20240515,3.649,3.647,3.651,3.617,3.623,-0.026,-0.7125,8559462.84,3109209.781
510300.SH,20240514,3.655,3.655,3.67,3.638,3.649,-0.006,-0.1642,5876668.0,2144402.883
510300.SH,20240513,3.658,3.637,3.666,3.619,3.655,-0.003,-0.082,7411594.42,2701728.525
510300.SH,20240510,3.656,3.663,3.67,3.631,3.658,0.002,0.0547,8650954.0,3157134.93
510300.SH,20240509,3.621,3.62,3.662,3.619,3.656,0.035,0.9666,6502023.24,2372500.248
510300.SH,20240508,3.65,3.643,3.644,3.618,3.621,-0.029,-0.7945,6387758.58,2318202.807
510300.SH,20240507,3.648,3.645,3.656,3.637,3.65,0.002,0.0548,6860183.59,2503006.857
510300.SH,20240506,3.598,3.64,3.664,3.635,3.648,0.05,1.3897,13090610.67,4778963.455
510300.SH,20240430,3.616,3.615,3.624,3.596,3.598,-0.018,-0.4978,8231090.14,2971763.282
510300.SH,20240429,3.573,3.577,3.638,3.572,3.616,0.043,1.2035,15303224.26,5523568.416
510300.SH,20240426,3.523,3.524,3.581,3.524,3.573,0.05,1.4192,13743139.59,4889467.155
510300.SH,20240425,3.513,3.503,3.537,3.495,3.523,0.01,0.2847,6647552.14,2337486.533
510300.SH,20240424,3.499,3.505,3.517,3.489,3.513,0.014,0.4001,5942319.08,2081789.894
510300.SH,20240423,3.524,3.524,3.53,3.493,3.499,-0.025,-0.7094,9428474.3,3302843.911
510300.SH,20240422,3.531,3.53,3.552,3.518,3.524,-0.007,-0.1982,7251823.62,2562064.527
510300.SH,20240419,3.559,3.545,3.554,3.518,3.531,-0.028,-0.7867,6442757.41,2277856.492
510300.SH,20240418,3.553,3.544,3.594,3.541,3.559,0.006,0.1689,9302192.67,3319194.193
510300.SH,20240417,3.507,3.507,3.557,3.491,3.553,0.046,1.3117,9964664.34,3514407.052
510300.SH,20240416,3.539,3.524,3.535,3.491,3.507,-0.032,-0.9042,9132298.47,3210005.558
510300.SH,20240415,3.466,3.466,3.545,3.464,3.539,0.073,2.1062,10999537.3,3869936.517
510300.SH,20240412,3.494,3.494,3.505,3.457,3.466,-0.028,-0.8014,7405129.12,2575786.145
510300.SH,20240411,3.497,3.481,3.513,3.475,3.494,-0.003,-0.0858,5391158.71,1884073.688
510300.SH,20240410,3.523,3.524,3.524,3.48,3.497,-0.026,-0.738,6816711.42,2385834.189
510300.SH,20240409,3.529,3.527,3.534,3.512,3.523,-0.006,-0.17,5345371.35,1882130.476
510300.SH,20240408,3.558,3.55,3.556,3.524,3.529,-0.029,-0.8151,7099486.68,2511699.15
510300.SH,20240403,3.572,3.57,3.572,3.548,3.558,-0.014,-0.3919,5983464.1,2129802.753
510300.SH,20240402,3.584,3.583,3.587,3.561,3.572,-0.012,-0.3348,5831913.82,2083908.476
510300.SH,20240401,3.526,3.54,3.594,3.539,3.584,0.058,1.6449,10932625.35,3911633.845
510300.SH,20240329,3.51,3.507,3.53,3.505,3.526,0.016,0.4558,6511958.99,2290152.714
510300.SH,20240328,3.493,3.491,3.544,3.481,3.51,0.017,0.4867,10319250.94,3626832.966
510300.SH,20240327,3.531,3.526,3.532,3.492,3.493,-0.038,-1.0762,8746474.52,3074186.8
510300.SH,20240326,3.52,3.52,3.538,3.512,3.531,0.011,0.3125,8791032.83,3098650.769
510300.SH,20240325,3.539,3.53,3.555,3.517,3.52,-0.019,-0.5369,6305426.64,2227919.111
510300.SH,20240322,3.57,3.567,3.568,3.512,3.539,-0.031,-0.8683,14506377.54,5127448.694
510300.SH,20240321,3.572,3.58,3.594,3.565,3.57,-0.002,-0.056,6197332.07,2218906.08
510300.SH,20240320,3.569,3.561,3.582,3.558,3.572,0.003,0.0841,5379620.49,1920793.104
510300.SH,20240319,3.592,3.586,3.6,3.565,3.569,-0.023,-0.6403,6548752.08,2344663.833
510300.SH,20240318,3.561,3.561,3.593,3.561,3.592,0.031,0.8705,7873329.32,2817049.387
510300.SH,20240315,3.552,3.542,3.566,3.522,3.561,0.009,0.2534,8490237.9,3005272.035
510300.SH,20240314,3.565,3.56,3.587,3.535,3.552,-0.013,-0.3647,7018811.48,2499760.281
510300.SH,20240313,3.586,3.585,3.585,3.555,3.565,-0.021,-0.5856,6858705.58,2448621.615
510300.SH,20240312,3.581,3.583,3.599,3.568,3.586,0.005,0.1396,11058395.72,3962320.648
510300.SH,20240311,3.533,3.531,3.584,3.53,3.581,0.048,1.3586,11207615.15,3980306.236
510300.SH,20240308,3.523,3.525,3.54,3.504,3.533,0.01,0.2838,8621876.98,3038389.403
510300.SH,20240307,3.542,3.541,3.56,3.515,3.523,-0.019,-0.5364,10589480.04,3740550.493
510300.SH,20240306,3.556,3.551,3.572,3.538,3.542,-0.014,-0.3937,12995274.25,4612496.593
510300.SH,20240305,3.527,3.515,3.566,3.508,3.556,0.029,0.8222,27991018.7,9924986.737
510300.SH,20240304,3.53,3.526,3.537,3.508,3.527,-0.003,-0.085,10146549.93,3576642.516
510300.SH,20240301,3.503,3.501,3.54,3.495,3.53,0.027,0.7708,12256393.13,4311480.716
510300.SH,20240229,3.448,3.44,3.507,3.437,3.503,0.055,1.5951,14835850.3,5163736.038
510300.SH,20240228,3.484,3.487,3.514,3.446,3.448,-0.036,-1.0333,28549978.84,9926190.298
510300.SH,20240227,3.443,3.435,3.486,3.433,3.484,0.041,1.1908,10468849.14,3620336.718
510300.SH,20240226,3.478,3.476,3.482,3.437,3.443,-0.035,-1.0063,11172368.48,3865703.825
510300.SH,20240223,3.475,3.475,3.497,3.464,3.478,0.003,0.0863,10908773.84,3794512.188
510300.SH,20240222,3.449,3.447,3.477,3.441,3.475,0.026,0.7538,9446351.29,3270537.309
510300.SH,20240221,3.401,3.388,3.496,3.382,3.449,0.048,1.4113,16009580.5,5528334.98
510300.SH,20240220,3.389,3.383,3.405,3.372,3.401,0.012,0.3541,9801668.18,3322077.448
510300.SH,20240219,3.362,3.374,3.392,3.355,3.389,0.027,0.8031,14861876.42,5016056.179
510300.SH,20240208,3.34,3.352,3.366,3.333,3.362,0.022,0.6587,23942619.79,8019665.628
510300.SH,20240207,3.311,3.31,3.342,3.287,3.34,0.029,0.8759,34658146.7,11514587.248
510300.SH,20240206,3.208,3.185,3.314,3.182,3.311,0.103,3.2107,20089181.68,6562526.022
510300.SH,20240205,3.188,3.158,3.234,3.111,3.208,0.02,0.6274,26601787.39,8439536.816
510300.SH,20240202,3.218,3.218,3.232,3.102,3.188,-0.03,-0.9323,25386942.15,8074716.502
510300.SH,20240201,3.222,3.2,3.248,3.19,3.218,-0.004,-0.1241,18909975.81,6091552.415
510300.SH,20240131,3.243,3.233,3.249,3.197,3.222,-0.021,-0.6475,19090997.0,6157214.385
510300.SH,20240130,3.299,3.281,3.298,3.241,3.243,-0.056,-1.6975,18892623.38,6186331.951
510300.SH,20240129,3.329,3.331,3.345,3.298,3.299,-0.03,-0.9012,10113930.3,3358335.864
510300.SH,20240126,3.335,3.328,3.35,3.312,3.329,-0.006,-0.1799,21833051.24,7273329.362
510300.SH,20240125,3.279,3.27,3.34,3.261,3.335,0.056,1.7078,16487014.09,5449682.868
510300.SH,20240124,3.228,3.239,3.28,3.188,3.279,0.051,1.5799,22789368.53,7373901.841
510300.SH,20240123,3.206,3.199,3.247,3.186,3.228,0.022,0.6862,13924803.72,4481443.569
510300.SH,20240122,3.275,3.265,3.275,3.193,3.206,-0.069,-2.1069,46470564.67,15113081.733
510300.SH,20240119,3.268,3.249,3.285,3.242,3.275,0.007,0.2142,36944521.24,12079016.731
510300.SH,20240118,3.223,3.218,3.275,3.166,3.268,0.045,1.3962,47543511.34,15257021.704
510300.SH,20240117,3.367,3.357,3.357,3.29,3.292,-0.075,-2.2275,12862151.82,4278633.103
510300.SH,20240116,3.345,3.34,3.368,3.326,3.367,0.022,0.6577,17689523.52,5925099.758
510300.SH,20240115,3.349,3.33,3.375,3.324,3.345,-0.004,-0.1194,9055706.2,3030920.178
510300.SH,20240112,3.36,3.351,3.377,3.346,3.349,-0.011,-0.3274,8413272.73,2826380.699
510300.SH,20240111,3.341,3.341,3.38,3.334,3.36,0.019,0.5687,12662371.58,4254642.486
510300.SH,20240110,3.357,3.35,3.381,3.332,3.341,-0.016,-0.4766,9582540.57,3211385.597
510300.SH,20240109,3.349,3.351,3.371,3.339,3.357,0.008,0.2389,11312178.13,3794394.933
510300.SH,20240108,3.396,3.389,3.403,3.346,3.349,-0.047,-1.384,17304243.86,5816612.453
510300.SH,20240105,3.413,3.404,3.439,3.377,3.396,-0.017,-0.4981,16996696.66,5796964.474
510300.SH,20240104,3.443,3.442,3.442,3.387,3.413,-0.03,-0.8713,16661524.81,5674869.534
510300.SH,20240103,3.453,3.446,3.46,3.428,3.443,-0.01,-0.2896,10617502.73,3654757.871
510300.SH,20240102,3.499,3.502,3.502,3.451,3.453,-0.046,-1.3147,9429305.78,3269676.679
510300.SH,20231229,3.489,3.488,3.505,3.482,3.499,0.01,0.2866,25188734.84,8806298.908
510300.SH,20231228,3.405,3.401,3.498,3.4,3.489,0.084,2.467,23832991.92,8259924.175
510300.SH,20231227,3.395,3.396,3.411,3.378,3.405,0.01,0.2946,8361724.65,2840693.989
510300.SH,20231226,3.415,3.413,3.413,3.385,3.395,-0.02,-0.5857,7771693.2,2637394.901
510300.SH,20231225,3.406,3.405,3.42,3.401,3.415,0.009,0.2642,10041465.45,3425066.434
510300.SH,20231222,3.4,3.397,3.43,3.382,3.406,0.006,0.1765,20765265.41,7076759.645
510300.SH,20231221,3.369,3.355,3.411,3.352,3.4,0.031,0.9202,15924480.74,5392955.427
510300.SH,20231220,3.4,3.404,3.409,3.365,3.369,-0.031,-0.9118,10347176.1,3505163.478
510300.SH,20231219,3.398,3.397,3.414,3.38,3.4,0.002,0.0589,10985366.29,3728059.629
510300.SH,20231218,3.412,3.398,3.419,3.38,3.398,-0.014,-0.4103,8473037.52,2880805.451
510300.SH,20231215,3.419,3.43,3.454,3.405,3.412,-0.007,-0.2047,8999767.85,3083345.817
510300.SH,20231214,3.435,3.451,3.465,3.414,3.419,-0.016,-0.4658,7415331.23,2548257.393
510300.SH,20231213,3.493,3.482,3.486,3.432,3.435,-0.058,-1.6605,7088152.11,2449237.49
510300.SH,20231212,3.485,3.476,3.495,3.473,3.493,0.008,0.2296,6407242.15,2232549.949
510300.SH,20231211,3.461,3.44,3.497,3.415,3.485,0.024,0.6934,9982478.34,3440612.626
510300.SH,20231208,3.454,3.455,3.473,3.45,3.461,0.007,0.2027,7091985.92,2456531.937
510300.SH,20231207,3.463,3.461,3.468,3.431,3.454,-0.009,-0.2599,9345058.26,3222732.043
510300.SH,20231206,3.458,3.454,3.483,3.444,3.463,0.005,0.1446,10019448.65,3471511.576
510300.SH,20231205,3.524,3.519,3.519,3.457,3.458,-0.066,-1.8729,10087895.71,3519764.103
510300.SH,20231204,3.548,3.551,3.554,3.523,3.524,-0.024,-0.6764,6925229.52,2448340.185
510300.SH,20231201,3.562,3.561,3.567,3.519,3.548,-0.014,-0.393,8604681.31,3046328.676
510300.SH,20231130,3.558,3.554,3.572,3.547,3.562,0.004,0.1124,6678100.76,2377329.01
510300.SH,20231129,3.585,3.586,3.589,3.545,3.558,-0.027,-0.7531,7590569.98,2702123.586
510300.SH,20231128,3.581,3.575,3.59,3.566,3.585,0.004,0.1117,7274837.41,2603222.024
510300.SH,20231127,3.605,3.604,3.604,3.557,3.581,-0.024,-0.6657,7762956.48,2773819.65
510300.SH,20231124,3.63,3.626,3.627,3.598,3.605,-0.025,-0.6887,7434532.94,2684275.512
510300.SH,20231123,3.611,3.609,3.632,3.595,3.63,0.019,0.5262,7749718.08,2800813.039
510300.SH,20231122,3.65,3.641,3.646,3.61,3.611,-0.039,-1.0685,7622027.06,2765607.794
510300.SH,20231121,3.645,3.655,3.686,3.64,3.65,0.005,0.1372,9316054.85,3414862.52
510300.SH,20231120,3.634,3.637,3.657,3.61,3.645,0.011,0.3027,8584303.6,3119864.711
510300.SH,20231117,3.639,3.63,3.638,3.612,3.634,-0.005,-0.1374,11984508.72,4344183.851
510300.SH,20231116,3.675,3.67,3.673,3.637,3.639,-0.036,-0.9796,8815566.65,3216526.669
510300.SH,20231115,3.65,3.68,3.691,3.663,3.675,0.025,0.6849,9940631.3,3654308.894
510300.SH,20231114,3.65,3.654,3.67,3.635,3.65,0.0,0.0,7533172.17,2750944.509
510300.SH,20231113,3.655,3.659,3.666,3.63,3.65,-0.005,-0.1368,6744633.35,2456900.62
510300.SH,20231110,3.682,3.668,3.668,3.643,3.655,-0.027,-0.7333,7841767.92,2864208.754
510300.SH,20231109,3.679,3.671,3.695,3.669,3.682,0.003,0.0815,8185694.45,3012831.353
510300.SH,20231108,3.69,3.683,3.696,3.658,3.679,-0.011,-0.2981,11353212.2,4175672.872
510300.SH,20231107,3.701,3.692,3.701,3.676,3.69,-0.011,-0.2972,6575290.91,2424393.951
510300.SH,20231106,3.653,3.675,3.705,3.674,3.701,0.048,1.314,11766495.62,4344615.629
510300.SH,20231103,3.625,3.631,3.668,3.63,3.653,0.028,0.7724,10578226.83,3863396.873
510300.SH,20231102,3.642,3.648,3.669,3.624,3.625,-0.017,-0.4668,10753815.83,3915900.772
510300.SH,20231101,3.644,3.68,3.68,3.632,3.642,-0.002,-0.0549,8119834.0,2960433.483
510300.SH,20231031,3.652,3.645,3.65,3.622,3.644,-0.008,-0.2191,8396600.29,3053046.237
510300.SH,20231030,3.636,3.622,3.663,3.62,3.652,0.016,0.44,9614013.73,3503763.582
510300.SH,20231027,3.582,3.574,3.649,3.565,3.636,0.054,1.5075,16476623.97,5952697.55
510300.SH,20231026,3.569,3.555,3.586,3.548,3.582,0.013,0.3642,11436094.97,4074940.755
510300.SH,20231025,3.549,3.588,3.603,3.567,3.569,0.02,0.5635,13833515.68,4957392.955
510300.SH,20231024,3.544,3.553,3.563,3.52,3.549,0.005,0.1411,15350129.75,5440874.384
510300.SH,20231023,3.582,3.568,3.57,3.512,3.544,-0.038,-1.0609,27102417.09,9591980.2
510300.SH,20231020,3.6,3.583,3.6,3.565,3.582,-0.018,-0.5,17404461.64,6233727.376
510300.SH,20231019,3.677,3.66,3.66,3.595,3.6,-0.077,-2.0941,16903687.77,6128588.638
510300.SH,20231018,3.705,3.699,3.703,3.675,3.677,-0.028,-0.7557,8102705.94,2986654.336
510300.SH,20231017,3.693,3.7,3.713,3.687,3.705,0.012,0.3249,8880603.0,3286594.496
510300.SH,20231016,3.736,3.736,3.738,3.682,3.693,-0.043,-1.151,11389805.84,4217878.506
510300.SH,20231013,3.771,3.75,3.751,3.724,3.736,-0.035,-0.9281,11350953.39,4239502.34
510300.SH,20231012,3.735,3.77,3.785,3.752,3.771,0.036,0.9639,9335215.69,3516113.484
510300.SH,20231011,3.727,3.745,3.762,3.727,3.735,0.008,0.2146,8934987.08,3346389.864
510300.SH,20231010,3.754,3.766,3.778,3.724,3.727,-0.027,-0.7192,9279323.76,3475885.457
510300.SH,20231009,3.764,3.757,3.768,3.713,3.754,-0.01,-0.2657,8752130.72,3273783.14
510300.SH,20230928,3.778,3.785,3.791,3.756,3.764,-0.014,-0.3706,11206123.53,4221645.459
510300.SH,20230927,3.768,3.767,3.805,3.766,3.778,0.01,0.2654,10780539.58,4074752.971
510300.SH,20230926,3.789,3.786,3.797,3.766,3.768,-0.021,-0.5542,8629084.81,3257834.057
510300.SH,20230925,3.817,3.806,3.809,3.782,3.789,-0.028,-0.7336,7009056.51,2656946.227
