indiv_din_ts_code,indiv_din_trade_date,indiv_din_total_mv,indiv_din_float_mv,indiv_din_total_share,indiv_din_float_share,indiv_din_free_share,indiv_din_turnover_rate,indiv_din_turnover_rate_f,indiv_din_pe,indiv_din_pe_ttm,indiv_din_pb
000300.SH,20251023,66714564184153.0,51183689162041.0,4324165080848.0,3273451070017.0,1107107071351.0,0.61,1.81,14.68,14.46,1.5
000300.SH,20251022,66433230687474.0,51001181947332.0,4324138967080.0,3273424956249.0,1107080957583.0,0.57,1.67,14.61,14.4,1.5
000300.SH,20251021,66372063681340.0,51006564554105.0,4324139521999.0,3273425511168.0,1107080384653.0,0.66,1.95,14.6,14.37,1.5
000300.SH,20251020,65569719513487.0,50288443002691.0,4324136165448.0,3273425489563.0,1107088402023.0,0.67,1.97,14.42,14.22,1.48
000300.SH,20251017,65183389786682.0,49980927723096.0,4323820091653.0,3273109415768.0,1105772647029.0,0.78,2.32,14.34,14.15,1.47
000300.SH,20251016,66326990326366.0,50927395040510.0,4322638125879.0,3272553986640.0,1105217217901.0,0.76,2.25,14.59,14.4,1.5
000300.SH,20251015,65872774184785.0,50622215212692.0,4322638099192.0,3272551348541.0,1105205507449.0,0.87,2.58,14.49,14.31,1.49
000300.SH,20251014,65117743790288.0,49965052573520.0,4322638009097.0,3272311479911.0,1104998810582.0,1.14,3.38,14.32,14.14,1.47
000300.SH,20251013,65324935306274.0,50218370734424.0,4322163831480.0,3271836340632.0,1104973827498.0,0.96,2.85,14.37,14.19,1.47
000300.SH,20251010,65581506754067.0,50467165161295.0,4322145567349.0,3271836255834.0,1104997276701.0,0.98,2.89,14.43,14.25,1.48
000300.SH,20251009,66364316357044.0,51172163342421.0,4320979785400.0,3270670966044.0,1103863200933.0,1.06,3.15,14.6,14.42,1.5
000300.SH,20250930,65477260340472.0,50432795628598.0,4320959424404.0,3270669728929.0,1103841466303.0,0.76,2.25,14.4,14.22,1.48
000300.SH,20250929,65305020619790.0,50280711784957.0,4320866493379.0,3270615799800.0,1103787537174.0,0.84,2.49,14.36,14.19,1.47
000300.SH,20250926,64645294243269.0,49696373007690.0,4320835177958.0,3270596652516.0,1102720120861.0,0.64,1.89,14.22,14.04,1.46
000300.SH,20250925,65066437275822.0,50070035544842.0,4320835126871.0,3270596601429.0,1102709612966.0,0.7,2.08,14.31,14.13,1.47
000300.SH,20250924,64895580940825.0,49904942415345.0,4320767042998.0,3270596517556.0,1102709529093.0,0.67,2.0,14.27,14.1,1.46
000300.SH,20250923,64513577554081.0,49593152658783.0,4320663842035.0,3270492827048.0,1102398978937.0,0.77,2.29,14.19,14.01,1.46
000300.SH,20250922,64325547685607.0,49507350429785.0,4320456982387.0,3270158103834.0,1102398698938.0,0.6,1.78,14.15,13.97,1.45
000300.SH,20250919,64272598319119.0,49363466659181.0,4320449186891.0,3270150308338.0,1102520770551.0,0.69,2.04,14.14,13.96,1.45
000300.SH,20250918,64275419584313.0,49400103232487.0,4320449075449.0,3270150196896.0,1101821483855.0,0.95,2.81,14.14,13.96,1.45
000300.SH,20250917,65184842608641.0,50047415281505.0,4320450129583.0,3270149965525.0,1101818397384.0,0.72,2.14,14.34,14.16,1.47
000300.SH,20250916,64865427762515.0,49833985188113.0,4320447330035.0,3270146985497.0,1101811192719.0,0.76,2.26,14.27,14.09,1.46
000300.SH,20250915,65063188725871.0,49865860375313.0,4320288963829.0,3266831229677.0,1098644791124.0,0.71,2.11,14.31,14.13,1.47
000300.SH,20250912,65054686823569.0,49843355982543.0,4320287864915.0,3266830957974.0,1098597668753.0,0.82,2.43,14.31,14.13,1.47
000300.SH,20250911,65281583198493.0,50088362222847.0,4317234102223.0,3266830199931.0,1099443669584.0,0.78,2.3,14.36,14.18,1.47
000300.SH,20250910,64190247144806.0,49139809435824.0,4317233986105.0,3266829594318.0,1099433255821.0,0.62,1.85,14.12,13.94,1.45
000300.SH,20250909,64002531096406.0,49027558284401.0,4316472706494.0,3266826525139.0,1099430186642.0,0.68,2.01,14.08,13.9,1.45
000300.SH,20250908,64387788786700.0,49295797525895.0,4316540367348.0,3266891185993.0,1099395245786.0,0.82,2.43,14.16,13.99,1.45
000300.SH,20250905,64338024145611.0,49241624789995.0,4316529295756.0,3266303694554.0,1099385703170.0,0.76,2.27,14.15,13.98,1.45
000300.SH,20250904,63735618840131.0,48665930168989.0,4332897158660.0,3283694740807.0,1109876259161.0,0.94,2.77,14.03,13.85,1.44
000300.SH,20250903,64462384444825.0,49311134582678.0,4332894194472.0,3283691776619.0,1109873294973.0,0.77,2.29,14.19,14.01,1.45
000300.SH,20250902,65062111130259.0,49846605038858.0,4332947418673.0,3296962894875.0,1123180665030.0,0.92,2.71,14.32,14.14,1.47
000300.SH,20250901,65041556006581.0,49957810482157.0,4332656217801.0,3296672335761.0,1109668264899.0,0.97,2.89,14.32,14.14,1.47
000300.SH,20250829,64936407307721.0,49791300838485.0,4332660145386.0,3296676394643.0,1109172389953.0,1.07,3.17,14.3,14.15,1.48
000300.SH,20250828,64505415273191.0,49412583366164.0,4332740035799.0,3295562517549.0,1109786033866.0,0.9,2.67,14.2,14.09,1.47
000300.SH,20250827,63719493407703.0,48768051010503.0,4332536996891.0,3295345245821.0,1109979375511.0,1.01,3.0,14.03,13.86,1.46
000300.SH,20250826,64795031043475.0,49591384006764.0,4332583956597.0,3295392302045.0,1110096594148.0,0.82,2.44,14.27,14.11,1.49
000300.SH,20250825,65049892432101.0,49793517387968.0,4331878461682.0,3295416165297.0,1110131428466.0,1.09,3.23,14.32,14.18,1.49
000300.SH,20250822,64068536569506.0,48928799690296.0,4331867250285.0,3295417578098.0,1110087108649.0,0.88,2.62,14.11,13.97,1.47
000300.SH,20250821,63063678946976.0,48085589109246.0,4330844517277.0,3295186807619.0,1110064500180.0,0.79,2.33,13.88,13.73,1.45
000300.SH,20250820,62748871087024.0,47865768899794.0,4330844517277.0,3295186807619.0,1110071269695.0,0.75,2.22,13.81,13.67,1.44
000300.SH,20250819,62125192927864.0,47356028285386.0,4330844517277.0,3295186807619.0,1110071269695.0,0.76,2.26,13.68,13.53,1.43
000300.SH,20250818,62229781689385.0,47388255248798.0,4330844517277.0,3295144624064.0,1110023466150.0,0.91,2.72,13.7,13.54,1.43
000300.SH,20250815,61836391979739.0,47040140892585.0,4330842055109.0,3294891556236.0,1110027163902.0,0.79,2.35,13.61,13.46,1.42
000300.SH,20250814,61669575460129.0,46848556153637.0,4330847528976.0,3294896247236.0,1110021893920.0,0.67,1.99,13.58,13.42,1.42
000300.SH,20250813,61669214827521.0,46837965768462.0,4330847419577.0,3294422550267.0,1110021784521.0,0.65,1.93,13.58,13.42,1.42
000300.SH,20250812,61475042062195.0,46615758284542.0,4330848433405.0,3294422365256.0,1110021599510.0,0.54,1.6,13.53,13.39,1.41
000300.SH,20250811,61076267484487.0,46099276939494.0,4330848394225.0,3292984183109.0,1117962363158.0,0.58,1.7,13.45,13.3,1.4
000300.SH,20250808,61080973217754.0,46038253226320.0,4330868399025.0,3293007391742.0,1117980488987.0,0.53,1.55,13.45,13.31,1.39
000300.SH,20250807,61171513147894.0,46069646519368.0,4330794176168.0,3291993171315.0,1117980428187.0,0.6,1.78,13.47,13.33,1.41
000300.SH,20250806,61061060645209.0,45979614330430.0,4330807178902.0,3291944334897.0,1118045786840.0,0.54,1.58,13.44,13.32,1.4
000300.SH,20250805,60948158684305.0,45859728916126.0,4330766297891.0,3291943933653.0,1118118281459.0,0.54,1.6,13.42,13.29,1.4
000300.SH,20250804,60365388906536.0,45411031944324.0,4330766195348.0,3291943831110.0,1118236669215.0,0.49,1.45,13.29,13.17,1.39
000300.SH,20250801,60122303225831.0,45241390205420.0,4330765923418.0,3291935254766.0,1118281092871.0,0.6,1.75,13.24,13.12,1.38
000300.SH,20250731,60448352728648.0,45498437335877.0,4330765840959.0,3291935172307.0,1118281510412.0,0.81,2.39,13.31,13.19,1.39
000300.SH,20250730,61273830186755.0,46073819429511.0,4330765624604.0,3291585385691.0,1118281239778.0,0.76,2.23,13.49,13.39,1.41
000300.SH,20250729,61093541255216.0,45934801045824.0,4330765405841.0,3291577914428.0,1118321082207.0,0.7,2.06,13.45,13.35,1.41
000300.SH,20250728,61841975108260.0,45786734615581.0,4327142671315.0,3288972419408.0,1116682932949.0,0.68,1.99,13.61,13.52,1.42
000300.SH,20250725,61799278367225.0,45731452164285.0,4327143067387.0,3288967392842.0,1116730210963.0,0.83,2.45,13.61,13.51,1.42
000300.SH,20250724,62161013369178.0,45958774875197.0,4327142764859.0,3287374969662.0,1116730287783.0,0.97,2.86,13.69,13.59,1.43
000300.SH,20250723,61949102674559.0,45765765776333.0,4327269003376.0,3287374648929.0,1116729967050.0,0.91,2.69,13.64,13.54,1.42
000300.SH,20250722,61884538326366.0,45732074004308.0,4327206541934.0,3287374344387.0,1116729662508.0,0.78,2.31,13.62,13.53,1.42
000300.SH,20250721,61519671070550.0,45413323287546.0,4327342426227.0,3287503556680.0,1116869654350.0,0.68,2.0,13.54,13.45,1.41
000300.SH,20250718,61228881567910.0,45161529336016.0,4327153261393.0,3287324301194.0,1116686059176.0,0.57,1.67,13.48,13.39,1.41
000300.SH,20250717,60896441808933.0,44883548044302.0,4327152912865.0,3287292645866.0,1116654857376.0,0.49,1.44,13.41,13.32,1.4
000300.SH,20250716,60756513300916.0,44736563714139.0,4327152670566.0,3287289980867.0,1116652192377.0,0.46,1.35,13.38,13.29,1.39
000300.SH,20250715,60894301249566.0,44869756950482.0,4327256944625.0,3287392172522.0,1116842197242.0,0.58,1.71,13.41,13.32,1.39
000300.SH,20250714,60993858801639.0,44917809348375.0,4327250317646.0,3287385545543.0,1116835570263.0,0.63,1.86,13.43,13.33,1.4
000300.SH,20250711,60914676253576.0,44835539807721.0,4327377711374.0,3287380112183.0,1116831638703.0,0.8,2.35,13.41,13.31,1.39
000300.SH,20250710,61050839951885.0,44897187875470.0,4327375481604.0,3287382350605.0,1116828132665.0,0.64,1.88,13.44,13.34,1.39
000300.SH,20250709,60721794685734.0,44643602395432.0,4326123119896.0,3287386513458.0,1116829863141.0,0.53,1.55,13.37,13.27,1.38
000300.SH,20250708,60704131671427.0,44668827138823.0,4326042187172.0,3287385580734.0,1117175300351.0,0.48,1.4,13.36,13.26,1.38
000300.SH,20250707,60354861081493.0,44352311265737.0,4326052672743.0,3287404257746.0,1117216884015.0,0.4,1.17,13.29,13.19,1.38
000300.SH,20250704,60553729188285.0,44506535335257.0,4326006044943.0,3287392897488.0,1117205523757.0,0.48,1.41,13.33,13.23,1.38
000300.SH,20250703,60225471834210.0,44263119391178.0,4326004659363.0,3287368349246.0,1117174946901.0,0.43,1.26,13.26,13.16,1.37
000300.SH,20250702,60061357592114.0,44088816483061.0,4325816969451.0,3287177399690.0,1115836997252.0,0.45,1.32,13.22,13.12,1.37
000300.SH,20250701,60029234572189.0,44045801183088.0,4325310430984.0,3285934740843.0,1116559206900.0,0.39,1.16,13.22,13.12,1.37
000300.SH,20250630,59802416342277.0,43902284931140.0,4324397219103.0,3285021528962.0,1116592307446.0,0.44,1.3,13.17,13.07,1.36
000300.SH,20250627,59603390057231.0,43752045137503.0,4324397218958.0,3284996398743.0,1116567177372.0,0.59,1.74,13.12,13.02,1.36
000300.SH,20250626,60252724186088.0,44185659449213.0,4324416922176.0,3284995468591.0,1117135146870.0,0.5,1.48,13.27,13.16,1.37
000300.SH,20250625,60283156811172.0,44276565861193.0,4312838608944.0,3285006559332.0,1120332193696.0,0.57,1.67,13.27,13.17,1.37
000300.SH,20250624,59615746325909.0,43795588245979.0,4312159398523.0,3285006212168.0,1120473553565.0,0.5,1.46,13.12,13.03,1.35
000300.SH,20250623,59050207579457.0,43334542073381.0,4311650692491.0,3284822923036.0,1120308411113.0,0.41,1.19,13.0,12.9,1.34
000300.SH,20250620,58705332883756.0,43175095624563.0,4290716715037.0,3284822103563.0,1119490548247.0,0.36,1.06,12.92,12.83,1.34
000300.SH,20250619,58574623414100.0,43107205936724.0,4290584452739.0,3284675174457.0,1119390890226.0,0.4,1.16,12.9,12.8,1.33
000300.SH,20250618,58657129147095.0,43373831308968.0,4248379742878.0,3284675174447.0,1119405819182.0,0.39,1.14,12.91,12.82,1.34
000300.SH,20250617,58502048877201.0,43282923452220.0,4248379742878.0,3284675174447.0,1119405819182.0,0.37,1.09,12.88,12.78,1.34
000300.SH,20250616,58488153210855.0,43258789963833.0,4248382382094.0,3284675126094.0,1119425478042.0,0.42,1.23,12.88,12.78,1.34
000300.SH,20250613,57882017600252.0,42988850420448.0,4215355288960.0,3266951966000.0,1109920575516.0,0.53,1.55,12.81,12.72,1.33
000300.SH,20250612,58155934713380.0,43226453468005.0,4215096862370.0,3266660045050.0,1109784272616.0,0.41,1.21,12.87,12.78,1.34
000300.SH,20250611,58265321754476.0,43267631612024.0,4215127272892.0,3266660044773.0,1109784272616.0,0.44,1.28,12.9,12.8,1.34
000300.SH,20250610,57008124292647.0,42968488230317.0,4212669672292.0,3266658044173.0,1109233430157.0,0.45,1.31,12.62,12.53,1.31
000300.SH,20250609,57206888776084.0,43131484692228.0,4212126499963.0,3266108005180.0,1109226906563.0,0.42,1.23,12.66,12.57,1.31
000300.SH,20250606,57162493606001.0,43053818985263.0,4211387512156.0,3265355600808.0,1108919852272.0,0.34,1.0,12.65,12.56,1.31
000300.SH,20250605,57175983584772.0,43046372165620.0,4210983743218.0,3264971536667.0,1108535788131.0,0.38,1.11,12.66,12.56,1.31
000300.SH,20250604,57043488973174.0,42941567830217.0,4210983515433.0,3264971478271.0,1108873418006.0,0.36,1.05,12.63,12.54,1.31
000300.SH,20250603,56887807500416.0,42805168292135.0,4211106998878.0,3264959657866.0,1111088769143.0,0.4,1.18,12.59,12.5,1.31
000300.SH,20250530,56708288416687.0,42697811944507.0,4211515974023.0,3265371840534.0,1111356032118.0,0.34,1.0,12.55,12.46,1.3
000300.SH,20250529,56830756282074.0,42837260244842.0,4211564313029.0,3265427448675.0,1111435075107.0,0.33,0.98,12.58,12.49,1.3
000300.SH,20250528,56623201367874.0,42654313789742.0,4211408962292.0,3265272987893.0,1111280614325.0,0.27,0.8,12.54,12.44,1.3
000300.SH,20250527,56662883993674.0,42646587688695.0,4211123449272.0,3265018921165.0,1111026547597.0,0.3,0.89,12.54,12.45,1.3
000300.SH,20250526,56826804044596.0,42803622587489.0,4211119316251.0,3264996294420.0,1111001769283.0,0.34,0.99,12.58,12.49,1.3
000300.SH,20250523,57096103234619.0,43025321655821.0,4210875768983.0,3264957089467.0,1110964715899.0,0.37,1.08,12.64,12.55,1.31
000300.SH,20250522,57558984579905.0,43391253836388.0,4210854400701.0,3264956057885.0,1110963684317.0,0.33,0.97,12.74,12.65,1.32
000300.SH,20250521,57561388781889.0,43385931840242.0,4210922082467.0,3265023698051.0,1111060527221.0,0.34,0.99,12.74,12.65,1.32
000300.SH,20250520,57296382780721.0,43177360225895.0,4210903038265.0,3265005621464.0,1109448281765.0,0.32,0.95,12.68,12.59,1.32
000300.SH,20250519,56999871605121.0,42995931775047.0,4210807645285.0,3265033246484.0,1109475906785.0,0.3,0.89,12.62,12.53,1.31
000300.SH,20250516,57160822811741.0,43134968306351.0,4210807238397.0,3265031860846.0,1109474521147.0,0.36,1.07,12.65,12.56,1.31
000300.SH,20250515,57498588897468.0,43410675422104.0,4210863120065.0,3265011923383.0,1109530402740.0,0.42,1.24,12.73,12.64,1.32
000300.SH,20250514,57880736958326.0,43704957879387.0,4210862444484.0,3265011247802.0,1109540129431.0,0.53,1.55,12.81,12.72,1.33
000300.SH,20250513,57207610043948.0,43183953515116.0,4210861713867.0,3265010827210.0,1109539708839.0,0.45,1.33,12.66,12.57,1.31
000300.SH,20250512,57047996766778.0,43060057254944.0,4210860081801.0,3265007288439.0,1109567907035.0,0.47,1.38,12.63,12.54,1.31
000300.SH,20250509,56605270933814.0,42669961424928.0,4210646070384.0,3264792322915.0,1109352941511.0,0.37,1.08,12.53,12.44,1.3
000300.SH,20250508,56622485995641.0,42663334125053.0,4210643740832.0,3264791142111.0,1109325632438.0,0.38,1.13,12.54,12.45,1.3
000300.SH,20250507,56454057896080.0,42495797179430.0,4210640249427.0,3264763342680.0,1109305694093.0,0.49,1.45,12.5,12.41,1.29
000300.SH,20250506,55943023954215.0,42130910098382.0,4210639251074.0,3264762460604.0,1109324219816.0,0.49,1.43,12.39,12.3,1.28
000300.SH,20250430,55546974708800.0,41808310557857.0,4210867211574.0,3264762460604.0,1122568487604.0,0.44,1.28,12.3,12.21,1.27
000300.SH,20250429,55902900814110.0,42006589058000.0,4210867211574.0,3264722251346.0,1129137383790.0,0.34,0.99,12.19,12.3,1.3
000300.SH,20250428,56091346140114.0,42144605812443.0,4210868468385.0,3264627515892.0,1130079687901.0,0.38,1.11,12.17,12.32,1.31
000300.SH,20250425,56019360223528.0,42137646953845.0,4210868113076.0,3264599014435.0,1136820119549.0,0.38,1.1,12.12,12.26,1.31
000300.SH,20250424,56090408042631.0,42191863711027.0,4210866269882.0,3264597926269.0,1137549743912.0,0.36,1.03,12.11,12.29,1.31
000300.SH,20250423,55966130839050.0,42104667562392.0,4210866135490.0,3264597181752.0,1137241496505.0,0.4,1.16,12.12,12.27,1.31
000300.SH,20250422,56031504779108.0,42110696913683.0,4210866132778.0,3262961987778.0,1138557527721.0,0.39,1.1,12.12,12.29,1.31
000300.SH,20250421,55874575240404.0,42017467105515.0,4210866665206.0,3262962012964.0,1141723322946.0,0.37,1.06,12.07,12.25,1.31
000300.SH,20250418,55934801766991.0,41988548485160.0,4210864762454.0,3262378192082.0,1141490637604.0,0.32,0.9,12.1,12.26,1.31
000300.SH,20250417,55862072746374.0,41970987753139.0,4210549726327.0,3262336034158.0,1141836267174.0,0.38,1.07,12.09,12.25,1.31
000300.SH,20250416,55862387641424.0,41971095152149.0,4210549773847.0,3262336009598.0,1142239529698.0,0.48,1.37,12.09,12.26,1.32
000300.SH,20250415,55502681337635.0,41720096397916.0,4210560568876.0,3262328681253.0,1141967347891.0,0.41,1.17,12.01,12.17,1.31
000300.SH,20250414,55310783817958.0,41603523075791.0,4210560502964.0,3262328634253.0,1141747421574.0,0.5,1.44,11.96,12.14,1.3
000300.SH,20250411,55028777262678.0,41437273195027.0,4210563398640.0,3262353402178.0,1141747421574.0,0.52,1.48,11.92,12.09,1.29
000300.SH,20250410,54895214315009.0,41346115758498.0,4210563120392.0,3262353140955.0,1141955117831.0,0.7,1.99,11.89,12.07,1.29
000300.SH,20250409,54452494696424.0,40941563238386.0,4210560348131.0,3262349920313.0,1141955117831.0,0.8,2.3,11.8,11.97,1.28
000300.SH,20250408,54130060556262.0,40652866296050.0,4210560348131.0,3262349962638.0,1142081949628.0,0.86,2.45,11.73,11.9,1.27
000300.SH,20250407,53075720147508.0,39875045628313.0,4210639870322.0,3261597330164.0,1142185554450.0,0.96,2.74,11.5,11.67,1.25
000300.SH,20250403,56493807236733.0,42618173597889.0,4210635393640.0,3261596068410.0,1144124931525.0,0.44,1.25,12.24,12.42,1.33
000300.SH,20250402,56571544981362.0,42744878693079.0,4210634471232.0,3261594866091.0,1143576310978.0,0.35,0.99,12.28,12.44,1.33
000300.SH,20250401,56556634197012.0,42748350957561.0,4210358009936.0,3261319182063.0,1141110810624.0,0.43,1.23,12.28,12.43,1.33
000300.SH,20250331,56613112917001.0,42754102123251.0,4210233758769.0,3261312403575.0,1139675239003.0,0.51,1.46,12.16,12.38,1.33
000300.SH,20250328,56737928831535.0,42941542283390.0,4210233178517.0,3261258788591.0,1139494933382.0,0.39,1.11,12.25,12.43,1.35
000300.SH,20250327,57070179130393.0,43163178737769.0,4210233364017.0,3261255677412.0,1139594244699.0,0.39,1.11,12.48,12.53,1.36
000300.SH,20250326,56864948463123.0,43029663455390.0,4210215198526.0,3261237493294.0,1139997907264.0,0.4,1.15,12.74,12.5,1.36
000300.SH,20250325,56999416096092.0,43142480000348.0,4210210761719.0,3261235676539.0,1139887038422.0,0.43,1.23,12.79,12.55,1.36
000300.SH,20250324,56937247282652.0,43091269318510.0,4210210761719.0,3261229249985.0,1140354130148.0,0.47,1.34,12.8,12.55,1.36
000300.SH,20250321,56642339213143.0,42867662805123.0,4210260148419.0,3261276583735.0,1139963779167.0,0.51,1.46,12.82,12.54,1.35
000300.SH,20250320,57333318686819.0,43431749372631.0,4210253585590.0,3261276583735.0,1138672806660.0,0.41,1.17,13.0,12.7,1.37
000300.SH,20250319,57744806727865.0,43766544326573.0,4210253585586.0,3261276610840.0,1138649808452.0,0.44,1.27,13.28,12.85,1.38
000300.SH,20250318,57639679950416.0,43723887030721.0,4210253929734.0,3261276620513.0,1138097476353.0,0.43,1.23,13.26,12.83,1.38
000300.SH,20250317,57599451072403.0,43691781663705.0,4210280215335.0,3261279515839.0,1138048953768.0,0.5,1.43,13.25,12.82,1.38
000300.SH,20250314,57577843654282.0,43709933732060.0,4208114404729.0,3261227700245.0,1136338526440.0,0.66,1.9,13.26,12.82,1.38
000300.SH,20250313,56334973968192.0,42698298941508.0,4201498356002.0,3255232724543.0,1130126283485.0,0.48,1.39,12.97,12.54,1.35
000300.SH,20250312,56400893175100.0,42763046413301.0,4201499746348.0,3255232078749.0,1129105335914.0,0.48,1.39,12.99,12.56,1.35
000300.SH,20250311,56596546308936.0,42949404819668.0,4201369946348.0,3255232078749.0,1129019792906.0,0.44,1.28,13.04,12.6,1.36
000300.SH,20250310,56387839648975.0,42795842985528.0,4201360596851.0,3255232078552.0,1125801041872.0,0.47,1.36,12.99,12.55,1.35
000300.SH,20250307,56685299906368.0,42997712924909.0,4201873911236.0,3255745392937.0,1125904614912.0,0.51,1.48,13.06,12.62,1.36
000300.SH,20250306,56819942603562.0,43090617687133.0,4201849861616.0,3255724108400.0,1122367639402.0,0.6,1.73,13.1,12.65,1.36
000300.SH,20250305,56299767475918.0,42635439706694.0,4201300066864.0,3255722639504.0,1114837907303.0,0.49,1.42,12.98,12.54,1.35
000300.SH,20250304,55897223741708.0,42377065769042.0,4201376748342.0,3255654269440.0,1109070457837.0,0.46,1.35,12.88,12.45,1.34
000300.SH,20250303,56195977205639.0,42559166054974.0,4211165434823.0,3262033377928.0,1114646990075.0,0.54,1.59,12.96,12.54,1.35
000300.SH,20250228,56295094636931.0,42594670531988.0,4211052967764.0,3261920910869.0,1112921478238.0,0.61,1.78,12.98,12.55,1.35
000300.SH,20250227,57219345749392.0,43319758565793.0,4211171371764.0,3261920910869.0,1110965175993.0,0.62,1.83,13.19,12.74,1.37
000300.SH,20250226,57027345369563.0,43169568306897.0,4210739383395.0,3261451757761.0,1106113233533.0,0.59,1.73,13.14,12.69,1.37
000300.SH,20250225,56641068794696.0,42863510331649.0,4210733808395.0,3261451757761.0,1105114233533.0,0.55,1.61,13.05,12.61,1.36
000300.SH,20250224,57282986554233.0,43327739222390.0,4210734128793.0,3261450898210.0,1104863575195.0,0.68,2.0,13.2,12.76,1.37
000300.SH,20250221,57506561089444.0,43422318506720.0,4210734128793.0,3261448875680.0,1104955627452.0,0.7,2.06,13.26,12.8,1.38
000300.SH,20250220,56993041364498.0,43095659949297.0,4210734128793.0,3261448875680.0,1104789913929.0,0.5,1.48,13.14,12.7,1.37
000300.SH,20250219,57166108260540.0,42750593057915.0,4210734128793.0,3204071822363.0,1104786913929.0,0.57,1.65,13.18,12.74,1.37
000300.SH,20250218,56979677026167.0,42579231449373.0,4210734128793.0,3204071822363.0,1104341535221.0,0.65,1.9,13.13,12.7,1.36
000300.SH,20250217,57258505018413.0,42815914796783.0,4210732839789.0,3204071723138.0,1104348194168.0,0.67,1.93,13.2,12.76,1.37
000300.SH,20250214,57170628718278.0,42750982484953.0,4210737320978.0,3204055273265.0,1104113719356.0,0.54,1.57,13.18,12.74,1.37
000300.SH,20250213,56772566218239.0,42451108244739.0,4210433919732.0,3203751872019.0,1103851391340.0,0.54,1.56,13.09,12.66,1.36
000300.SH,20250212,56903443692458.0,42534618608458.0,4210433919732.0,3203751872019.0,1103875889840.0,0.51,1.49,13.12,12.68,1.36
000300.SH,20250211,56443797375688.0,42205726948093.0,4210430006499.0,3203747958786.0,1103918486079.0,0.52,1.51,13.01,12.58,1.35
000300.SH,20250210,56441680540238.0,42253231989809.0,4209988780200.0,3202977226527.0,1103295653043.0,0.59,1.71,13.01,12.58,1.35
000300.SH,20250207,56299479439903.0,42200584000754.0,4209988780200.0,3202977227727.0,1103305994912.0,0.69,2.01,12.97,12.55,1.35
000300.SH,20250206,55786971634115.0,41744546480599.0,4209918209935.0,3202916504652.0,1103245593437.0,0.52,1.52,12.86,12.44,1.34
000300.SH,20250205,55251127431574.0,41332794985061.0,4209983707041.0,3202983562900.0,1103327239285.0,0.49,1.42,12.73,12.32,1.32
000300.SH,20250127,55803594902336.0,41751468463573.0,4209982585707.0,3202951538763.0,1103289033565.0,0.46,1.33,12.86,12.44,1.34
000300.SH,20250124,55706122680357.0,41673121066244.0,4209702299967.0,3194660508773.0,1102801744054.0,0.47,1.35,12.84,12.43,1.33
000300.SH,20250123,55469854228456.0,41375883509596.0,4209709555898.0,3189969775373.0,1098111010654.0,0.57,1.64,12.78,12.38,1.33
000300.SH,20250122,55085352286540.0,41140137871882.0,4209714607072.0,3189969775373.0,1098111010654.0,0.43,1.25,12.69,12.3,1.32
000300.SH,20250121,55604906896569.0,41561853061190.0,4209714607072.0,3189757500163.0,1097928317059.0,0.44,1.29,12.81,12.41,1.33
000300.SH,20250120,55708466609503.0,41585447380184.0,4209714671987.0,3189757500163.0,1097657525888.0,0.44,1.27,12.84,12.43,1.33
000300.SH,20250117,55702109715441.0,41515147285365.0,4208917723203.0,3188836516069.0,1097620344526.0,0.4,1.15,12.84,12.44,1.33
000300.SH,20250116,55678717236463.0,41474849927094.0,4208917723129.0,3188836515995.0,1097585510849.0,0.45,1.32,12.83,12.43,1.33
000300.SH,20250115,55496907084041.0,41383458672332.0,4208950960853.0,3188838044713.0,1097647614922.0,0.44,1.29,12.79,12.4,1.33
000300.SH,20250114,55748782537187.0,41597148242062.0,4209026795088.0,3188901251348.0,1097779006557.0,0.54,1.55,12.85,12.47,1.34
000300.SH,20250113,54613279267310.0,40683337623502.0,4207341423497.0,3188898843764.0,1097778614973.0,0.43,1.24,12.59,12.21,1.31
000300.SH,20250110,54821644798433.0,40832739149523.0,4207340927705.0,3188904958948.0,1097784730157.0,0.43,1.25,12.63,12.26,1.31
000300.SH,20250109,55495763726587.0,41308768480566.0,4207243093148.0,3188807124391.0,1097686895600.0,0.41,1.18,12.79,12.41,1.33
000300.SH,20250108,55854581495928.0,41535508011407.0,4207243093148.0,3188807124391.0,1097709818400.0,0.53,1.54,12.87,12.49,1.34
000300.SH,20250107,55798946529495.0,41558738440006.0,4207243093148.0,3188807124391.0,1097920839999.0,0.46,1.33,12.86,12.48,1.33
000300.SH,20250106,55494690149160.0,41358302760183.0,4207666393282.0,3188947835263.0,1097920839999.0,0.47,1.37,12.79,12.41,1.33
000300.SH,20250103,55617449510407.0,41380633895165.0,4207645204264.0,3188763925563.0,1096856690139.0,0.55,1.6,12.82,12.43,1.33
000300.SH,20250102,56182310103462.0,41811392225694.0,4206565299595.0,3187875075532.0,1096846250699.0,0.68,1.99,12.95,12.56,1.34
000300.SH,20241231,57829744942686.0,43032527557030.0,4206565299595.0,3187875075532.0,1095851497639.0,0.58,1.68,13.33,12.93,1.38
000300.SH,20241230,58532893754727.0,43615959490399.0,4206853421552.0,3187854781414.0,1095844234626.0,0.52,1.5,13.49,13.09,1.4
000300.SH,20241227,58169023207701.0,43387307216370.0,4206829753771.0,3187853057841.0,1095581125178.0,0.53,1.55,13.4,13.01,1.39
000300.SH,20241226,58233664857508.0,43431495336362.0,4206568889893.0,3187591588216.0,1095581074357.0,0.45,1.31,13.42,13.02,1.39
000300.SH,20241225,58365252030261.0,43485354710224.0,4206568839072.0,3187591537395.0,1095554448657.0,0.5,1.45,13.45,13.05,1.39
000300.SH,20241224,58109584353153.0,43344363795881.0,4206578597107.0,3187555540275.0,1095192438763.0,0.51,1.47,13.39,12.99,1.39
000300.SH,20241223,57353451807170.0,42784022008628.0,4206613132793.0,3187584596425.0,1095185135892.0,0.6,1.74,13.22,12.82,1.37
000300.SH,20241220,56941359743014.0,42569760563062.0,4206607203201.0,3187579247517.0,1095185135892.0,0.49,1.42,13.12,12.73,1.36
000300.SH,20241219,57198377888311.0,42780899133503.0,4206612429557.0,3187579154272.0,1094832937026.0,0.51,1.47,13.18,12.79,1.36
000300.SH,20241218,57319795597291.0,42876053156156.0,4206551678221.0,3187522670766.0,1094832937026.0,0.49,1.44,13.21,12.82,1.37
000300.SH,20241217,56987230344300.0,42660904217655.0,4206551632741.0,3187522614561.0,1094832880821.0,0.5,1.47,13.13,12.74,1.36
000300.SH,20241216,56900966912868.0,42574940646130.0,4206569180017.0,3187540100237.0,1094782129524.0,0.56,1.63,13.11,12.72,1.36
000300.SH,20241213,56207676292280.0,42156587026153.0,4177978316605.0,3166488034783.0,1083670379882.0,0.73,2.13,12.97,12.66,1.34
000300.SH,20241212,57335422327333.0,43094902962188.0,4176961348317.0,3166325770574.0,1083511539815.0,0.57,1.68,13.23,12.91,1.37
000300.SH,20241211,56758730608009.0,42664174676286.0,4176959592459.0,3166324014716.0,1083511539815.0,0.56,1.64,13.09,12.78,1.36
000300.SH,20241210,56955220293312.0,42773764613262.0,4176963958475.0,3166323757699.0,1083506402798.0,0.8,2.34,13.14,12.82,1.36
000300.SH,20241209,56599183988855.0,42489947581449.0,4177058768612.0,3166418968724.0,1083535708811.0,0.56,1.62,13.06,12.74,1.35
000300.SH,20241206,56576503522713.0,42464681073595.0,4177058826864.0,3165929649917.0,1083534696454.0,0.61,1.77,13.05,12.74,1.35
000300.SH,20241205,55955901557854.0,41970650017249.0,4177055028746.0,3165929649917.0,1083534696454.0,0.44,1.28,12.91,12.6,1.34
000300.SH,20241204,56129132402955.0,42085342192061.0,4177051030149.0,3165925690682.0,1083530737219.0,0.55,1.61,12.95,12.64,1.34
000300.SH,20241203,56148385869000.0,42180750124098.0,4177045637563.0,3165920735017.0,1083525781554.0,0.58,1.68,12.95,12.64,1.34
000300.SH,20241202,55854751752179.0,42014185215710.0,4177087149705.0,3165912782368.0,1082963493177.0,0.62,1.82,12.88,12.58,1.34
000300.SH,20241129,55515169419725.0,41640592860137.0,4176645223925.0,3162782036348.0,1083011644526.0,0.59,1.73,12.81,12.5,1.33
000300.SH,20241128,55100424359362.0,41290322417443.0,4176610373372.0,3162747185795.0,1082976793973.0,0.47,1.39,12.71,12.41,1.32
000300.SH,20241127,55513726381188.0,41613022666020.0,4176606047566.0,3162744131171.0,1082973739349.0,0.55,1.61,12.8,12.5,1.33
000300.SH,20241126,54696864151406.0,40981823485891.0,4176564043492.0,3162874277366.0,1083103885544.0,0.47,1.38,12.62,12.32,1.31
000300.SH,20241125,54640030442021.0,40979920016767.0,4176564081789.0,3162874268997.0,1083106770775.0,0.6,1.76,12.6,12.3,1.31
000300.SH,20241122,54791930122820.0,41130314086786.0,4176563935224.0,3162935299581.0,1082556821479.0,0.68,2.0,12.64,12.34,1.31
000300.SH,20241121,56309602367295.0,42346057161902.0,4176405967082.0,3162776911179.0,1082398433077.0,0.53,1.53,12.99,12.68,1.35
000300.SH,20241120,56297134474038.0,42317129389729.0,4176399176697.0,3162770397237.0,1082412995660.0,0.58,1.71,12.99,12.68,1.35
000300.SH,20241119,56203476224642.0,42229997603457.0,4176398704796.0,3162709805265.0,1082352403688.0,0.77,2.24,12.96,12.65,1.34
000300.SH,20241118,56067423539895.0,42104908450706.0,4176301493771.0,3162612594240.0,1082255192663.0,0.97,2.83,12.93,12.62,1.34
000300.SH,20241115,56015188495756.0,42048691271026.0,4176264697991.0,3161544899630.0,1081899821148.0,0.78,2.29,12.92,12.61,1.34
000300.SH,20241114,56699606785031.0,42629161939015.0,4176261453393.0,3161544258432.0,1081898279950.0,0.73,2.13,13.08,12.77,1.36
000300.SH,20241113,57412468694240.0,43204353919169.0,4176261232918.0,3161544258432.0,1081835670970.0,0.76,2.22,13.24,12.93,1.37
000300.SH,20241112,56966603357131.0,42914023339033.0,4176260038093.0,3161544228252.0,1081835640790.0,0.94,2.75,13.14,12.83,1.36
000300.SH,20241111,57643502703587.0,43408165823982.0,4176351998464.0,3161636188623.0,1081775700359.0,0.92,2.68,13.3,12.98,1.38
000300.SH,20241108,57628199160890.0,43342877134823.0,4176204899625.0,3158974103528.0,1081743155330.0,1.05,3.07,13.29,12.98,1.38
000300.SH,20241107,58193988147036.0,43754927262776.0,4176120848723.0,3158890052626.0,1081743155330.0,1.08,3.16,13.42,13.1,1.39
000300.SH,20241106,56631139167192.0,42537214886591.0,4176015018795.0,3158784031111.0,1081624495029.0,1.06,3.1,13.06,12.75,1.35
000300.SH,20241105,56962807311556.0,42749775664816.0,4176008842689.0,3158499484137.0,1081465883751.0,1.0,2.93,13.14,12.83,1.36
000300.SH,20241104,55791310344665.0,41837086203772.0,4175851948979.0,3158342719833.0,1081465883751.0,0.73,2.12,12.87,12.56,1.33
000300.SH,20241101,55264054351651.0,41398361783316.0,4175851948113.0,3158294316847.0,1081322451675.0,0.98,2.85,12.75,12.44,1.32
000300.SH,20241031,55028852097438.0,41254071600084.0,4175843174062.0,3158285542796.0,1074548664586.0,0.95,2.8,12.69,12.39,1.32
000300.SH,20241030,55079455424713.0,41300027012235.0,4175845598632.0,3158285995778.0,1075920799197.0,0.69,2.04,12.7,12.63,1.34
000300.SH,20241029,55665606944326.0,41705941879223.0,4175844797142.0,3158286308563.0,1075162921433.0,0.69,2.02,12.84,12.81,1.36
000300.SH,20241028,56158629981259.0,42109126459381.0,4175861769861.0,3158302381743.0,1075221661826.0,0.68,2.01,12.95,12.88,1.38
000300.SH,20241025,56171951644322.0,42064746664380.0,4175794363557.0,3158170637436.0,1075112091639.0,0.67,1.96,12.96,12.86,1.38
000300.SH,20241024,56035462884038.0,41919013232761.0,4175791289237.0,3158135265298.0,1103999092095.0,0.55,1.58,12.93,12.83,1.38
000300.SH,20241023,56536559395718.0,42313067745259.0,4175656088028.0,3158000064089.0,1074704226674.0,0.78,2.29,13.04,12.95,1.39
000300.SH,20241022,56341584278476.0,42147040908258.0,4175655092704.0,3157999068765.0,1074413461526.0,0.71,2.08,13.0,12.92,1.39
000300.SH,20241021,56148097042018.0,41921435488561.0,4175583464769.0,3157930294563.0,1074043678310.0,0.92,2.71,12.95,12.96,1.38
000300.SH,20241018,56211903219393.0,41953039493054.0,4175314957279.0,3157960294535.0,1074073767382.0,0.99,2.91,12.97,13.0,1.39
000300.SH,20241017,54678279055978.0,40747842003965.0,4175314957279.0,3157955599753.0,1074071527375.0,0.67,1.98,12.61,12.65,1.35
000300.SH,20241016,55278355561137.0,41221771133632.0,4175314671822.0,3157943684658.0,1074059612205.0,0.69,2.04,12.75,12.79,1.36
000300.SH,20241015,55406736858842.0,41377696514005.0,4175313746329.0,3157952376243.0,1074067433790.0,0.77,2.26,12.78,12.81,1.37
000300.SH,20241014,57007437083757.0,42534162309040.0,4175302587034.0,3157960638743.0,1074103196312.0,0.97,2.86,13.15,13.19,1.41
000300.SH,20241011,55872972928610.0,41739253941218.0,4175302587034.0,3157960638743.0,1074103196312.0,0.87,2.55,12.89,12.92,1.38
000300.SH,20241010,57078997668460.0,42730755084725.0,4175199197010.0,3157857248719.0,1073923722876.0,1.25,3.68,13.17,13.2,1.41
000300.SH,20241009,56086976507275.0,42016093035433.0,4175199193444.0,3157855702378.0,1073653860763.0,1.53,4.49,12.94,12.97,1.38
000300.SH,20241008,59965353484586.0,45132019421672.0,4174800153622.0,3157459060221.0,1073583452382.0,1.87,5.49,13.83,13.87,1.48
000300.SH,20240930,57328467453113.0,43110591195359.0,4174755673817.0,3157427450261.0,1073583452382.0,1.62,4.75,13.22,13.26,1.41
000300.SH,20240927,53290784085058.0,39991218079314.0,4174670780617.0,3139221208913.0,1073461321659.0,0.85,2.47,12.29,12.33,1.31
000300.SH,20240926,51933261622586.0,38753390629151.0,4174669645935.0,3139219848231.0,1073459960977.0,0.77,2.27,11.98,12.01,1.28
000300.SH,20240925,50227779746581.0,37361339165052.0,4174669645935.0,3139219848231.0,1073459960977.0,0.77,2.25,11.59,11.62,1.24
000300.SH,20240924,49601506934170.0,36861898716259.0,4174671169885.0,3139219848231.0,1073459960977.0,0.65,1.9,11.44,11.47,1.22
000300.SH,20240923,47578263396486.0,35319938677373.0,4174692112742.0,3139215771319.0,1074185935071.0,0.3,0.89,10.97,11.0,1.17
000300.SH,20240920,47304527566460.0,35106199279535.0,4174692112742.0,3139215491320.0,1074186411007.0,0.38,1.1,10.91,10.94,1.17
000300.SH,20240919,47142966563214.0,35020630995185.0,4174690626854.0,3139212099787.0,1073452968468.0,0.4,1.17,10.87,10.9,1.16
000300.SH,20240918,46975393033954.0,34875709707202.0,4174690619635.0,3139587154666.0,1073828023347.0,0.27,0.79,10.84,10.87,1.16
000300.SH,20240913,46609847666403.0,34657092054587.0,4174152424780.0,3139585944659.0,1073830388340.0,0.28,0.82,10.75,10.78,1.15
000300.SH,20240912,46683442640645.0,34784154786162.0,4174153907809.0,3139585431111.0,1073830168992.0,0.3,0.86,10.77,10.8,1.15
000300.SH,20240911,46794701455009.0,34871497004963.0,4174149996790.0,3139560173902.0,1073805148683.0,0.33,0.95,10.79,10.82,1.15
000300.SH,20240910,47263372184569.0,35141107333681.0,4174149996790.0,3138573173068.0,1073803547181.0,0.31,0.91,10.9,10.93,1.16
000300.SH,20240909,47052593358627.0,35040868082716.0,4174204621448.0,3138627224627.0,1073803547181.0,0.35,1.01,10.85,10.88,1.16
000300.SH,20240906,47645623708537.0,35468057671708.0,4174189871491.0,3138607843858.0,1073803547181.0,0.28,0.82,10.99,11.02,1.17
000300.SH,20240905,47922984504265.0,35713490506994.0,4174189871491.0,3138607843858.0,1074223708551.0,0.31,0.9,11.05,11.08,1.18
000300.SH,20240904,47990591216047.0,35732692753201.0,4174177312144.0,3138722431014.0,1074223708551.0,0.33,0.98,11.07,11.1,1.19
000300.SH,20240903,48416337998737.0,36020732571674.0,4174177311782.0,3138722430652.0,1074229308145.0,0.39,1.14,11.17,11.2,1.2
000300.SH,20240902,48677423319980.0,36176831497931.0,4174177311738.0,3138721570608.0,1077113510682.0,0.47,1.37,11.23,11.26,1.21
000300.SH,20240830,49203588984315.0,36562843603404.0,4174175511239.0,3138694544076.0,1077804389358.0,0.6,1.75,11.35,11.26,1.23
000300.SH,20240829,48992174038154.0,36285956360149.0,4174175510835.0,3138693268938.0,1077666033175.0,0.42,1.21,11.3,11.27,1.22
000300.SH,20240828,49577101179057.0,36626377284789.0,4174164584106.0,3138682668562.0,1077365007274.0,0.3,0.86,11.44,11.43,1.24
000300.SH,20240827,49882392940696.0,36872653820845.0,4174164584106.0,3138683288517.0,1077357070659.0,0.31,0.89,11.51,11.5,1.25
000300.SH,20240826,49799234260540.0,36900721709873.0,4174164584106.0,3138692121073.0,1077486201955.0,0.3,0.87,11.49,11.49,1.25
000300.SH,20240823,49786498986848.0,36930584808516.0,4174164584106.0,3138691675178.0,1077561330823.0,0.29,0.83,11.48,11.51,1.25
000300.SH,20240822,49604165389113.0,36792108679650.0,4174164584106.0,3138712441843.0,1107311460676.0,0.32,0.91,11.44,11.48,1.24
000300.SH,20240821,49547743812104.0,36775803902535.0,4174164172617.0,3138708441838.0,1078133646396.0,0.29,0.83,11.43,11.47,1.24
000300.SH,20240820,49715748881079.0,36892268758776.0,4174177097781.0,3138708907663.0,1078378252216.0,0.32,0.94,11.47,11.51,1.25
000300.SH,20240819,49983942158841.0,37119303061868.0,4174184593702.0,3138054783282.0,1077721019290.0,0.34,0.98,11.53,11.59,1.25
000300.SH,20240816,49663109475487.0,36899804199987.0,4174291626307.0,3138056980183.0,1077693492557.0,0.31,0.9,11.46,11.52,1.25
000300.SH,20240815,49441750403160.0,36775059359881.0,4174387040286.0,3138056909584.0,1077692045987.0,0.33,0.97,11.4,11.47,1.24
000300.SH,20240814,48943593994947.0,36420893195668.0,4174388930116.0,3137275659584.0,1077692045987.0,0.25,0.73,11.29,11.35,1.23
000300.SH,20240813,49135900247842.0,36621825821000.0,4174388951382.0,3137275783894.0,1077682329549.0,0.27,0.78,11.33,11.4,1.23
000300.SH,20240812,48958645982279.0,36517600487596.0,4174388951382.0,3137275783894.0,1077682329549.0,0.25,0.74,11.29,11.35,1.23
000300.SH,20240809,49007464910555.0,36541398594327.0,4174391073682.0,3137271099884.0,1077677645539.0,0.29,0.85,11.3,11.36,1.23
000300.SH,20240808,49042991340461.0,36581741465814.0,4174391073682.0,3137271099884.0,1077677645539.0,0.29,0.86,11.31,11.39,1.23
000300.SH,20240807,49032203547199.0,36553830846013.0,4174391073682.0,3136917408262.0,1077324742577.0,0.3,0.88,11.31,11.39,1.23
000300.SH,20240806,48978977762062.0,36518883442769.0,4174397000901.0,3136924502829.0,1077103758176.0,0.38,1.11,11.3,11.38,1.23
000300.SH,20240805,49122777370181.0,36588346516939.0,4174397916848.0,3136924423861.0,1077138525136.0,0.46,1.33,11.33,11.41,1.23
000300.SH,20240802,49752539891705.0,37047023488159.0,4174339101210.0,3136926237775.0,1077121822090.0,0.37,1.08,11.48,11.57,1.25
000300.SH,20240801,50162927297356.0,37379267897712.0,4174355467210.0,3136844635842.0,1077040220157.0,0.43,1.27,11.57,11.67,1.26
000300.SH,20240731,50302010015505.0,37533915343317.0,4174355780312.0,3136846756355.0,1077077734372.0,0.55,1.6,11.6,11.7,1.26
000300.SH,20240730,49663274955296.0,36943842188659.0,4174355445426.0,3136846421469.0,1077077399486.0,0.33,0.97,11.46,11.55,1.25
000300.SH,20240729,50044145210214.0,37248459597049.0,4174355445323.0,3136839405794.0,1077019965152.0,0.35,1.02,11.54,11.64,1.26
000300.SH,20240726,50027734447333.0,37295744288276.0,4174355445323.0,3136799717654.0,1076962295775.0,0.4,1.15,11.54,11.64,1.26
000300.SH,20240725,50230307487810.0,37322757357653.0,4174355445323.0,3136711664803.0,1076874242924.0,0.42,1.22,11.59,11.69,1.26
000300.SH,20240724,50625271970164.0,37591764263129.0,4174351842574.0,3136599173548.0,1076924377412.0,0.41,1.18,11.68,11.78,1.27
000300.SH,20240723,50738893214873.0,37713257080998.0,4174486959824.0,3136595437685.0,1076920641549.0,0.41,1.2,11.7,11.81,1.27
000300.SH,20240722,51413155568996.0,38315873581295.0,4174483842861.0,3136591554420.0,1076857601234.0,0.42,1.23,11.86,11.96,1.29
000300.SH,20240719,51938339411036.0,38659695351986.0,4174484376858.0,3136585367235.0,1079860312479.0,0.42,1.23,11.98,12.08,1.3
000300.SH,20240718,51851692443992.0,38568857403354.0,4173969037893.0,3136087535119.0,1079680792921.0,0.39,1.15,11.96,12.06,1.3
000300.SH,20240717,51489778234244.0,38363230391151.0,4173969037403.0,3136090965414.0,1079684223216.0,0.42,1.22,11.88,11.98,1.29
000300.SH,20240716,51694544999685.0,38422525979185.0,4173974469543.0,3135474833524.0,1079682616476.0,0.38,1.12,11.92,12.03,1.29
000300.SH,20240715,51562668703008.0,38306750361395.0,4173974324236.0,3135474607792.0,1079696172573.0,0.38,1.1,11.89,12.0,1.29
000300.SH,20240712,51234915289240.0,38128739595306.0,4173974324236.0,3135453890623.0,1079675560388.0,0.42,1.21,11.82,11.92,1.28
000300.SH,20240711,51218837714540.0,38061150542890.0,4173976275104.0,3134314938443.0,1079675560388.0,0.47,1.35,11.81,11.9,1.27
000300.SH,20240710,50914073771240.0,37759311357352.0,4173976590194.0,3134310323496.0,1079670945441.0,0.41,1.18,11.74,11.83,1.26
000300.SH,20240709,51179992885858.0,37930682654898.0,4173976590194.0,3134310294556.0,1079670916501.0,0.42,1.22,11.81,11.9,1.26
000300.SH,20240708,50713189078874.0,37533547512524.0,4173976538351.0,3134198430890.0,1079671359658.0,0.37,1.07,11.7,11.79,1.25
000300.SH,20240705,50867105418627.0,37734556402996.0,4171659492377.0,3132798796194.0,1079276926559.0,0.37,1.08,11.73,11.82,1.25
000300.SH,20240704,51281783839199.0,38003353513990.0,4171642015167.0,3132796406770.0,1079745747883.0,0.33,0.97,11.83,11.92,1.26
000300.SH,20240703,51396103527496.0,38107455188855.0,4171642008387.0,3132796399990.0,1079272053830.0,0.33,0.96,11.86,11.95,1.27
000300.SH,20240702,51577929647271.0,38256016980835.0,4171155769929.0,3132269395194.0,1080686115289.0,0.39,1.13,11.9,11.99,1.27
000300.SH,20240701,51368285875662.0,38179172119821.0,4171134435621.0,3132320011601.0,1080335341837.0,0.39,1.13,11.85,11.94,1.27
000300.SH,20240628,50956974064013.0,37906165093047.0,4171134835621.0,3132313705864.0,1080329046098.0,0.43,1.25,11.75,11.84,1.26
000300.SH,20240627,50591637228611.0,37695208027319.0,4171098838499.0,3132313705862.0,1080328930764.0,0.37,1.06,11.67,11.76,1.25
000300.SH,20240626,50745005769761.0,37891407835903.0,4171101141965.0,3132309865528.0,1080325189936.0,0.34,0.98,11.7,11.79,1.25
000300.SH,20240625,50560114338574.0,37744295217964.0,4170849226137.0,3132305767600.0,1080321107836.0,0.38,1.1,11.66,11.75,1.24
000300.SH,20240624,50735275470832.0,37887223426534.0,4170850261656.0,3132304535353.0,1080319875589.0,0.38,1.09,11.7,11.79,1.25
000300.SH,20240621,50887980985790.0,38014652813410.0,4170185790616.0,3131466204619.0,1080094771592.0,0.35,1.01,11.74,11.83,1.25
000300.SH,20240620,51011644375945.0,38144746166725.0,4170184544345.0,3131490044971.0,1080140544782.0,0.36,1.03,11.77,11.86,1.25
000300.SH,20240619,51119858456442.0,38273196901183.0,4169854879744.0,3131116088989.0,1079928641787.0,0.34,0.99,11.79,11.88,1.26
000300.SH,20240618,51125922648337.0,38373583158243.0,4169873938397.0,3131116184699.0,1079928737497.0,0.4,1.15,11.79,11.88,1.25
000300.SH,20240617,50943508520275.0,38253871848199.0,4169873748225.0,3131114609470.0,1079927162268.0,0.44,1.27,11.75,11.84,1.25
000300.SH,20240614,50841051929541.0,38161876357094.0,4164741976444.0,3124120559734.0,1079778200861.0,0.55,1.59,11.84,11.94,1.24
000300.SH,20240613,50714267559238.0,38016775396307.0,4164445521093.0,3123826145509.0,1079670557526.0,0.39,1.14,11.81,11.91,1.24
000300.SH,20240612,50834175037065.0,38138330160399.0,4163572456375.0,3123376167869.0,1079285056920.0,0.39,1.14,11.84,11.94,1.24
000300.SH,20240611,50747767561111.0,38107508632531.0,4163091278520.0,3123375724948.0,1079170580574.0,0.43,1.25,11.82,11.92,1.24
000300.SH,20240607,51254492834203.0,38455168228865.0,4163097688278.0,3108375118944.0,1079138799568.0,0.42,1.21,11.94,12.04,1.25
000300.SH,20240606,51369862291846.0,38632589200631.0,4162774167937.0,3108058764693.0,1079035225945.0,0.44,1.28,11.97,12.07,1.25
000300.SH,20240605,51319252070545.0,38582659786588.0,4162040553015.0,3107343044730.0,1078743933564.0,0.36,1.03,11.95,12.06,1.25
000300.SH,20240604,51584022008526.0,38770798524238.0,4162042361167.0,3107342741397.0,1078741639426.0,0.4,1.15,12.02,12.12,1.25
000300.SH,20240603,51351495710841.0,38572200509131.0,4162040307764.0,3107340687994.0,1078741639311.0,0.45,1.31,11.96,12.06,1.25
000300.SH,20240531,51150353099285.0,38441838971049.0,4162040472649.0,3107092687879.0,1078493639311.0,0.36,1.04,11.91,12.02,1.24
000300.SH,20240530,51323483943475.0,38598322970818.0,4162040231742.0,3107092687707.0,1077901790166.0,0.39,1.14,11.95,12.06,1.25
000300.SH,20240529,51647147232085.0,38862275162815.0,4162039813889.0,3107092111654.0,1077901214113.0,0.37,1.08,12.03,12.13,1.26
000300.SH,20240528,51567099207678.0,38837020575045.0,4161599908412.0,3106659898598.0,1077727115468.0,0.4,1.15,12.01,12.11,1.25
000300.SH,20240527,51782759275704.0,39021577768360.0,4161601294464.0,3106659887732.0,1075239347962.0,0.42,1.22,12.06,12.17,1.26
000300.SH,20240524,51194116715195.0,38558134817116.0,4161602052036.0,3105687858923.0,1078697017389.0,0.4,1.16,11.92,12.03,1.24
000300.SH,20240523,51658574421363.0,38944949114842.0,4161621283227.0,3105707090114.0,1075645957619.0,0.46,1.33,12.03,12.14,1.26
000300.SH,20240522,52173743212596.0,39338198721020.0,4161552642703.0,3105643483905.0,1075619753410.0,0.49,1.41,12.15,12.26,1.27
000300.SH,20240521,52127126200685.0,39298532804121.0,4161552628092.0,3105643469294.0,1075619738799.0,0.42,1.21,12.14,12.25,1.27
000300.SH,20240520,52259696887504.0,39408060919856.0,4161556448100.0,3105645398183.0,1075621667688.0,0.59,1.72,12.17,12.28,1.27
000300.SH,20240517,51994561304527.0,39214297686638.0,4161549442031.0,3105516496812.0,1074497544727.0,0.53,1.53,12.11,12.22,1.26
000300.SH,20240516,51557077202380.0,38840292212983.0,4161549063704.0,3105516118485.0,1074497166400.0,0.5,1.44,12.01,12.11,1.25
000300.SH,20240515,51388978208521.0,38693214370697.0,4161549061692.0,3105447636552.0,1074428684467.0,0.4,1.15,11.97,12.07,1.25
000300.SH,20240514,51776996292384.0,38976798328942.0,4161554393016.0,3105447634499.0,1074428682414.0,0.43,1.24,12.06,12.16,1.26
000300.SH,20240513,51932084225393.0,39075485325613.0,4161563731792.0,3105456973275.0,1074438021190.0,0.51,1.46,12.1,12.2,1.26
000300.SH,20240510,51964123562876.0,39088420368807.0,4161564482763.0,3105456201966.0,1074437249881.0,0.49,1.4,12.1,12.21,1.26
000300.SH,20240509,51867814636743.0,39045442653334.0,4161564479133.0,3105456198336.0,1074397016193.0,0.47,1.36,12.08,12.18,1.26
000300.SH,20240508,51610399613725.0,38807419858249.0,4161563574681.0,3105423480871.0,1074364298728.0,0.42,1.21,12.02,12.12,1.25
000300.SH,20240507,51867471527726.0,39026361965608.0,4161399424749.0,3105258994939.0,1074119028228.0,0.53,1.53,12.08,12.18,1.26
000300.SH,20240506,51760370551631.0,38959186168544.0,4161397412197.0,3105259011544.0,1074119054833.0,0.67,1.94,12.06,12.16,1.26
000300.SH,20240430,51381464290092.0,38558639266988.0,4161397412197.0,3105258262399.0,1077609704322.0,0.62,1.78,11.97,12.07,1.25
000300.SH,20240429,51487235956943.0,38670128702400.0,4161394103291.0,3105254991953.0,1077867978243.0,0.72,2.07,12.01,11.94,1.27
000300.SH,20240426,51288385801703.0,38444400061914.0,4161306662890.0,3105166473598.0,1076876974185.0,0.64,1.83,11.89,11.84,1.27
000300.SH,20240425,50766611586376.0,37949220290637.0,4161306662890.0,3104145558598.0,1076972162114.0,0.37,1.07,11.75,11.72,1.26
000300.SH,20240424,50617660024996.0,37831168392616.0,4161304128106.0,3104147958848.0,1076533804362.0,0.39,1.13,11.72,11.69,1.26
000300.SH,20240423,50426456793299.0,37649782008665.0,4161304248106.0,3103327808266.0,1075447802001.0,0.46,1.33,11.67,11.65,1.26
000300.SH,20240422,50809130527400.0,37908188316762.0,4161316444555.0,3103326482871.0,1075786360854.0,0.49,1.4,11.76,11.74,1.27
000300.SH,20240419,51185582531145.0,38107380474005.0,4161313215040.0,3102456916698.0,1075202631463.0,0.47,1.37,11.87,11.83,1.28
000300.SH,20240418,51297599915930.0,38279317106872.0,4161313376040.0,3102456916698.0,1075262931926.0,0.58,1.66,11.87,11.86,1.28
000300.SH,20240417,51288477263983.0,38243798190426.0,4161313376040.0,3102456754650.0,1079820844937.0,0.54,1.56,11.89,11.86,1.28
000300.SH,20240416,50610966204587.0,37728513839524.0,4161318072840.0,3102456754650.0,1079823954337.0,0.57,1.63,11.73,11.7,1.26
000300.SH,20240415,50902958925663.0,37992666813803.0,4161389525417.0,3102405154945.0,1079721026870.0,0.59,1.7,11.82,11.79,1.27
000300.SH,20240412,49730398539423.0,37133646989280.0,4161389525417.0,3102405192445.0,1079650646293.0,0.42,1.19,11.55,11.52,1.24
000300.SH,20240411,50076419337211.0,37372607092773.0,4161394497670.0,3102410164698.0,1079700988368.0,0.41,1.17,11.63,11.6,1.25
000300.SH,20240410,50130358149338.0,37372077387425.0,4161401597337.0,3102321031720.0,1079409312090.0,0.42,1.19,11.65,11.61,1.25
000300.SH,20240409,50348769126714.0,37571340680387.0,4161401597337.0,3102318975090.0,1079397779460.0,0.42,1.2,11.72,11.67,1.26
000300.SH,20240408,50540713102568.0,37686043746539.0,4161398972777.0,3102318975090.0,1078970535140.0,0.5,1.44,11.74,11.71,1.26
000300.SH,20240403,50735360622351.0,37897921096817.0,4161416956946.0,3102318975090.0,1078970535140.0,0.44,1.26,11.79,11.75,1.27
000300.SH,20240402,50825280312795.0,37973767422823.0,4161416859872.0,3102317766295.0,1073474717705.0,0.46,1.32,11.84,11.78,1.27
000300.SH,20240401,50804811402260.0,37999190271219.0,4155932356670.0,3096823155109.0,1073631310086.0,0.53,1.52,11.83,11.78,1.27
000300.SH,20240329,50264164310875.0,37530617864305.0,4155932356647.0,3096815619598.0,1075922320210.0,0.42,1.2,11.64,11.66,1.26
000300.SH,20240328,49864743251556.0,37241720800032.0,4155932353370.0,3096809079860.0,1075515328237.0,0.46,1.33,11.4,11.51,1.26
000300.SH,20240327,49769681282862.0,37145792203125.0,4155932668887.0,3096807614548.0,1075494519297.0,0.42,1.2,11.41,11.49,1.26
000300.SH,20240326,50135988071838.0,37480840984872.0,4155932822988.0,3096807487827.0,1075470441481.0,0.41,1.17,11.53,11.58,1.27
000300.SH,20240325,49888929368275.0,37297185222527.0,4155933737002.0,3096804062711.0,1075733241365.0,0.44,1.27,11.53,11.53,1.26
000300.SH,20240322,50011176418751.0,37387017889891.0,4155933713017.0,3096572348634.0,1075990399304.0,0.45,1.29,11.53,11.55,1.27
000300.SH,20240321,50388982518459.0,37709185523175.0,4155933709617.0,3096522443817.0,1075965096770.0,0.42,1.22,11.6,11.59,1.28
000300.SH,20240320,50442501600247.0,37727602815744.0,4155933661595.0,3096522395795.0,1075944821363.0,0.42,1.2,11.61,11.61,1.28
000300.SH,20240319,50209767254735.0,37578790633968.0,4153559378612.0,3096542822101.0,1076165378147.0,0.47,1.35,11.58,11.55,1.28
000300.SH,20240318,50504523091610.0,37805165030798.0,4153724014074.0,3096706907766.0,1076165378147.0,0.52,1.49,11.66,11.62,1.28
000300.SH,20240315,50104845831735.0,37501546729722.0,4153724013837.0,3096706975029.0,1075903284918.0,0.45,1.29,11.61,11.53,1.27
000300.SH,20240314,50060275012461.0,37419596914235.0,4153724013401.0,3096706779862.0,1075946761351.0,0.46,1.31,11.6,11.51,1.27
000300.SH,20240313,50076906039056.0,37481364438495.0,4153728843762.0,3096706762017.0,1075946743506.0,0.47,1.34,11.61,11.51,1.27
000300.SH,20240312,50395440864114.0,37737450487568.0,4153728464033.0,3096690829666.0,1075929066155.0,0.58,1.68,11.68,11.6,1.28
000300.SH,20240311,50761943996700.0,37840621051587.0,4153728463962.0,3096689562378.0,1075927798867.0,0.48,1.38,11.76,11.68,1.29
000300.SH,20240308,50514512943030.0,37543715854405.0,4153730030128.0,3096674705812.0,1076694116774.0,0.41,1.17,11.71,11.63,1.29
000300.SH,20240307,50159117820256.0,37388615452182.0,4153722292435.0,3096637855087.0,1077039560958.0,0.48,1.38,11.63,11.55,1.28
000300.SH,20240306,50259161810043.0,37506003048663.0,4153722261488.0,3096638274011.0,1077045359982.0,0.46,1.33,11.65,11.57,1.28
000300.SH,20240305,50517405985416.0,37731100326666.0,4153718111648.0,3096638311511.0,1077045397482.0,0.54,1.55,11.71,11.63,1.29
000300.SH,20240304,50068079332415.0,37400402543146.0,4153831637323.0,3096558152163.0,1082154002428.0,0.53,1.51,11.6,11.53,1.27
000300.SH,20240301,49843039412685.0,37288884520179.0,4153831636576.0,3096557950861.0,1082153908510.0,0.53,1.5,11.55,11.48,1.27
000300.SH,20240229,49665907891921.0,37122470121733.0,4153831845256.0,3096556884140.0,1076987203909.0,0.5,1.45,11.51,11.44,1.26
000300.SH,20240228,48969147997683.0,36556440870521.0,4154124904237.0,3096549981755.0,1077376332082.0,0.61,1.76,11.35,11.27,1.25
000300.SH,20240227,49510062033162.0,36931325268110.0,4154124904237.0,3096549981755.0,1077376332082.0,0.45,1.3,11.47,11.38,1.26
000300.SH,20240226,49030403450998.0,36576701776875.0,4154127723428.0,3096546279917.0,1077412138403.0,0.49,1.4,11.36,11.27,1.25
000300.SH,20240223,49770092252390.0,37110021663564.0,4154111586788.0,3096516488342.0,1077378779653.0,0.47,1.34,11.53,11.44,1.27
000300.SH,20240222,49774348350584.0,37068226815668.0,4154111586788.0,3096460577504.0,1077631388815.0,0.46,1.31,11.54,11.44,1.27
000300.SH,20240221,49242390834635.0,36674236081750.0,4154065879734.0,3096455867910.0,1075217593273.0,0.61,1.76,11.41,11.32,1.25
000300.SH,20240220,48713236189867.0,36221029153636.0,4154065879734.0,3096455867910.0,1075217593273.0,0.45,1.31,11.29,11.2,1.24
000300.SH,20240219,48535005470593.0,36096569803264.0,4154065879734.0,3095994895378.0,1074758471041.0,0.59,1.71,11.25,11.16,1.24
000300.SH,20240208,47634072499463.0,35517410490732.0,4154133075381.0,3095882314198.0,1074811089182.0,0.61,1.77,11.04,10.95,1.21
000300.SH,20240207,47507427816846.0,35393115922575.0,4153740148063.0,3095881936188.0,1074816369865.0,0.7,2.02,11.01,10.92,1.21
000300.SH,20240206,47298387271933.0,35149640238778.0,4153740045897.0,3095868940282.0,1074813649025.0,0.65,1.89,10.96,10.87,1.2
000300.SH,20240205,46167562372193.0,34168516999230.0,4153740201591.0,3095868940282.0,1075235249490.0,0.66,1.89,10.7,10.61,1.18
000300.SH,20240202,45676630742949.0,33835865860713.0,4153737318228.0,3095840986787.0,1075202102811.0,0.56,1.62,10.59,10.5,1.16
000300.SH,20240201,45937316458589.0,34112284454340.0,4152777999734.0,3094851345795.0,1074239907528.0,0.47,1.35,10.65,10.56,1.17
000300.SH,20240131,46123547700557.0,34180933531680.0,4152778079282.0,3094277048952.0,1073705655396.0,0.49,1.43,10.69,10.61,1.18
000300.SH,20240130,46314208366550.0,34388418657066.0,4152778079282.0,3094269613732.0,1073698220176.0,0.46,1.34,10.73,10.65,1.18
000300.SH,20240129,47019297667437.0,34927599715803.0,4152714792751.0,3094264592501.0,1073759654891.0,0.6,1.72,10.9,10.82,1.2
000300.SH,20240126,47188011276759.0,35103858218692.0,4152714130378.0,3094263930128.0,1073758992518.0,0.58,1.68,10.94,10.85,1.2
000300.SH,20240125,47017647443162.0,35020422200770.0,4152717340245.0,3094223929672.0,1073719041837.0,0.64,1.83,10.9,10.81,1.2
000300.SH,20240124,45852163132197.0,34193317522875.0,4152717260045.0,3094215074459.0,1073710186624.0,0.5,1.44,10.63,10.55,1.17
000300.SH,20240123,45042017311924.0,33619962240962.0,4152717231545.0,3094215074459.0,1073725186624.0,0.39,1.14,10.44,10.36,1.15
000300.SH,20240122,44926102647961.0,33514595909590.0,4152715276515.0,3094209225334.0,1073725837499.0,0.48,1.38,10.41,10.34,1.15
000300.SH,20240119,45511317393923.0,33982894786765.0,4152715191585.0,3094139732803.0,1073789632273.0,0.38,1.1,10.55,10.47,1.16
000300.SH,20240118,45605977853666.0,34035174891978.0,4152724724727.0,3094139658320.0,1073789557790.0,0.57,1.63,10.57,10.49,1.17
000300.SH,20240117,45138745671498.0,33665830621406.0,4152724686157.0,3093867811112.0,1073575457408.0,0.35,1.01,10.46,10.38,1.15
000300.SH,20240116,45997977744282.0,34350390863223.0,4152724299453.0,3093849977372.0,1073558943574.0,0.37,1.06,10.66,10.58,1.18
000300.SH,20240115,45736643090766.0,34143670123366.0,4152723023203.0,3093841325695.0,1073550291897.0,0.29,0.83,10.6,10.52,1.17
000300.SH,20240112,45649647393331.0,34121164008734.0,4152723023203.0,3093797736877.0,1073510323857.0,0.31,0.9,10.58,10.5,1.17
000300.SH,20240111,45694864857814.0,34166811721123.0,4152720076871.0,3093792459192.0,1073505046172.0,0.35,1.01,10.59,10.51,1.17
000300.SH,20240110,45697149536931.0,34128655210184.0,4152830877485.0,3093900617362.0,1073613208092.0,0.3,0.88,10.59,10.51,1.17
000300.SH,20240109,45991308497094.0,34303120642668.0,4152876155968.0,3093945895845.0,1073664757975.0,0.35,1.02,10.66,10.58,1.17
000300.SH,20240108,45943795594100.0,34247877187371.0,4152875736250.0,3093943536477.0,1073662398607.0,0.38,1.09,10.65,10.57,1.17
000300.SH,20240105,46424782844398.0,34636396507152.0,4152872505181.0,3091377507978.0,1073660070963.0,0.41,1.18,10.76,10.68,1.19
000300.SH,20240104,46645272632892.0,34790190750812.0,4152872505170.0,3091373275450.0,1073535489317.0,0.35,0.99,10.81,10.73,1.19
000300.SH,20240103,46851546446297.0,35012673989554.0,4152752137002.0,3091252926332.0,1073130007461.0,0.34,0.98,10.86,10.78,1.2
000300.SH,20240102,46787077051640.0,34982562142587.0,4152372581423.0,3090873702886.0,1073130007461.0,0.38,1.08,10.84,10.77,1.2
000300.SH,20231229,47173032849067.0,35296659005498.0,4152360117713.0,3090703742282.0,1072995680138.0,0.37,1.07,10.93,10.85,1.21
000300.SH,20231228,46953831490140.0,35150570511963.0,4152359325713.0,3090710250247.0,1073003303403.0,0.48,1.38,10.88,10.8,1.2
000300.SH,20231227,46266553733211.0,34531452154704.0,4152359325713.0,3090702147154.0,1072995200310.0,0.31,0.88,10.72,10.65,1.18
000300.SH,20231226,46008522986711.0,34393851734144.0,4152864067966.0,3091202147073.0,1073495200229.0,0.24,0.7,10.66,10.59,1.18
000300.SH,20231225,46170717376244.0,34567229719318.0,4152852085214.0,3091198402323.0,1073493455479.0,0.24,0.69,10.7,10.62,1.18
000300.SH,20231222,45995545076021.0,34410621521442.0,4153366553193.0,3090964590642.0,1073641822301.0,0.34,0.98,10.66,10.58,1.17
000300.SH,20231221,45834258742265.0,34318155113720.0,4153366727167.0,3090964590642.0,1073641822301.0,0.33,0.96,10.62,10.55,1.17
000300.SH,20231220,45558113083145.0,34052546115206.0,4153366763169.0,3091045494340.0,1073722725999.0,0.3,0.86,10.56,10.48,1.16
000300.SH,20231219,45969036557987.0,34369118360368.0,4153216845167.0,3090810100378.0,1073487332037.0,0.27,0.78,10.65,10.58,1.17
000300.SH,20231218,45882777223221.0,34330111225405.0,4153216843676.0,3090810167812.0,1073487399471.0,0.29,0.84,10.63,10.56,1.17
000300.SH,20231215,45906198624473.0,34373283079393.0,4153216843676.0,3090810167812.0,1073492751192.0,0.32,0.91,10.64,10.56,1.17
000300.SH,20231214,46097431501999.0,34505458994943.0,4153216843676.0,3090773828751.0,1072691034211.0,0.27,0.78,10.68,10.61,1.18
000300.SH,20231213,46295437526116.0,34682891941757.0,4153210606441.0,3090767048171.0,1072685273227.0,0.31,0.89,10.73,10.65,1.18
000300.SH,20231212,46968360479351.0,35225478413292.0,4153210606441.0,3090767048171.0,1072685744127.0,0.34,0.98,10.88,10.81,1.2
000300.SH,20231211,46781629155029.0,35089895645302.0,4153210603641.0,3090761851388.0,1072675623625.0,0.45,1.3,10.84,10.76,1.19
000300.SH,20231208,45008056951149.0,34521559211583.0,4069696923254.0,3063296459200.0,1054326420238.0,0.42,1.23,10.76,10.71,1.17
000300.SH,20231207,44876121596200.0,34421272227556.0,4069691756853.0,3063295661882.0,1054325622920.0,0.32,0.93,10.73,10.68,1.17
000300.SH,20231206,44917794888934.0,34465949749139.0,4069645604929.0,3063247587899.0,1054277548937.0,0.35,1.0,10.74,10.69,1.17
000300.SH,20231205,45020451221111.0,34528039073848.0,4069460177914.0,3063034355716.0,1054079358286.0,0.33,0.95,10.76,10.71,1.17
000300.SH,20231204,45786980142356.0,35165197093572.0,4069209039858.0,3063025017158.0,1053997627428.0,0.32,0.92,10.95,10.89,1.19
000300.SH,20231201,46018282363732.0,35361651424060.0,4069206245313.0,3063024134801.0,1053996745071.0,0.35,1.03,11.0,10.95,1.2
000300.SH,20231130,46111021096291.0,35477055875869.0,4069205860100.0,3063023752393.0,1054032999363.0,0.33,0.96,11.02,10.97,1.2
000300.SH,20231129,45878696358301.0,35258647697944.0,4069205846600.0,3061012688048.0,1053973137524.0,0.32,0.94,10.97,10.91,1.19
000300.SH,20231128,46217763277249.0,35521230975213.0,4069265507153.0,3061072667154.0,1054033116630.0,0.29,0.85,11.05,11.0,1.2
000300.SH,20231127,46188728806763.0,35477307978266.0,4069264774891.0,3061071919112.0,1054032368588.0,0.32,0.94,11.04,10.99,1.2
000300.SH,20231124,46534281562733.0,35713645077146.0,4069264764189.0,3060805476084.0,1053763270028.0,0.28,0.81,11.13,11.07,1.21
000300.SH,20231123,46751870394230.0,35903065397497.0,4069356596280.0,3060897308175.0,1053772781144.0,0.28,0.8,11.18,11.12,1.22
000300.SH,20231122,46569735515362.0,35750403327994.0,4069371508110.0,3060897308175.0,1053772781144.0,0.28,0.8,11.13,11.08,1.21
000300.SH,20231121,46913191815600.0,36064636720482.0,4069245306356.0,3060897308175.0,1053772781144.0,0.35,1.03,11.22,11.16,1.22
000300.SH,20231120,46847559010039.0,35995187323642.0,4069244522817.0,3060895443736.0,1053770916705.0,0.3,0.86,11.2,11.15,1.22
000300.SH,20231117,46750544479072.0,35898104186566.0,4069285987919.0,3060895441838.0,1053807797457.0,0.29,0.83,11.18,11.12,1.22
000300.SH,20231116,46867382360478.0,35965315920132.0,4069285097224.0,3060421287712.0,1053383441146.0,0.29,0.83,11.21,11.15,1.22
000300.SH,20231115,47198236316170.0,36251505659209.0,4069287767224.0,3060421287712.0,1053383441146.0,0.34,1.0,11.28,11.23,1.23
000300.SH,20231114,46919617852360.0,36005184979920.0,4069288629074.0,3060421320337.0,1054138027621.0,0.33,0.96,11.22,11.16,1.22
000300.SH,20231113,46874128434863.0,35981989259219.0,4069294151498.0,3060418307807.0,1054124727195.0,0.32,0.92,11.21,11.15,1.22
000300.SH,20231110,46923445555805.0,36021015736474.0,4069294071336.0,3060418227645.0,1054096618710.0,0.33,0.97,11.22,11.16,1.22
000300.SH,20231109,47212475857193.0,36252652368342.0,4069294071336.0,3060387227645.0,1054065374489.0,0.37,1.06,11.29,11.23,1.23
000300.SH,20231108,47076117297215.0,36148363722854.0,4069405169355.0,3060386678261.0,1053678938517.0,0.36,1.05,11.26,11.19,1.23
000300.SH,20231107,47204167068754.0,36253914254944.0,4069405343955.0,3060386678261.0,1053679016417.0,0.36,1.05,11.29,11.22,1.23
000300.SH,20231106,47313456772220.0,36347277859259.0,4069404724863.0,3059870914468.0,1053692500659.0,0.5,1.45,11.31,11.25,1.23
000300.SH,20231103,47039530234354.0,36060210963737.0,4069403610710.0,3059840962636.0,1069166798717.0,0.32,0.91,11.25,11.18,1.23
000300.SH,20231102,46804555389524.0,35842926811057.0,4069403509470.0,3059840861396.0,1069174710477.0,0.3,0.85,11.19,11.13,1.22
000300.SH,20231101,46913591055160.0,35949693191249.0,4069403509197.0,3059840818603.0,1069174667684.0,0.32,0.91,11.22,11.15,1.22
000300.SH,20231031,46854745997612.0,35901793440890.0,4069371696030.0,3059840714499.0,1065848990493.0,0.37,1.06,11.2,11.14,1.22
000300.SH,20231030,46855962531345.0,35929805628986.0,4069363210447.0,3059841104123.0,1066221220043.0,0.47,1.35,11.2,11.1,1.23
000300.SH,20231027,46952317965472.0,35878868674030.0,4069361199085.0,3057931208700.0,1074498408579.0,0.39,1.12,11.23,11.14,1.24
000300.SH,20231026,46527093273694.0,35514705059286.0,4069359845692.0,3057867520002.0,1075887208866.0,0.34,0.98,11.12,11.06,1.24
000300.SH,20231025,46267507702843.0,35341309735214.0,4069360940563.0,3057867214923.0,1076186579411.0,0.42,1.19,11.06,10.97,1.23
000300.SH,20231024,46304900753464.0,35268040071915.0,4069360870207.0,3057837546610.0,1079786303151.0,0.38,1.07,11.07,11.01,1.23
000300.SH,20231023,46305693789874.0,35184519327113.0,4069360979630.0,3057833370970.0,1079847096206.0,0.32,0.89,11.07,11.0,1.23
000300.SH,20231020,46706379124058.0,35508191754090.0,4068984618657.0,3057456732807.0,1079470458043.0,0.32,0.91,11.17,11.11,1.24
000300.SH,20231019,47077382227451.0,35766548010147.0,4068988080457.0,3057456826557.0,1079118223205.0,0.37,1.04,11.26,11.2,1.25
000300.SH,20231018,48122257190676.0,36594017124331.0,4068268351414.0,3057456826557.0,1081344263133.0,0.31,0.87,11.51,11.45,1.28
000300.SH,20231017,48374629949556.0,36816466425267.0,4068268023597.0,3057456804568.0,1081391027812.0,0.3,0.84,11.57,11.52,1.29
000300.SH,20231016,48091551005006.0,36667753292334.0,4068259085087.0,3057456756042.0,1106283851339.0,0.3,0.83,11.5,11.45,1.28
000300.SH,20231013,48377996021659.0,36917151953884.0,4068256027407.0,3057449274003.0,1106276369300.0,0.32,0.89,11.57,11.52,1.29
000300.SH,20231012,48659634750290.0,37232421995157.0,4068256027407.0,3057449274003.0,1106276369300.0,0.37,1.03,11.63,11.59,1.3
000300.SH,20231011,48098222251377.0,36847669120978.0,4068256697407.0,3057452676161.0,1106389334607.0,0.33,0.92,11.5,11.45,1.28
000300.SH,20231010,47995136615968.0,36782582433484.0,4068256530052.0,3057452508806.0,1106410167252.0,0.32,0.9,11.47,11.43,1.28
000300.SH,20231009,48359837518474.0,37053493431609.0,4068033457887.0,3057175036253.0,1106183639412.0,0.33,0.92,11.56,11.51,1.29
000300.SH,20230928,48383018869255.0,37110968027600.0,4065977698765.0,3055108012553.0,1103878878173.0,0.28,0.77,11.57,11.52,1.29
000300.SH,20230927,48464136275239.0,37193202586122.0,4065975895645.0,3055106433458.0,1103876807866.0,0.3,0.83,11.59,11.54,1.3
000300.SH,20230926,48484836187831.0,37191093638215.0,4065975404433.0,3055105942246.0,1103876807866.0,0.26,0.71,11.59,11.55,1.3
000300.SH,20230925,48777468894500.0,37383129501512.0,4065975404433.0,3055105881766.0,1103876747386.0,0.3,0.84,11.66,11.62,1.3
