indiv_ind_ts_code,indiv_ind_trade_date,indiv_ind_close,indiv_ind_open,indiv_ind_high,indiv_ind_low,indiv_ind_pre_close,indiv_ind_change,indiv_ind_pct_chg,indiv_ind_vol,indiv_ind_amount
000905.SH,20251023,7142.9536,7108.8545,7153.6555,7022.2945,7128.4776,14.476,0.2031,188933732.0,286304409.856
000905.SH,20251022,7128.4776,7135.2084,7166.5571,7101.8265,7185.624,-57.1464,-0.7953,169743254.0,286200266.692
000905.SH,20251021,7185.624,7095.6159,7193.73,7082.2995,7069.6412,115.9828,1.6406,205973829.0,344991294.993
000905.SH,20251020,7069.6412,7092.8836,7129.9939,7033.3835,7016.0661,53.5751,0.7636,176834192.0,314675076.902
000905.SH,20251017,7016.0661,7226.4214,7254.5786,7009.8906,7231.5336,-215.4675,-2.9796,200044113.0,348113892.817
000905.SH,20251016,7231.5336,7269.2587,7305.9472,7206.4433,7294.0014,-62.4678,-0.8564,194936370.0,359837530.026
000905.SH,20251015,7294.0014,7205.7367,7294.0014,7153.4185,7194.8509,99.1505,1.3781,217559777.0,397458970.802
000905.SH,20251014,7194.8509,7434.1149,7459.0156,7166.0822,7376.5636,-181.7127,-2.4634,277358873.0,505838515.443
000905.SH,20251013,7376.5636,7135.104,7391.8246,7135.104,7398.2241,-21.6605,-0.2928,258027817.0,473285532.819
000905.SH,20251010,7398.2241,7499.3917,7509.1161,7373.9841,7548.9226,-150.6985,-1.9963,262256646.0,502127435.138
000905.SH,20251009,7548.9226,7470.0474,7559.092,7437.3242,7412.3684,136.5542,1.8422,283130784.0,535756806.832
000905.SH,20250930,7412.3684,7372.524,7428.0307,7372.0634,7350.5599,61.8085,0.8409,220707502.0,444956374.594
000905.SH,20250929,7350.5599,7251.5221,7377.2217,7216.7357,7240.9114,109.6485,1.5143,233539418.0,433864489.695
000905.SH,20250926,7240.9114,7311.8433,7351.7931,7237.0459,7341.3238,-100.4124,-1.3678,211444148.0,430197601.817
000905.SH,20250925,7341.3238,7325.6602,7379.6109,7312.3508,7323.7093,17.6145,0.2405,236175030.0,493046787.22
000905.SH,20250924,7323.7093,7140.3128,7327.0207,7133.4321,7180.7137,142.9956,1.9914,240064938.0,477262274.28
000905.SH,20250923,7180.7137,7240.8466,7250.8156,7045.5606,7225.1281,-44.4144,-0.6147,281283634.0,495068970.7
000905.SH,20250922,7225.1281,7182.8876,7225.8581,7143.0754,7170.3488,54.7793,0.764,231858069.0,421916002.389
000905.SH,20250919,7170.3488,7200.692,7231.9992,7142.061,7199.8828,-29.534,-0.4102,271507193.0,450654116.275
000905.SH,20250918,7199.8828,7248.2786,7350.9772,7115.6308,7260.0353,-60.1525,-0.8285,348589541.0,604238742.367
000905.SH,20250917,7260.0353,7184.2638,7265.3931,7159.6665,7190.9928,69.0425,0.9601,258264449.0,445549244.677
000905.SH,20250916,7190.9928,7152.1887,7195.4246,7080.427,7137.3627,53.6301,0.7514,242349183.0,435210189.394
000905.SH,20250915,7137.3627,7170.4123,7174.8905,7126.8293,7147.7489,-10.3862,-0.1453,238265724.0,441828732.8
000905.SH,20250912,7147.7489,7115.6102,7200.1556,7112.4216,7122.7051,25.0438,0.3516,266567508.0,499359865.7
000905.SH,20250911,7122.7051,6924.3036,7123.0523,6889.5863,6932.1092,190.5959,2.7495,243951061.0,469498304.003
000905.SH,20250910,6932.1092,6911.1119,6977.7671,6870.4039,6928.9651,3.1441,0.0454,189922867.0,359667340.648
000905.SH,20250909,6928.9651,6959.9373,6999.7308,6895.5091,6992.1169,-63.1518,-0.9032,225843557.0,394761613.186
000905.SH,20250908,6992.1169,6927.4071,6995.7178,6896.6601,6913.9532,78.1637,1.1305,244174304.0,455360584.114
000905.SH,20250905,6913.9532,6709.145,6919.336,6678.5997,6698.4474,215.5058,3.2173,240857457.0,431958521.7
000905.SH,20250904,6698.4474,6884.3577,6906.6919,6607.9849,6868.4615,-170.0141,-2.4753,270341894.0,471991424.482
000905.SH,20250903,6868.4615,6988.0205,7003.2681,6846.1814,6961.6894,-93.2279,-1.3392,259083266.0,449579909.559
000905.SH,20250902,6961.6894,7108.9446,7108.9446,6909.7234,7110.2882,-148.5988,-2.0899,294036539.0,541493734.529
000905.SH,20250901,7110.2882,7087.7337,7110.687,7038.3444,7043.9416,66.3466,0.9419,285908311.0,536161179.931
000905.SH,20250829,7043.9416,7030.2741,7078.923,6990.7532,7011.1602,32.7814,0.4676,280915814.0,523041433.985
000905.SH,20250828,7011.1602,6858.5028,7011.1602,6798.9335,6862.5624,148.5978,2.1653,308061786.0,563651749.091
000905.SH,20250827,6862.5624,6964.7697,7074.6302,6862.5624,6964.0653,-101.5029,-1.4575,328060183.0,583863938.867
000905.SH,20250826,6964.0653,6928.2862,7008.9627,6910.4055,6951.8955,12.1698,0.1751,281532382.0,490812217.441
000905.SH,20250825,6951.8955,6886.2682,6967.7963,6863.9322,6822.8469,129.0486,1.8914,333828945.0,574922701.237
000905.SH,20250822,6822.8469,6704.0297,6823.3626,6704.0297,6704.1657,118.6812,1.7703,256783820.0,446681185.869
000905.SH,20250821,6704.1657,6739.6899,6767.3225,6673.0608,6728.0692,-23.9035,-0.3553,242540164.0,404122614.403
000905.SH,20250820,6728.0692,6623.6138,6728.0692,6598.5506,6655.3105,72.7587,1.0932,244233907.0,409671381.116
000905.SH,20250819,6655.3105,6663.157,6707.1139,6631.1193,6668.1726,-12.8621,-0.1929,252839276.0,444629213.613
000905.SH,20250818,6668.1726,6612.9878,6709.7812,6580.4373,6568.57,99.6026,1.5164,302448229.0,491491240.868
000905.SH,20250815,6568.57,6417.3889,6570.4994,6417.3889,6429.8462,138.7238,2.1575,245217240.0,381378599.737
000905.SH,20250814,6429.8462,6509.2085,6519.7938,6411.9209,6508.0978,-78.2516,-1.2024,228953168.0,367959844.604
000905.SH,20250813,6508.0978,6422.7889,6514.4558,6422.2147,6418.1595,89.9383,1.4013,216022423.0,353506820.818
000905.SH,20250812,6418.1595,6392.4021,6418.1595,6360.1093,6391.7595,26.4,0.413,168351918.0,290495345.645
000905.SH,20250811,6391.7595,6335.4267,6404.8331,6335.4267,6323.4999,68.2596,1.0795,174909199.0,277034087.552
000905.SH,20250808,6323.4999,6324.1746,6351.3348,6308.1478,6337.5425,-14.0426,-0.2216,172507526.0,259175300.068
000905.SH,20250807,6337.5425,6356.3322,6366.2138,6299.4929,6357.3769,-19.8344,-0.312,170446400.0,274900586.379
000905.SH,20250806,6357.3769,6298.9291,6357.5899,6293.2247,6303.2359,54.141,0.8589,166027638.0,263770937.89
000905.SH,20250805,6303.2359,6277.0114,6303.2359,6272.5062,6261.7313,41.5046,0.6628,154206665.0,235654712.15
000905.SH,20250804,6261.7313,6190.3443,6261.9617,6187.6219,6213.2014,48.5299,0.7811,148591480.0,236649250.158
000905.SH,20250801,6213.2014,6221.0505,6253.6575,6177.4781,6226.3432,-13.1418,-0.2111,165907191.0,254479551.591
000905.SH,20250731,6226.3432,6297.9122,6322.0651,6206.1902,6314.6873,-88.3441,-1.399,224214237.0,322273638.102
000905.SH,20250730,6314.6873,6345.3737,6368.2693,6269.5128,6356.1327,-41.4454,-0.6521,212128411.0,304778465.292
000905.SH,20250729,6356.1327,6308.1228,6356.1497,6272.3139,6323.4198,32.7129,0.5173,201757629.0,292526917.596
000905.SH,20250728,6323.4198,6305.2247,6329.0304,6271.93,6299.5908,23.829,0.3783,214448267.0,305210098.011
000905.SH,20250725,6299.5908,6297.6255,6311.1687,6276.4156,6293.5984,5.9924,0.0952,237055328.0,304368073.044
000905.SH,20250724,6293.5984,6197.8532,6293.5984,6197.8532,6196.7577,96.8407,1.5628,268355564.0,320187942.646
000905.SH,20250723,6196.7577,6218.2069,6256.1516,6187.0121,6213.4072,-16.6495,-0.268,258377896.0,311060238.982
000905.SH,20250722,6213.4072,6166.6164,6215.4058,6152.8142,6161.3086,52.0986,0.8456,246211642.0,313661670.874
000905.SH,20250721,6161.3086,6115.0255,6162.4401,6110.988,6099.6104,61.6982,1.0115,207350507.0,272008062.681
000905.SH,20250718,6099.6104,6092.2296,6112.1098,6073.6384,6082.4644,17.146,0.2819,153152204.0,236482711.042
000905.SH,20250717,6082.4644,6013.7141,6082.4644,6013.0436,6017.1947,65.2697,1.0847,149692658.0,235042939.349
000905.SH,20250716,6017.1947,6019.5765,6061.199,5997.1633,6018.7583,-1.5636,-0.026,148610062.0,213065134.852
000905.SH,20250715,6018.7583,6018.6274,6049.7867,5973.7969,6020.8585,-2.1002,-0.0349,189736234.0,246076758.437
000905.SH,20250714,6020.8585,6033.1782,6042.8856,6011.6872,6027.0789,-6.2204,-0.1032,189277444.0,226290847.208
000905.SH,20250711,6027.0789,5985.8236,6057.6225,5963.2571,5983.0505,44.0284,0.7359,222363098.0,263484519.394
000905.SH,20250710,5983.0505,5950.9657,6000.6858,5942.2901,5953.4871,29.5634,0.4966,176242607.0,207636636.985
000905.SH,20250709,5953.4871,5980.6451,5992.1349,5940.1761,5977.7437,-24.2566,-0.4058,164914402.0,207864435.843
000905.SH,20250708,5977.7437,5903.1017,5979.6273,5903.1017,5900.4056,77.3381,1.3107,168681142.0,216966438.898
000905.SH,20250707,5900.4056,5901.4018,5910.8036,5889.6023,5911.4352,-11.0296,-0.1866,137207362.0,165759099.336
000905.SH,20250704,5911.4352,5917.753,5969.3028,5889.7303,5922.66,-11.2248,-0.1895,164941060.0,211373135.686
000905.SH,20250703,5922.66,5896.2403,5929.7268,5885.943,5892.9505,29.7095,0.5042,130070046.0,174689067.394
000905.SH,20250702,5892.9505,5922.5407,5922.5407,5873.8918,5934.67,-41.7195,-0.703,162500485.0,194981070.907
000905.SH,20250701,5934.67,5915.8043,5936.9237,5890.114,5915.3876,19.2824,0.326,154192365.0,213595657.433
000905.SH,20250630,5915.3876,5877.6748,5918.3068,5872.2251,5863.7282,51.6594,0.881,166275147.0,226516690.563
000905.SH,20250627,5863.7282,5850.4252,5905.6962,5839.5775,5838.2454,25.4828,0.4365,199389725.0,243302989.3
000905.SH,20250626,5838.2454,5868.2924,5885.2508,5835.3395,5862.5529,-24.3075,-0.4146,180164163.0,235223723.202
000905.SH,20250625,5862.5529,5777.7404,5866.5246,5776.1237,5765.8373,96.7156,1.6774,184632310.0,239260448.528
000905.SH,20250624,5765.8373,5683.4622,5766.0189,5683.4622,5674.1704,91.6669,1.6155,142082256.0,191935453.605
000905.SH,20250623,5674.1704,5613.2813,5684.3973,5613.2813,5639.513,34.6574,0.6145,111601802.0,146034994.435
000905.SH,20250620,5639.513,5669.0901,5688.7362,5636.7846,5676.8317,-37.3187,-0.6574,101794766.0,135042595.006
000905.SH,20250619,5676.8317,5733.8068,5750.4643,5660.0504,5745.8714,-69.0397,-1.2016,125531134.0,162657974.788
000905.SH,20250618,5745.8714,5740.1556,5753.7124,5709.8031,5750.9122,-5.0408,-0.0877,112703844.0,154540142.783
000905.SH,20250617,5750.9122,5772.296,5776.6325,5734.829,5767.8083,-16.8961,-0.2929,121526624.0,160121673.882
000905.SH,20250616,5767.8083,5725.0029,5775.9487,5725.0029,5740.2397,27.5686,0.4803,128242658.0,170989175.829
000905.SH,20250613,5740.2397,5783.156,5794.6698,5728.2114,5799.9319,-59.6922,-1.0292,167613374.0,216010351.563
000905.SH,20250612,5799.9319,5780.967,5808.8047,5766.5212,5792.9464,6.9855,0.1206,125615846.0,165393538.363
000905.SH,20250611,5792.9464,5758.5287,5818.5734,5758.5287,5757.9921,34.9543,0.6071,123716707.0,161353672.422
000905.SH,20250610,5757.9921,5809.8283,5810.9224,5715.9712,5805.6543,-47.6622,-0.821,138269181.0,182980299.992
000905.SH,20250609,5805.6543,5772.7792,5823.899,5765.3547,5762.0778,43.5765,0.7563,128188619.0,171482411.226
000905.SH,20250606,5762.0778,5768.3989,5771.7558,5750.6592,5769.9675,-7.8897,-0.1367,108217660.0,148022372.105
000905.SH,20250605,5769.9675,5741.0298,5778.0959,5719.5466,5739.0058,30.9617,0.5395,125223584.0,174970104.156
000905.SH,20250604,5739.0058,5696.5692,5744.4543,5696.5692,5694.8385,44.1673,0.7756,116196077.0,150314940.398
000905.SH,20250603,5694.8385,5653.6747,5710.4203,5653.2978,5671.0723,23.7662,0.4191,122853903.0,159996843.5
000905.SH,20250530,5671.0723,5704.771,5704.771,5665.5177,5719.9101,-48.8378,-0.8538,109900707.0,137670579.254
000905.SH,20250529,5719.9101,5637.0633,5724.5185,5637.0633,5637.2378,82.6723,1.4665,114682484.0,148095092.966
000905.SH,20250528,5637.2378,5651.8755,5660.4696,5628.4165,5652.1454,-14.9076,-0.2638,94908883.0,119959827.369
000905.SH,20250527,5652.1454,5666.3027,5667.871,5629.1343,5669.4609,-17.3155,-0.3054,95149363.0,125275690.002
000905.SH,20250526,5669.4609,5653.2063,5693.625,5644.5794,5653.0436,16.4173,0.2904,97170989.0,127343603.494
000905.SH,20250523,5653.0436,5697.1362,5738.0829,5653.0436,5703.2797,-50.2361,-0.8808,114361198.0,148123602.871
000905.SH,20250522,5703.2797,5739.1909,5757.7946,5701.1614,5757.9225,-54.6428,-0.949,109057720.0,141620883.824
000905.SH,20250521,5757.9225,5741.6885,5763.0788,5733.8275,5747.367,10.5555,0.1837,115804542.0,155147378.006
000905.SH,20250520,5747.367,5723.5055,5759.4582,5707.8101,5720.7949,26.5721,0.4645,116896615.0,151751185.854
000905.SH,20250519,5720.7949,5719.4381,5729.0703,5669.7208,5715.8491,4.9458,0.0865,115384939.0,141098692.009
000905.SH,20250516,5715.8491,5703.7354,5735.0121,5703.7354,5715.2966,0.5525,0.0097,116709136.0,141882122.896
000905.SH,20250515,5715.2966,5786.7833,5786.7833,5715.2938,5799.1191,-83.8225,-1.4454,135160768.0,165136693.964
000905.SH,20250514,5799.1191,5778.0791,5835.4912,5750.5367,5781.6683,17.4508,0.3018,156279994.0,188145126.84
000905.SH,20250513,5781.6683,5838.0341,5838.0341,5772.0723,5793.6743,-12.006,-0.2072,138271081.0,194252270.527
000905.SH,20250512,5793.6743,5751.4372,5794.5161,5737.4622,5721.7225,71.9518,1.2575,135824367.0,199426833.721
000905.SH,20250509,5721.7225,5770.441,5770.441,5705.1654,5773.8056,-52.0831,-0.9021,123939007.0,178162276.68
000905.SH,20250508,5773.8056,5731.7157,5783.7915,5724.9511,5750.2911,23.5145,0.4089,136140322.0,187032631.459
000905.SH,20250507,5750.2911,5805.656,5819.2422,5713.2734,5740.3338,9.9573,0.1735,171011757.0,227566204.818
000905.SH,20250506,5740.3338,5668.8762,5740.3338,5666.4698,5631.8249,108.5089,1.9267,162773606.0,217059975.785
000905.SH,20250430,5631.8249,5604.6537,5647.7821,5603.1718,5604.9057,26.9192,0.4803,138386621.0,181616584.523
000905.SH,20250429,5604.9057,5583.7186,5622.022,5571.2363,5598.2951,6.6106,0.1181,126742927.0,158033003.94
000905.SH,20250428,5598.2951,5624.4166,5628.0778,5587.7857,5627.1804,-28.8853,-0.5133,136218094.0,167616287.077
000905.SH,20250425,5627.1804,5613.1407,5661.5869,5596.5266,5605.8796,21.3008,0.38,140000800.0,171933817.273
000905.SH,20250424,5605.8796,5633.024,5651.5343,5583.4302,5634.9487,-29.0691,-0.5159,122696696.0,157899194.341
000905.SH,20250423,5634.9487,5647.9148,5670.2595,5614.7677,5624.209,10.7397,0.191,127007764.0,177991292.765
000905.SH,20250422,5624.209,5634.8936,5651.5541,5617.8786,5642.3805,-18.1715,-0.3221,124666689.0,164464321.327
000905.SH,20250421,5642.3805,5556.5126,5646.2179,5535.6994,5560.7207,81.6598,1.4685,123111883.0,160264813.234
000905.SH,20250418,5560.7207,5546.9666,5579.4791,5525.4046,5557.0105,3.7102,0.0668,111644258.0,139804146.812
000905.SH,20250417,5557.0105,5527.5905,5604.6198,5526.8881,5556.8642,0.1463,0.0026,113652382.0,148283242.243
000905.SH,20250416,5556.8642,5589.7769,5592.6741,5492.6546,5602.534,-45.6698,-0.8152,132537224.0,163751037.65
000905.SH,20250415,5602.534,5625.0005,5626.677,5567.0271,5627.1375,-24.6035,-0.4372,123273708.0,161900884.813
000905.SH,20250414,5627.1375,5633.7792,5661.8049,5608.7297,5581.3184,45.8191,0.8209,155487077.0,207470466.691
000905.SH,20250411,5581.3184,5514.188,5631.5954,5510.8949,5544.0646,37.2538,0.672,164411663.0,227659789.696
000905.SH,20250410,5544.0646,5534.559,5610.1895,5513.9544,5439.7716,104.293,1.9172,211963035.0,268666431.277
000905.SH,20250409,5439.7716,5249.6841,5465.1449,5135.9655,5326.914,112.8576,2.1186,245118027.0,288257435.804
000905.SH,20250408,5326.914,5279.7566,5371.1834,5249.2318,5287.0333,39.8807,0.7543,223840665.0,261875349.4
000905.SH,20250407,5287.0333,5523.9636,5587.8502,5212.6773,5845.5045,-558.4712,-9.5539,236522656.0,267397400.609
000905.SH,20250403,5845.5045,5842.6167,5906.7057,5817.9662,5899.0865,-53.582,-0.9083,134938625.0,173662140.192
000905.SH,20250402,5899.0865,5884.8925,5936.6467,5884.1126,5892.8502,6.2363,0.1058,112159960.0,140642079.451
000905.SH,20250401,5892.8502,5870.9424,5931.5038,5867.848,5857.7721,35.0781,0.5988,136448602.0,179327950.525
000905.SH,20250331,5857.7721,5886.956,5908.3026,5802.4187,5916.0314,-58.2593,-0.9848,154256090.0,189563392.181
000905.SH,20250328,5916.0314,5954.7297,5973.8015,5904.9159,5957.6017,-41.5703,-0.6978,134261927.0,168899478.619
000905.SH,20250327,5957.6017,5932.5165,6000.6615,5891.7664,5948.4986,9.1031,0.153,134708904.0,176590477.346
000905.SH,20250326,5948.4986,5935.8537,5983.4739,5935.8537,5946.951,1.5476,0.026,136702111.0,171695842.017
000905.SH,20250325,5946.951,5969.4164,5993.9312,5929.6734,5969.0789,-22.1279,-0.3707,147483948.0,192227014.821
000905.SH,20250324,5969.0789,5973.0466,5987.0606,5882.878,5971.9302,-2.8513,-0.0477,169192435.0,220094329.256
000905.SH,20250321,5971.9302,6038.9899,6071.0846,5951.7952,6059.4859,-87.5557,-1.4449,174103785.0,225801003.415
000905.SH,20250320,6059.4859,6094.8426,6109.1829,6055.3811,6101.4369,-41.951,-0.6876,147187865.0,203849586.196
000905.SH,20250319,6101.4369,6117.4233,6128.2297,6076.5643,6133.3018,-31.8649,-0.5195,153893780.0,218871992.193
000905.SH,20250318,6133.3018,6126.0357,6161.2281,6114.2064,6108.0176,25.2842,0.414,166023043.0,236342189.394
000905.SH,20250317,6108.0176,6119.6064,6129.8543,6098.5079,6099.9809,8.0367,0.1317,184317273.0,250160671.108
000905.SH,20250314,6099.9809,5993.9702,6099.9809,5978.5321,5993.967,106.0139,1.7687,219245834.0,289038080.526
000905.SH,20250313,5993.967,6032.8545,6050.1782,5947.7816,6040.4965,-46.5295,-0.7703,193710717.0,253622427.436
000905.SH,20250312,6040.4965,6068.3762,6098.2352,6038.8221,6044.9742,-4.4777,-0.0741,184763537.0,267906301.207
000905.SH,20250311,6044.9742,5944.4197,6044.9742,5942.9124,6013.6191,31.3551,0.5214,173855643.0,245205106.219
000905.SH,20250310,6013.6191,6022.6814,6041.5219,5971.8131,6013.7747,-0.1556,-0.0026,173044336.0,248513462.299
000905.SH,20250307,6013.7747,6029.3813,6067.3481,5989.3206,6047.7734,-33.9987,-0.5622,207437149.0,301122130.059
000905.SH,20250306,6047.7734,5980.3798,6062.5412,5972.6039,5950.7034,97.07,1.6312,213042852.0,320542701.864
000905.SH,20250305,5950.7034,5937.1074,5955.8988,5892.5332,5937.6302,13.0732,0.2202,163071500.0,241738025.093
000905.SH,20250304,5937.6302,5845.4712,5943.0837,5843.4633,5885.7696,51.8606,0.8811,153922211.0,231145314.805
000905.SH,20250303,5885.7696,5875.9522,5964.2684,5851.56,5859.8708,25.8988,0.442,185024581.0,266955659.876
000905.SH,20250228,5859.8708,5997.9175,6007.4724,5847.1512,6028.9856,-169.1148,-2.805,205223814.0,298290643.729
000905.SH,20250227,6028.9856,6050.1864,6064.491,5940.3354,6051.7401,-22.7545,-0.376,216652930.0,328254761.443
000905.SH,20250226,6051.7401,5990.2901,6055.8727,5973.8574,5979.9653,71.7748,1.2003,210860898.0,327265336.672
000905.SH,20250225,5979.9653,5967.0367,6044.7559,5956.1761,6044.973,-65.0077,-1.0754,206833953.0,340316449.158
000905.SH,20250224,6044.973,6057.3801,6079.0169,6007.1786,6057.0648,-12.0918,-0.1996,243813798.0,382362648.271
000905.SH,20250221,6057.0648,5969.6462,6061.824,5943.1948,5957.5465,99.5183,1.6705,252317128.0,396960769.354
000905.SH,20250220,5957.5465,5941.599,5977.7301,5920.5681,5943.8823,13.6642,0.2299,198207411.0,305885399.073
000905.SH,20250219,5943.8823,5834.9547,5945.3461,5831.4815,5840.7112,103.1711,1.7664,205298305.0,313960331.577
000905.SH,20250218,5840.7112,5935.4993,5947.9342,5816.0511,5948.7197,-108.0085,-1.8157,214941482.0,306905660.929
000905.SH,20250217,5948.7197,5979.8446,5985.3644,5906.2661,5947.796,0.9237,0.0155,233901689.0,356940293.724
000905.SH,20250214,5947.796,5893.9342,5954.477,5886.9501,5898.2611,49.5349,0.8398,211914261.0,306627494.264
000905.SH,20250213,5898.2611,5938.2034,5957.5798,5889.6952,5940.5299,-42.2688,-0.7115,228281839.0,313080162.906
000905.SH,20250212,5940.5299,5841.3618,5940.5374,5841.3188,5858.2805,82.2494,1.404,195446155.0,285438865.879
000905.SH,20250211,5858.2805,5890.3732,5890.3732,5827.3777,5888.5509,-30.2704,-0.5141,181920508.0,260281069.641
000905.SH,20250210,5888.5509,5858.2425,5895.4055,5836.1713,5833.9883,54.5626,0.9353,209300905.0,286253277.531
000905.SH,20250207,5833.9883,5750.2887,5889.4279,5741.7326,5747.9012,86.0871,1.4977,232718863.0,327949184.791
000905.SH,20250206,5747.9012,5606.8707,5749.0232,5597.3246,5614.3872,133.514,2.3781,181428193.0,257122087.04
000905.SH,20250205,5614.3872,5643.1747,5646.0366,5588.5558,5589.3432,25.044,0.4481,155674141.0,214999512.245
000905.SH,20250127,5589.3432,5660.4848,5676.0261,5589.3432,5649.9504,-60.6072,-1.0727,136546056.0,163085841.548
000905.SH,20250124,5649.9504,5570.48,5660.4337,5570.48,5584.2548,65.6956,1.1764,139438058.0,180858845.316
000905.SH,20250123,5584.2548,5659.3685,5717.6887,5584.2548,5607.0594,-22.8046,-0.4067,163419987.0,203633761.249
000905.SH,20250122,5607.0594,5606.8472,5618.581,5567.7793,5633.9249,-26.8655,-0.4769,115374996.0,158106585.549
000905.SH,20250121,5633.9249,5639.6037,5642.9168,5573.5002,5614.3311,19.5938,0.349,126491300.0,170909135.203
000905.SH,20250120,5614.3311,5621.9247,5665.183,5598.1584,5587.2939,27.0372,0.4839,135712507.0,173426107.632
000905.SH,20250117,5587.2939,5524.205,5621.9367,5519.4109,5545.6336,41.6603,0.7512,126691174.0,164437435.727
000905.SH,20250116,5545.6336,5546.6997,5633.8547,5508.9146,5522.459,23.1746,0.4196,149318085.0,182995873.632
000905.SH,20250115,5522.459,5559.5785,5569.1895,5509.5757,5572.2722,-49.8132,-0.8939,138393243.0,169060453.013
000905.SH,20250114,5572.2722,5393.763,5582.835,5378.5875,5381.6974,190.5748,3.5412,172142860.0,208083727.936
000905.SH,20250113,5381.6974,5319.7013,5422.0115,5319.2741,5369.2811,12.4163,0.2312,119682937.0,139406540.969
000905.SH,20250110,5369.2811,5449.0014,5496.3833,5369.2811,5456.5863,-87.3052,-1.6,130179553.0,159984103.633
000905.SH,20250109,5456.5863,5437.8128,5493.6799,5436.7036,5461.5861,-4.9998,-0.0915,129832627.0,156798867.821
000905.SH,20250108,5461.5861,5462.324,5501.6555,5326.9259,5484.6847,-23.0986,-0.4211,163849915.0,181141237.076
000905.SH,20250107,5484.6847,5429.1729,5485.5848,5405.1327,5427.1007,57.584,1.061,145065278.0,159836326.878
000905.SH,20250106,5427.1007,5421.0653,5482.6253,5384.3326,5427.8041,-0.7034,-0.013,146265658.0,156743673.376
000905.SH,20250103,5427.8041,5552.75,5581.3978,5419.7429,5545.8174,-118.0133,-2.128,174077310.0,187233075.271
000905.SH,20250102,5545.8174,5717.9157,5722.1107,5498.8216,5725.7324,-179.915,-3.1422,193763157.0,220078999.057
000905.SH,20241231,5725.7324,5902.033,5905.463,5725.7324,5898.884,-173.1516,-2.9353,182158855.0,217194009.079
000905.SH,20241230,5898.884,5890.4633,5928.5718,5867.8538,5899.1665,-0.2825,-0.0048,155565586.0,196182578.97
000905.SH,20241227,5899.1665,5892.6943,5975.7919,5881.7173,5887.0605,12.106,0.2056,179085498.0,236680633.736
000905.SH,20241226,5887.0605,5830.7212,5897.4827,5830.7212,5840.2889,46.7716,0.8008,145319444.0,201723277.582
000905.SH,20241225,5840.2889,5896.4295,5897.5101,5796.6475,5895.2595,-54.9706,-0.9325,157279132.0,191269446.368
000905.SH,20241224,5895.2595,5827.1597,5897.1946,5827.1597,5818.551,76.7085,1.3183,167365824.0,196112525.346
000905.SH,20241223,5818.551,5917.6939,5935.1523,5815.3415,5917.1751,-98.6241,-1.6667,177315486.0,217347047.188
000905.SH,20241220,5917.1751,5889.946,5962.4154,5889.946,5901.9155,15.2596,0.2586,178090399.0,221132517.266
000905.SH,20241219,5901.9155,5829.2631,5918.4895,5816.4729,5888.6162,13.2993,0.2258,196531194.0,211287492.264
000905.SH,20241218,5888.6162,5861.2624,5921.9798,5853.1628,5848.1628,40.4534,0.6917,187996290.0,193282038.369
000905.SH,20241217,5848.1628,5896.9676,5924.6244,5837.2514,5912.6014,-64.4386,-1.0899,193108547.0,204630242.338
000905.SH,20241216,5912.6014,5983.1598,5991.5772,5888.0426,5988.292,-75.6906,-1.264,214647441.0,241790858.877
000905.SH,20241213,5988.292,6065.9542,6065.9542,5988.292,6100.3945,-112.1025,-1.8376,286328198.0,307316221.178
000905.SH,20241212,6100.3945,6048.7814,6107.7146,6023.2343,6047.105,53.2895,0.8812,243653690.0,258380795.571
000905.SH,20241211,6047.105,5973.326,6051.4718,5972.2696,5992.0937,55.0113,0.9181,253883941.0,250011474.489
000905.SH,20241210,5992.0937,6132.291,6141.0655,5982.5833,5947.1089,44.9848,0.7564,320527823.0,324711288.431
000905.SH,20241209,5947.1089,5983.3343,6004.2343,5911.3619,5979.197,-32.0881,-0.5367,284462209.0,237294662.392
000905.SH,20241206,5979.197,5903.4988,6011.7691,5877.0434,5901.9859,77.2111,1.3082,265329536.0,255600553.068
000905.SH,20241205,5901.9859,5855.7419,5923.6243,5853.527,5879.2695,22.7164,0.3864,198542236.0,212251881.677
000905.SH,20241204,5879.2695,5929.4763,5940.8545,5850.9094,5932.1207,-52.8512,-0.8909,215991634.0,234212942.759
000905.SH,20241203,5932.1207,5946.7352,5954.6607,5877.8012,5943.6245,-11.5038,-0.1935,209870509.0,229346951.927
000905.SH,20241202,5943.6245,5853.7053,5956.5981,5848.4235,5851.9385,91.686,1.5668,236181308.0,257212815.525
000905.SH,20241129,5851.9385,5748.1665,5899.873,5736.4093,5757.5965,94.342,1.6386,204255544.0,243571196.944
000905.SH,20241128,5757.5965,5802.797,5826.4882,5749.2874,5804.9368,-47.3403,-0.8155,172183537.0,204358289.211
000905.SH,20241127,5804.9368,5669.5549,5805.635,5603.9955,5690.4792,114.4576,2.0114,175313302.0,204528721.581
000905.SH,20241126,5690.4792,5727.3734,5773.3559,5688.5764,5735.6493,-45.1701,-0.7875,147562865.0,170186745.3
000905.SH,20241125,5735.6493,5754.5473,5774.8166,5662.0946,5750.2457,-14.5964,-0.2538,186005060.0,215261571.671
000905.SH,20241122,5750.2457,5969.0753,5983.3393,5750.2457,5985.3128,-235.0671,-3.9274,225066737.0,267675732.292
000905.SH,20241121,5985.3128,5973.1547,6009.6285,5937.8052,5992.3904,-7.0776,-0.1181,206198941.0,252722313.895
000905.SH,20241120,5992.3904,5920.3229,6015.2339,5909.106,5936.6015,55.7889,0.9397,217345224.0,261005441.61
000905.SH,20241119,5936.6015,5836.6108,5936.9347,5776.2017,5833.0358,103.5657,1.7755,241404215.0,262477730.6
000905.SH,20241118,5833.0358,5940.4862,5977.4919,5799.9082,5924.4834,-91.4476,-1.5436,282527224.0,296423264.134
000905.SH,20241115,5924.4834,6055.5354,6093.4226,5924.35,6078.3051,-153.8217,-2.5307,236226042.0,309679795.181
000905.SH,20241114,6078.3051,6240.6093,6240.6093,6068.6584,6259.8412,-181.5361,-2.9,239743138.0,317335892.175
000905.SH,20241113,6259.8412,6234.1577,6282.2777,6162.8979,6263.883,-4.0418,-0.0645,260400673.0,347812976.327
000905.SH,20241112,6263.883,6349.2295,6382.9784,6205.0988,6330.6152,-66.7322,-1.0541,332856919.0,452685440.809
000905.SH,20241111,6330.6152,6211.0328,6330.8046,6199.0563,6222.445,108.1702,1.7384,334096921.0,453328339.553
000905.SH,20241108,6222.445,6306.7986,6333.6792,6206.2949,6239.5598,-17.1148,-0.2743,385648347.0,470080201.609
000905.SH,20241107,6239.5598,6061.7349,6240.7574,6049.587,6125.7868,113.773,1.8573,418413323.0,465814955.829
000905.SH,20241106,6125.7868,6134.9236,6204.5331,6081.8065,6111.9707,13.8161,0.226,415187737.0,502324104.677
000905.SH,20241105,6111.9707,5925.8652,6119.2536,5910.8887,5928.9085,183.0622,3.0876,366344492.0,441462863.294
000905.SH,20241104,5928.9085,5835.3918,5928.9085,5835.3918,5831.8217,97.0868,1.6648,286552294.0,342776867.78
000905.SH,20241101,5831.8217,5893.3192,5934.2031,5795.0805,5901.2904,-69.4687,-1.1772,369840641.0,429257467.07
000905.SH,20241031,5901.2904,5839.9766,5935.1827,5812.0324,5837.9338,63.3566,1.0853,313549202.0,377454102.585
000905.SH,20241030,5837.9338,5793.8326,5869.1113,5777.43,5812.5286,25.4052,0.4371,252021275.0,315956554.496
000905.SH,20241029,5812.5286,5903.3065,5917.2149,5807.29,5883.7203,-71.1917,-1.21,275371143.0,332481504.887
000905.SH,20241028,5883.7203,5816.3296,5883.7203,5787.4843,5809.6879,74.0324,1.2743,270653787.0,312663682.664
000905.SH,20241025,5809.6879,5735.2853,5855.2647,5729.4384,5726.7041,82.9838,1.4491,236725708.0,299590180.533
000905.SH,20241024,5726.7041,5747.5577,5759.8651,5694.7789,5776.383,-49.6789,-0.86,207690046.0,257232250.89
000905.SH,20241023,5776.383,5745.1069,5853.4555,5727.7736,5753.8497,22.5333,0.3916,273412640.0,336167749.458
000905.SH,20241022,5753.8497,5703.3196,5779.2983,5673.7901,5704.225,49.6247,0.87,237023624.0,312584329.12
000905.SH,20241021,5704.225,5680.5648,5797.8808,5631.2316,5640.0198,64.2052,1.1384,266885186.0,359965731.44
000905.SH,20241018,5640.0198,5416.0319,5774.1408,5404.2035,5418.9883,221.0315,4.0788,287114219.0,352062136.787
000905.SH,20241017,5418.9883,5499.7659,5541.0331,5417.881,5461.0877,-42.0994,-0.7709,202768685.0,234458932.483
000905.SH,20241016,5461.0877,5393.6657,5546.1764,5393.6657,5472.56,-11.4723,-0.2096,205450926.0,222425749.319
000905.SH,20241015,5472.56,5578.2611,5661.0749,5471.8807,5608.153,-135.593,-2.4178,238997019.0,276816614.631
000905.SH,20241014,5608.153,5503.6461,5623.9685,5408.3917,5470.8133,137.3397,2.5104,250608541.0,279231292.489
000905.SH,20241011,5470.8133,5650.0488,5652.852,5408.8696,5690.8822,-220.0689,-3.867,244383373.0,266749263.112
000905.SH,20241010,5690.8822,5768.6107,5875.9358,5597.4766,5735.641,-44.7588,-0.7804,353480245.0,390814224.053
000905.SH,20241009,5735.641,6013.7015,6088.0804,5704.4779,6155.5817,-419.9407,-6.8221,431156416.0,529447530.364
000905.SH,20241008,6155.5817,6417.8142,6417.8142,5868.8525,5743.217,412.3647,7.18,493546420.0,579263323.622
000905.SH,20240930,5743.217,5449.7889,5757.9213,5387.338,5201.6656,541.5514,10.4111,388703200.0,418784669.569
000905.SH,20240927,5201.6656,5027.2644,5227.9577,5021.5148,4938.1839,263.4817,5.3356,230177508.0,232646658.013
000905.SH,20240926,4938.1839,4725.996,4938.1839,4719.3492,4731.4755,206.7084,4.3688,229930323.0,196122560.309
000905.SH,20240925,4731.4755,4743.6343,4847.2034,4724.4301,4689.5964,41.8791,0.893,204593519.0,182209573.751
000905.SH,20240924,4689.5964,4524.2214,4690.5736,4503.1245,4494.6878,194.9086,4.3364,177144703.0,159947071.683
000905.SH,20240923,4494.6878,4495.7805,4545.5411,4483.13,4498.3901,-3.7023,-0.0823,89935227.0,85104838.086
000905.SH,20240920,4498.3901,4514.9598,4515.8064,4471.9438,4520.3939,-22.0038,-0.4868,94312044.0,89084435.755
000905.SH,20240919,4520.3939,4481.4635,4565.3899,4437.5363,4462.8701,57.5238,1.2889,115611868.0,105405904.205
000905.SH,20240918,4462.8701,4450.089,4474.722,4397.161,4450.9587,11.9114,0.2676,90989683.0,79102523.648
000905.SH,20240913,4450.9587,4500.3949,4509.072,4450.9587,4496.5919,-45.6332,-1.0148,92533757.0,85710614.26
000905.SH,20240912,4496.5919,4518.9882,4568.7462,4496.5919,4514.9158,-18.3239,-0.4059,86654304.0,80916511.376
000905.SH,20240911,4514.9158,4490.1867,4529.3452,4479.0306,4507.7074,7.2084,0.1599,85206842.0,81707868.06
000905.SH,20240910,4507.7074,4509.3236,4528.6691,4432.9128,4507.1866,0.5208,0.0116,98529542.0,87011759.812
000905.SH,20240909,4507.1866,4517.5658,4541.7935,4487.8427,4537.4544,-30.2678,-0.6671,91944608.0,81907584.835
000905.SH,20240906,4537.4544,4609.3419,4613.3097,4535.3486,4601.0911,-63.6367,-1.3831,90147596.0,80215749.103
000905.SH,20240905,4601.0911,4585.1677,4630.6388,4582.0535,4582.084,19.0071,0.4148,80583723.0,80148632.781
000905.SH,20240904,4582.084,4567.6858,4623.3782,4552.3037,4596.4819,-14.3979,-0.3132,92435685.0,88646018.095
000905.SH,20240903,4596.4819,4543.2198,4612.2826,4543.2198,4546.8832,49.5987,1.0908,98589686.0,92749159.673
000905.SH,20240902,4546.8832,4631.9003,4632.3107,4546.8393,4639.1144,-92.2312,-1.9881,126368517.0,115893027.848
000905.SH,20240830,4639.1144,4557.5014,4704.3407,4548.3827,4557.9006,81.2138,1.7818,151593361.0,144749168.233
000905.SH,20240829,4557.9006,4483.5534,4577.7919,4475.2228,4500.0088,57.8918,1.2865,103115562.0,96829969.885
000905.SH,20240828,4500.0088,4486.4311,4527.7686,4482.0324,4495.2856,4.7232,0.1051,82681199.0,74244549.233
000905.SH,20240827,4495.2856,4532.4861,4532.4861,4487.0915,4544.3594,-49.0738,-1.0799,82529205.0,78742868.645
000905.SH,20240826,4544.3594,4542.8564,4558.5917,4523.7274,4537.0872,7.2722,0.1603,87118296.0,84365247.767
000905.SH,20240823,4537.0872,4523.9907,4549.3026,4513.2038,4533.3695,3.7177,0.082,75778364.0,71369991.696
000905.SH,20240822,4533.3695,4589.4956,4595.0496,4526.2499,4587.1218,-53.7523,-1.1718,85856868.0,78202476.719
000905.SH,20240821,4587.1218,4589.0885,4610.8666,4582.2653,4602.0095,-14.8877,-0.3235,83526910.0,74809964.819
000905.SH,20240820,4602.0095,4684.2948,4686.3633,4590.3913,4682.9628,-80.9533,-1.7287,91846146.0,81351685.185
000905.SH,20240819,4682.9628,4666.3308,4729.8742,4666.2577,4670.3789,12.5839,0.2694,87136867.0,80742361.426
000905.SH,20240816,4670.3789,4703.6042,4708.0187,4662.1132,4698.375,-27.9961,-0.5959,87379580.0,81927269.813
000905.SH,20240815,4698.375,4656.695,4746.4095,4647.7947,4667.0731,31.3019,0.6707,90973293.0,83712897.622
000905.SH,20240814,4667.0731,4729.8146,4730.2369,4667.0731,4731.8353,-64.7622,-1.3686,74588030.0,68308163.886
000905.SH,20240813,4731.8353,4713.9598,4731.8353,4680.5879,4714.1586,17.6767,0.375,81365173.0,71101413.452
000905.SH,20240812,4714.1586,4716.9605,4737.1908,4696.0525,4720.3104,-6.1518,-0.1303,89100832.0,76375856.58
000905.SH,20240809,4720.3104,4778.2568,4805.0992,4720.3104,4755.8149,-35.5045,-0.7465,108819586.0,88057504.682
000905.SH,20240808,4755.8149,4737.0927,4791.6592,4701.7856,4751.9408,3.8741,0.0815,104309253.0,95364149.202
000905.SH,20240807,4751.9408,4747.9803,4783.4202,4719.938,4750.776,1.1648,0.0245,96989481.0,96834771.203
000905.SH,20240806,4750.776,4740.4539,4774.9279,4699.1769,4693.8478,56.9282,1.2128,107774770.0,105286322.238
000905.SH,20240805,4693.8478,4756.0755,4846.542,4693.8165,4788.6159,-94.7681,-1.979,113338148.0,123487463.651
000905.SH,20240802,4788.6159,4816.9369,4874.7114,4783.115,4852.9725,-64.3566,-1.3261,98529844.0,105654740.577
000905.SH,20240801,4852.9725,4893.8709,4928.2412,4834.6536,4886.4136,-33.4411,-0.6844,113213393.0,119765528.789
000905.SH,20240731,4886.4136,4694.7288,4887.9192,4687.0458,4699.282,187.1316,3.9821,143180919.0,146601666.178
000905.SH,20240730,4699.282,4694.5247,4712.0417,4650.5592,4708.8443,-9.5623,-0.2031,83353382.0,86181033.614
000905.SH,20240729,4708.8443,4740.499,4742.1481,4702.9803,4736.3771,-27.5328,-0.5813,81102039.0,90979232.032
000905.SH,20240726,4736.3771,4670.4463,4744.4537,4670.4463,4665.4488,70.9283,1.5203,86472049.0,94118612.2
000905.SH,20240725,4665.4488,4644.4217,4710.4627,4635.244,4668.0621,-2.6133,-0.056,88600074.0,95885153.87
000905.SH,20240724,4668.0621,4712.287,4738.762,4661.8271,4722.7994,-54.7373,-1.159,112674635.0,103026731.862
000905.SH,20240723,4722.7994,4862.9705,4862.9705,4722.7994,4865.9778,-143.1784,-2.9424,102403712.0,110578297.603
000905.SH,20240722,4865.9778,4872.6362,4885.3641,4839.1121,4872.0532,-6.0754,-0.1247,92710458.0,110307683.161
000905.SH,20240719,4872.0532,4853.0422,4900.3787,4842.9297,4877.6916,-5.6384,-0.1156,93290746.0,111989382.468
000905.SH,20240718,4877.6916,4822.1303,4879.6927,4793.4294,4856.5794,21.1122,0.4347,96654750.0,115283847.816
000905.SH,20240717,4856.5794,4893.4137,4900.3599,4853.603,4898.3626,-41.7832,-0.853,96909547.0,117932902.594
000905.SH,20240716,4898.3626,4877.601,4907.8321,4850.4315,4883.8971,14.4655,0.2962,87267978.0,113648284.398
000905.SH,20240715,4883.8971,4903.5161,4903.5161,4868.743,4919.3639,-35.4668,-0.721,86824312.0,102734711.417
000905.SH,20240712,4919.3639,4926.9812,4937.3471,4905.7967,4939.7318,-20.3679,-0.4123,97175106.0,115594261.3
000905.SH,20240711,4939.7318,4902.8106,4941.7015,4871.172,4844.1624,95.5694,1.9729,115275494.0,133127527.343
000905.SH,20240710,4844.1624,4857.483,4891.3725,4836.17,4876.899,-32.7366,-0.6713,100953186.0,117244916.014
000905.SH,20240709,4876.899,4775.3131,4888.4822,4745.3165,4783.6165,93.2825,1.95,111401968.0,126704548.339
000905.SH,20240708,4783.6165,4857.0245,4857.2655,4768.5636,4866.2647,-82.6482,-1.6984,90254500.0,96789200.227
000905.SH,20240705,4866.2647,4828.8628,4877.9326,4794.1292,4834.4982,31.7665,0.6571,83133279.0,93724633.827
000905.SH,20240704,4834.4982,4917.4414,4935.6055,4827.342,4910.9245,-76.4263,-1.5563,91008466.0,98771611.007
000905.SH,20240703,4910.9245,4945.3994,4950.5148,4905.3897,4949.4771,-38.5526,-0.7789,84528331.0,96121126.342
000905.SH,20240702,4949.4771,5000.5757,5002.7424,4934.1169,5003.1608,-53.6837,-1.073,96209334.0,105902911.013
000905.SH,20240701,5003.1608,4943.7867,5017.6099,4929.0871,4942.7817,60.3791,1.2216,97312793.0,110821074.066
000905.SH,20240628,4942.7817,4914.6693,5003.4091,4914.5467,4928.0514,14.7303,0.2989,106308342.0,114743251.799
000905.SH,20240627,4928.0514,4998.9936,5000.1752,4925.1601,5020.4318,-92.3804,-1.8401,88537187.0,97364975.399
000905.SH,20240626,5020.4318,4942.1652,5024.7679,4915.6644,4948.6343,71.7975,1.4509,93394621.0,102152255.03
000905.SH,20240625,4948.6343,4989.0713,5007.3355,4918.0393,4992.9097,-44.2754,-0.8868,91636779.0,104683752.506
000905.SH,20240624,4992.9097,5072.8028,5078.955,4986.7679,5102.3292,-109.4195,-2.1445,100186646.0,113108464.982
000905.SH,20240621,5102.3292,5079.9226,5128.1378,5071.6547,5094.5653,7.7639,0.1524,83838907.0,98090349.439
000905.SH,20240620,5094.5653,5162.1609,5184.747,5092.2867,5168.8204,-74.2551,-1.4366,95609003.0,113062777.427
000905.SH,20240619,5168.8204,5235.4758,5236.3018,5168.8204,5230.8913,-62.0709,-1.1866,87849590.0,111740529.823
000905.SH,20240618,5230.8913,5207.9777,5243.5867,5204.9707,5207.128,23.7633,0.4564,94090903.0,120391272.834
000905.SH,20240617,5207.128,5189.284,5223.5894,5184.5987,5213.0927,-5.9647,-0.1144,107970664.0,135704407.617
000905.SH,20240614,5213.0927,5180.2887,5235.8781,5163.384,5194.59,18.5027,0.3562,133998620.0,146009261.401
000905.SH,20240613,5194.59,5231.9096,5233.7954,5182.7423,5232.9534,-38.3634,-0.7331,118232764.0,123194241.679
000905.SH,20240612,5232.9534,5209.1344,5245.9909,5205.5716,5217.4702,15.4832,0.2968,103065569.0,111341271.704
000905.SH,20240611,5217.4702,5182.4129,5232.8495,5159.334,5208.9798,8.4904,0.163,116437116.0,119660626.659
000905.SH,20240607,5208.9798,5247.1462,5258.818,5172.0505,5228.8002,-19.8204,-0.3791,113527478.0,118553769.519
000905.SH,20240606,5228.8002,5291.5208,5305.878,5213.6618,5277.9405,-49.1403,-0.9311,133368231.0,135739981.47
000905.SH,20240605,5277.9405,5328.8678,5347.4297,5277.9405,5341.9496,-64.0091,-1.1982,105792757.0,111608396.273
000905.SH,20240604,5341.9496,5263.2256,5352.2839,5247.5837,5274.0687,67.8809,1.2871,108083144.0,117835610.769
000905.SH,20240603,5274.0687,5300.7869,5316.3352,5232.688,5308.5403,-34.4716,-0.6494,126968515.0,129543758.978
000905.SH,20240531,5308.5403,5310.7218,5357.021,5308.5403,5308.66,-0.1197,-0.0023,104151147.0,113019704.335
000905.SH,20240530,5308.66,5316.3983,5349.688,5296.4925,5328.3064,-19.6464,-0.3687,107350187.0,114757614.217
000905.SH,20240529,5328.3064,5308.593,5361.744,5305.9631,5316.1286,12.1778,0.2291,104361267.0,112762595.772
000905.SH,20240528,5316.1286,5363.33,5365.473,5310.3183,5371.3693,-55.2407,-1.0284,110965373.0,120979080.988
000905.SH,20240527,5371.3693,5325.8508,5373.1116,5284.5055,5313.4546,57.9147,1.09,115643229.0,124785634.505
000905.SH,20240524,5313.4546,5348.51,5400.1594,5311.4888,5362.3053,-48.8507,-0.911,106564175.0,117396142.025
000905.SH,20240523,5362.3053,5448.9403,5448.9403,5352.3934,5468.6068,-106.3015,-1.9438,126657569.0,135749197.02
000905.SH,20240522,5468.6068,5472.0098,5486.3049,5455.0766,5478.9131,-10.3063,-0.1881,113057782.0,126572719.199
000905.SH,20240521,5478.9131,5511.4838,5513.4235,5460.975,5523.5013,-44.5882,-0.8072,108691192.0,123832374.659
000905.SH,20240520,5523.5013,5496.7904,5536.662,5484.358,5491.8944,31.6069,0.5755,144971448.0,163572079.873
000905.SH,20240517,5491.8944,5418.6575,5493.2007,5409.7047,5424.6652,67.2292,1.2393,126916168.0,139244609.265
000905.SH,20240516,5424.6652,5461.1077,5475.3735,5408.1251,5446.6557,-21.9905,-0.4037,122108119.0,133148761.562
000905.SH,20240515,5446.6557,5495.5571,5497.0842,5441.3548,5500.7379,-54.0822,-0.9832,110124989.0,121525793.558
000905.SH,20240514,5500.7379,5508.4663,5538.7434,5484.964,5505.2595,-4.5216,-0.0821,118994399.0,132592062.466
000905.SH,20240513,5505.2595,5503.1286,5527.2001,5462.5075,5535.3954,-30.1359,-0.5444,131627588.0,146159918.962
000905.SH,20240510,5535.3954,5562.1931,5570.5652,5497.4972,5556.7712,-21.3758,-0.3847,128688030.0,144026969.941
000905.SH,20240509,5556.7712,5461.36,5568.7324,5461.36,5458.7559,98.0153,1.7956,131121230.0,153999870.752
000905.SH,20240508,5458.7559,5516.4477,5516.4477,5454.8735,5527.0847,-68.3288,-1.2363,123955621.0,139472996.786
000905.SH,20240507,5527.0847,5532.323,5543.1251,5507.5008,5528.6036,-1.5189,-0.0275,136535402.0,162155744.86
000905.SH,20240506,5528.6036,5498.4442,5535.9488,5496.9071,5441.1411,87.4625,1.6074,165791626.0,187906843.862
000905.SH,20240430,5441.1411,5471.1676,5478.0353,5436.5752,5478.4908,-37.3497,-0.6818,162797344.0,175143689.576
000905.SH,20240429,5478.4908,5371.2122,5488.2776,5371.2122,5372.1209,106.3699,1.98,190936055.0,212148850.247
000905.SH,20240426,5372.1209,5258.3847,5379.6707,5258.3847,5259.3354,112.7855,2.1445,173777701.0,193788859.192
000905.SH,20240425,5259.3354,5240.4817,5297.1627,5229.8248,5263.0391,-3.7037,-0.0704,110833929.0,127544603.285
000905.SH,20240424,5263.0391,5210.1831,5263.0391,5183.7005,5208.2712,54.7679,1.0516,117297220.0,139471094.807
000905.SH,20240423,5208.2712,5257.766,5280.0593,5196.955,5267.5811,-59.3099,-1.1259,125801120.0,139018868.11
000905.SH,20240422,5267.5811,5289.4066,5340.6307,5264.1859,5314.8667,-47.2856,-0.8897,135266882.0,150190436.488
000905.SH,20240419,5314.8667,5322.3588,5369.9543,5292.0162,5349.8361,-34.9694,-0.6537,142134216.0,156010347.136
000905.SH,20240418,5349.8361,5317.7986,5410.6963,5299.2288,5339.7467,10.0894,0.1889,153497682.0,167338860.159
000905.SH,20240417,5339.7467,5211.2486,5339.7467,5211.2486,5191.554,148.1927,2.8545,147594552.0,155660732.93
000905.SH,20240416,5191.554,5309.1005,5346.7615,5184.6535,5339.7223,-148.1683,-2.7748,162583973.0,168778499.342
000905.SH,20240415,5339.7223,5270.0415,5376.0484,5219.4286,5277.219,62.5033,1.1844,159217624.0,169269295.712
000905.SH,20240412,5277.219,5307.7225,5336.4477,5270.4618,5301.8094,-24.5904,-0.4638,118524933.0,136145117.631
000905.SH,20240411,5301.8094,5244.0544,5353.8091,5240.5101,5275.4727,26.3367,0.4992,127745143.0,141290912.857
000905.SH,20240410,5275.4727,5335.7302,5335.7302,5242.863,5342.8982,-67.4255,-1.262,117908618.0,132251020.974
000905.SH,20240409,5342.8982,5294.4743,5342.8982,5284.9557,5298.5912,44.307,0.8362,113300745.0,133262737.278
000905.SH,20240408,5298.5912,5358.9565,5383.6587,5297.559,5374.5954,-76.0042,-1.4141,148588559.0,161260958.59
000905.SH,20240403,5374.5954,5373.5021,5386.3422,5350.1601,5381.2291,-6.6337,-0.1233,133628053.0,154114398.166
000905.SH,20240402,5381.2291,5395.4811,5402.1597,5353.3119,5401.2249,-19.9958,-0.3702,132148642.0,155779915.086
000905.SH,20240401,5401.2249,5309.8325,5401.7799,5309.8325,5286.1612,115.0637,2.1767,136734854.0,166553105.409
000905.SH,20240329,5286.1612,5220.5524,5287.0376,5211.1946,5223.806,62.3552,1.1937,109047149.0,126574031.377
000905.SH,20240328,5223.806,5156.4803,5276.6382,5156.4803,5156.684,67.122,1.3017,116318192.0,140612607.112
000905.SH,20240327,5156.684,5280.7332,5282.6954,5156.684,5284.4188,-127.7348,-2.4172,110107142.0,129828707.609
000905.SH,20240326,5284.4188,5291.5227,5318.8757,5237.8993,5294.7463,-10.3275,-0.1951,116468112.0,145296216.68
000905.SH,20240325,5294.7463,5369.7761,5401.5975,5292.6372,5384.5656,-89.8193,-1.6681,130778254.0,156251665.727
000905.SH,20240322,5384.5656,5454.4143,5463.5407,5356.108,5465.8286,-81.263,-1.4867,137096029.0,163185963.749
000905.SH,20240321,5465.8286,5505.6985,5517.4566,5454.2313,5493.414,-27.5854,-0.5022,129489458.0,159252387.802
000905.SH,20240320,5493.414,5469.606,5499.2382,5455.7613,5478.2248,15.1892,0.2773,126273262.0,157036230.422
000905.SH,20240319,5478.2248,5514.55,5533.639,5477.1172,5528.447,-50.2222,-0.9084,146777240.0,176661748.328
000905.SH,20240318,5528.447,5472.3147,5528.447,5459.5453,5454.1463,74.3007,1.3623,159862638.0,190794115.131
000905.SH,20240315,5454.1463,5380.019,5456.7336,5357.1797,5392.9267,61.2196,1.1352,136405030.0,158718756.617
000905.SH,20240314,5392.9267,5415.1499,5447.5416,5352.1195,5415.1126,-22.1859,-0.4097,131887357.0,157337167.776
000905.SH,20240313,5415.1126,5430.0437,5459.3222,5389.5251,5423.7183,-8.6057,-0.1587,129746301.0,164526330.861
000905.SH,20240312,5423.7183,5445.8776,5473.2901,5385.1402,5441.0507,-17.3324,-0.3185,147072536.0,178848761.378
000905.SH,20240311,5441.0507,5342.1778,5443.0421,5339.2607,5349.595,91.4557,1.7096,142981732.0,173588864.751
000905.SH,20240308,5349.595,5282.4077,5361.7104,5268.5296,5277.2988,72.2962,1.3699,121467978.0,144003562.006
000905.SH,20240307,5277.2988,5354.3337,5384.6567,5277.2988,5350.1016,-72.8028,-1.3608,139831342.0,157442183.149
000905.SH,20240306,5350.1016,5332.8328,5405.4908,5293.9518,5351.8268,-1.7252,-0.0322,121099564.0,146843351.595
000905.SH,20240305,5351.8268,5358.2206,5382.9834,5329.9702,5388.82,-36.9932,-0.6865,140816479.0,174282675.003
000905.SH,20240304,5388.82,5386.9441,5400.1227,5325.9642,5379.0482,9.7718,0.1817,143928469.0,175906403.369
000905.SH,20240301,5379.0482,5350.8566,5387.7839,5321.5587,5346.7929,32.2553,0.6033,142298395.0,171103270.101
000905.SH,20240229,5346.7929,5154.1487,5349.7678,5154.1487,5184.0471,162.7458,3.1394,160790165.0,178975999.913
000905.SH,20240228,5184.0471,5311.4253,5383.3193,5184.0471,5307.8043,-123.7572,-2.3316,202560985.0,214135426.954
000905.SH,20240227,5307.8043,5174.8194,5307.8043,5160.8782,5195.4642,112.3401,2.1623,138971751.0,157201596.73
000905.SH,20240226,5195.4642,5194.737,5255.3615,5162.9504,5197.7115,-2.2473,-0.0432,144018944.0,152600869.382
000905.SH,20240223,5197.7115,5190.6466,5197.7115,5118.568,5176.3431,21.3684,0.4128,135265004.0,145442447.177
000905.SH,20240222,5176.3431,5133.5478,5184.6228,5117.6799,5139.0372,37.3059,0.7259,116614806.0,127546517.889
000905.SH,20240221,5139.0372,5101.4113,5252.8785,5074.8224,5140.9575,-1.9203,-0.0374,150872501.0,155561259.422
000905.SH,20240220,5140.9575,5107.5677,5151.7201,5072.8837,5141.6037,-0.6462,-0.0126,121646379.0,133242205.644
000905.SH,20240219,5141.6037,5225.1379,5225.1379,5074.7611,5150.2288,-8.6251,-0.1675,162949893.0,172805832.9
000905.SH,20240208,5150.2288,5131.8032,5367.2243,5129.7843,5109.5685,40.6603,0.7958,213676123.0,212255665.094
000905.SH,20240207,5109.5685,4813.9545,5110.8041,4813.2326,4805.9013,303.6672,6.3186,227198934.0,212618286.128
000905.SH,20240206,4805.9013,4411.298,4817.1179,4405.3085,4460.2635,345.6378,7.7493,173058335.0,156485198.829
000905.SH,20240205,4460.2635,4527.7091,4598.0608,4281.2399,4563.2221,-102.9586,-2.2563,165958337.0,143547017.412
000905.SH,20240202,4563.2221,4686.0999,4724.0488,4435.5569,4678.7308,-115.5087,-2.4688,137501832.0,124953077.789
000905.SH,20240201,4678.7308,4667.9126,4771.0465,4629.9901,4696.9796,-18.2488,-0.3885,111471910.0,107508825.588
000905.SH,20240131,4696.9796,4786.8128,4832.401,4690.9429,4814.9908,-118.0112,-2.4509,121093158.0,116592536.773
000905.SH,20240130,4814.9908,4898.3613,4939.3511,4810.099,4927.9137,-112.9229,-2.2915,99675811.0,95474113.526
000905.SH,20240129,4927.9137,5032.1113,5050.1092,4927.9137,5027.0932,-99.1795,-1.9729,116876657.0,117835011.1
000905.SH,20240126,5027.0932,5055.2878,5086.129,5009.9729,5073.1779,-46.0847,-0.9084,117009836.0,119232919.0
000905.SH,20240125,5073.1779,4931.6273,5074.4943,4910.9591,4933.7009,139.477,2.827,132307766.0,134822852.0
000905.SH,20240124,4933.7009,4886.2037,4941.4403,4766.8035,4865.743,67.9579,1.3967,114025805.0,112683270.5
000905.SH,20240123,4865.743,4771.4963,4889.4223,4727.8806,4780.9748,84.7682,1.773,99944718.0,107808853.1
000905.SH,20240122,4780.9748,5008.6804,5008.7672,4753.6302,5018.4332,-237.4584,-4.7317,109708492.0,115622857.1
000905.SH,20240119,5018.4332,5056.4765,5084.2902,5014.7667,5066.9579,-48.5247,-0.9577,78467383.0,92039421.3
000905.SH,20240118,5066.9579,5033.1032,5069.2295,4924.6815,5061.5395,5.4184,0.1071,118751055.0,123436419.7
000905.SH,20240117,5061.5395,5180.9251,5180.9251,5061.5395,5190.3975,-128.858,-2.4826,78741849.0,87930639.3
000905.SH,20240116,5190.3975,5188.3692,5210.0834,5124.0823,5193.2956,-2.8981,-0.0558,83070371.0,92337607.3
000905.SH,20240115,5193.2956,5189.5279,5238.9581,5171.2399,5206.178,-12.8824,-0.2474,73925097.0,88027788.8
000905.SH,20240112,5206.178,5213.1356,5262.6165,5206.1607,5223.8633,-17.6853,-0.3385,76619831.0,93271394.9
000905.SH,20240111,5223.8633,5152.359,5243.1387,5146.8978,5158.0784,65.7849,1.2754,85041295.0,106151947.2
000905.SH,20240110,5158.0784,5167.7319,5211.8158,5118.4332,5180.653,-22.5746,-0.4357,71173946.0,84227807.644
000905.SH,20240109,5180.653,5176.1129,5220.4578,5152.9987,5167.6997,12.9533,0.2507,78740418.0,90959823.752
000905.SH,20240108,5167.6997,5268.2339,5268.9787,5167.6997,5281.8711,-114.1714,-2.1616,83785155.0,92792791.38
000905.SH,20240105,5281.8711,5347.0727,5373.6788,5260.5939,5355.3216,-73.4505,-1.3715,89538884.0,101084569.597
000905.SH,20240104,5355.3216,5395.1428,5395.1428,5331.892,5401.395,-46.0734,-0.853,78846568.0,91011406.056
000905.SH,20240103,5401.395,5398.2939,5428.5204,5373.8317,5409.4554,-8.0604,-0.149,86705229.0,99883598.918
000905.SH,20240102,5409.4554,5431.4784,5439.4778,5409.4554,5429.2288,-19.7734,-0.3642,92964747.0,106839922.689
000905.SH,20231229,5429.2288,5376.9768,5437.1538,5374.6877,5382.7966,46.4322,0.8626,90931766.0,112533613.054
000905.SH,20231228,5382.7966,5280.6904,5400.2364,5275.4028,5285.5301,97.2665,1.8402,107699239.0,126896204.801
000905.SH,20231227,5285.5301,5261.5699,5293.7973,5235.4559,5258.2841,27.246,0.5182,75397918.0,84253444.705
000905.SH,20231226,5258.2841,5312.7999,5313.9193,5238.0417,5315.3746,-57.0905,-1.0741,67532007.0,80910364.896
000905.SH,20231225,5315.3746,5301.5735,5339.6644,5288.4665,5311.6902,3.6844,0.0694,65918772.0,81018151.919
000905.SH,20231222,5311.6902,5337.3807,5366.2345,5293.2193,5338.762,-27.0718,-0.5071,90387004.0,108918439.608
000905.SH,20231221,5338.762,5286.4531,5352.5049,5253.3152,5309.2865,29.4755,0.5552,81522318.0,96981042.377
000905.SH,20231220,5309.2865,5385.9956,5388.463,5308.5727,5379.8735,-70.587,-1.3121,75387097.0,86209163.297
000905.SH,20231219,5379.8735,5380.7346,5406.9585,5344.0325,5385.2702,-5.3967,-0.1002,70323722.0,82191407.66
000905.SH,20231218,5385.2702,5436.9888,5448.0772,5374.5881,5449.7864,-64.5162,-1.1838,78022493.0,88053828.534
000905.SH,20231215,5449.7864,5499.3692,5516.2199,5438.5282,5489.3267,-39.5403,-0.7203,80125418.0,94631897.36
000905.SH,20231214,5489.3267,5532.9861,5557.3719,5487.7542,5507.5128,-18.1861,-0.3302,74118097.0,89999982.306
000905.SH,20231213,5507.5128,5557.0463,5558.0572,5507.5128,5566.1778,-58.665,-1.054,75929894.0,96464641.302
000905.SH,20231212,5566.1778,5560.4355,5576.0089,5545.1624,5564.8538,1.324,0.0238,84232331.0,110639096.839
000905.SH,20231211,5564.8538,5473.6514,5574.1237,5429.443,5497.9897,66.8641,1.2162,118605911.0,140631297.822
000905.SH,20231208,5497.9897,5484.6829,5522.0575,5477.5286,5481.1355,16.8542,0.3075,118123774.0,140788027.712
000905.SH,20231207,5481.1355,5475.2678,5501.4783,5443.2936,5481.824,-0.6885,-0.0126,89048687.0,103621973.821
000905.SH,20231206,5481.824,5448.4575,5513.0858,5443.0738,5460.4088,21.4152,0.3922,88373997.0,102084528.903
000905.SH,20231205,5460.4088,5542.8669,5542.8669,5460.4088,5559.0682,-98.6594,-1.7747,91298248.0,103824359.572
000905.SH,20231204,5559.0682,5578.4205,5590.8353,5559.0682,5566.8689,-7.8007,-0.1401,99306543.0,119628388.288
000905.SH,20231201,5566.8689,5541.226,5576.7275,5521.0558,5545.0504,21.8185,0.3935,93371708.0,107454844.322
000905.SH,20231130,5545.0504,5548.524,5560.3283,5509.9646,5553.3349,-8.2845,-0.1492,87841505.0,95350481.599
000905.SH,20231129,5553.3349,5588.7739,5593.3712,5547.8408,5591.4955,-38.1606,-0.6825,89509151.0,96924084.4
000905.SH,20231128,5591.4955,5561.5765,5594.718,5529.5352,5566.5069,24.9886,0.4489,89373272.0,98930980.618
000905.SH,20231127,5566.5069,5562.7486,5579.7151,5531.6548,5570.4205,-3.9136,-0.0703,98218653.0,107690772.118
000905.SH,20231124,5570.4205,5619.3187,5619.3187,5556.7138,5622.9891,-52.5686,-0.9349,101248044.0,100701104.772
000905.SH,20231123,5622.9891,5566.7332,5627.7947,5548.972,5572.8986,50.0905,0.8988,98042432.0,101151204.63
000905.SH,20231122,5572.8986,5622.8615,5639.0036,5572.8986,5641.0844,-68.1858,-1.2087,104718408.0,109971792.009
000905.SH,20231121,5641.0844,5669.1651,5696.0944,5634.2723,5659.7727,-18.6883,-0.3302,114861205.0,126740611.038
000905.SH,20231120,5659.7727,5635.5867,5669.3846,5609.2691,5631.4233,28.3494,0.5034,103105072.0,119885024.783
000905.SH,20231117,5631.4233,5598.953,5632.3894,5593.4903,5609.3607,22.0626,0.3933,89422342.0,101443839.223
000905.SH,20231116,5609.3607,5647.0613,5652.4004,5609.3607,5664.617,-55.2563,-0.9755,94662677.0,105765074.961
000905.SH,20231115,5664.617,5677.5503,5684.7473,5649.7168,5630.5534,34.0636,0.605,113087937.0,131864342.621
000905.SH,20231114,5630.5534,5602.9829,5639.188,5600.7841,5605.5688,24.9846,0.4457,101073136.0,116072656.381
000905.SH,20231113,5605.5688,5589.0595,5605.5688,5565.0914,5573.0999,32.4689,0.5826,102158932.0,117833772.399
000905.SH,20231110,5573.0999,5577.3371,5585.2123,5550.8219,5592.0568,-18.9569,-0.339,94324024.0,109671917.968
000905.SH,20231109,5592.0568,5602.49,5638.0805,5582.1194,5608.0173,-15.9605,-0.2846,106362800.0,123039510.738
000905.SH,20231108,5608.0173,5602.9707,5633.9706,5577.3911,5611.0983,-3.081,-0.0549,122994558.0,139708501.031
000905.SH,20231107,5611.0983,5594.4667,5631.1001,5578.5126,5605.0621,6.0362,0.1077,120579321.0,139898836.824
000905.SH,20231106,5605.0621,5549.2909,5609.2576,5549.2909,5510.357,94.7051,1.7187,139241046.0,156664899.021
000905.SH,20231103,5510.357,5462.144,5537.7293,5462.144,5459.4517,50.9053,0.9324,97990576.0,114009935.832
000905.SH,20231102,5459.4517,5514.5172,5532.8505,5457.7453,5509.9662,-50.5145,-0.9168,90202645.0,101795786.004
000905.SH,20231101,5509.9662,5534.8883,5534.9432,5496.8278,5528.2385,-18.2723,-0.3305,87185785.0,105639439.603
000905.SH,20231031,5528.2385,5547.3243,5554.1902,5505.9335,5546.3881,-18.1496,-0.3272,105679375.0,127527068.559
000905.SH,20231030,5546.3881,5484.624,5559.7847,5483.1591,5492.0274,54.3607,0.9898,123034185.0,153066651.404
000905.SH,20231027,5492.0274,5387.2742,5514.3081,5380.9409,5398.934,93.0934,1.7243,112542804.0,132776259.32
000905.SH,20231026,5398.934,5351.1628,5404.9918,5337.4926,5375.9983,22.9357,0.4266,102485044.0,116893043.685
000905.SH,20231025,5375.9983,5386.4255,5423.0139,5375.9983,5352.0123,23.986,0.4482,114921244.0,129741397.088
000905.SH,20231024,5352.0123,5311.6694,5363.1951,5290.5047,5290.3343,61.678,1.1659,114745729.0,126190795.981
000905.SH,20231023,5290.3343,5400.5436,5400.7943,5269.8274,5423.6748,-133.3405,-2.4585,103083126.0,112227737.477
000905.SH,20231020,5423.6748,5443.4557,5473.2111,5413.0233,5464.027,-40.3522,-0.7385,94936115.0,107713531.626
000905.SH,20231019,5464.027,5496.7574,5529.8697,5463.6516,5524.5988,-60.5718,-1.0964,108078335.0,117347195.293
000905.SH,20231018,5524.5988,5586.0206,5586.0206,5519.4562,5595.3423,-70.7435,-1.2643,98953562.0,110310590.721
000905.SH,20231017,5595.3423,5585.1448,5599.424,5556.5739,5580.6666,14.6757,0.263,92516737.0,105060399.669
000905.SH,20231016,5580.6666,5633.3012,5636.3194,5559.4212,5633.3831,-52.7165,-0.9358,89867550.0,107684372.826
000905.SH,20231013,5633.3831,5645.4366,5646.0737,5616.8508,5671.6419,-38.2588,-0.6746,89391702.0,110878380.413
000905.SH,20231012,5671.6419,5655.6129,5677.8191,5642.4931,5629.7886,41.8533,0.7434,100502986.0,119947478.383
000905.SH,20231011,5629.7886,5639.0722,5674.2543,5617.8727,5630.3714,-0.5828,-0.0104,90644826.0,112202131.188
000905.SH,20231010,5630.3714,5665.6622,5678.4631,5627.4139,5658.0832,-27.7118,-0.4898,87726425.0,104621240.811
000905.SH,20231009,5658.0832,5679.6412,5680.9516,5634.3532,5690.7697,-32.6865,-0.5744,90029836.0,109095282.388
000905.SH,20230928,5690.7697,5687.6411,5704.6228,5677.531,5674.3451,16.4246,0.2895,79477338.0,101456952.318
000905.SH,20230927,5674.3451,5642.3852,5701.5084,5641.8508,5646.6544,27.6907,0.4904,81086240.0,102149151.674
000905.SH,20230926,5646.6544,5661.0321,5682.2786,5646.6544,5666.6642,-20.0098,-0.3531,74309615.0,100424427.69
000905.SH,20230925,5666.6642,5694.9025,5699.1544,5659.3191,5698.8168,-32.1526,-0.5642,93340719.0,114172282.948
