market_din_ts_code,market_din_trade_date,market_din_total_mv,market_din_float_mv,market_din_total_share,market_din_float_share,market_din_free_share,market_din_turnover_rate,market_din_turnover_rate_f,market_din_pe,market_din_pe_ttm,market_din_pb
399001.SZ,20251023,27102708154471.0,23494824169293.0,1311216471705.0,1162158182410.0,659119443340.0,1.57,2.76,32.53,30.54,2.69
399001.SZ,20251022,27028201666100.0,23432922483183.0,1311055277737.0,1162132068642.0,659027195861.0,1.39,2.45,32.44,30.47,2.68
399001.SZ,20251021,27194981437692.0,23562526209939.0,1311050936813.0,1162060512754.0,658896083164.0,1.66,2.92,32.64,30.54,2.7
399001.SZ,20251020,26719417895007.0,23131962802160.0,1311055528495.0,1162064830636.0,658471673115.0,1.6,2.83,32.07,30.22,2.66
399001.SZ,20251017,26508154712221.0,22940604778248.0,1311049158638.0,1161046624657.0,658231656322.0,1.92,3.38,31.82,30.02,2.64
399001.SZ,20251016,27294464738399.0,23616114226514.0,1311042195734.0,1161031546142.0,658216577807.0,1.83,3.24,32.76,30.92,2.72
399001.SZ,20251015,27370805001911.0,23688152600934.0,1311041460757.0,1160838807378.0,657977267544.0,2.0,3.53,32.85,31.01,2.72
399001.SZ,20251014,26955504000881.0,23318549254035.0,1311018361254.0,1160823890290.0,657977267544.0,2.57,4.53,32.36,30.53,2.68
399001.SZ,20251013,27555457754779.0,23850932700592.0,1311030588746.0,1160836117782.0,657974355013.0,2.4,4.23,33.08,31.21,2.74
399001.SZ,20251010,27818892143152.0,24081500207256.0,1311030454354.0,1160338134085.0,657970715716.0,2.55,4.5,33.39,31.51,2.77
399001.SZ,20251009,28488130669169.0,24670997224136.0,1310719590124.0,1160098050435.0,657763446193.0,2.79,4.93,34.2,32.27,2.83
399001.SZ,20250930,28061443067908.0,24292594489758.0,1310720442525.0,1159843052870.0,657738349681.0,2.18,3.85,33.68,31.79,2.79
399001.SZ,20250929,27941460127960.0,24195158336177.0,1310729117882.0,1159838922170.0,657723545837.0,2.26,3.99,33.54,31.65,2.78
399001.SZ,20250926,27415551038320.0,23730894407182.0,1310709140863.0,1159819092691.0,657674551804.0,2.09,3.69,32.91,31.06,2.73
399001.SZ,20250925,27834357385718.0,24108104676536.0,1310707525409.0,1159700805858.0,657530616017.0,2.34,4.12,33.41,31.53,2.77
399001.SZ,20250924,27685682119868.0,23981250043955.0,1310706615498.0,1159717177468.0,657571721736.0,2.28,4.02,33.23,31.36,2.75
399001.SZ,20250923,27233502457031.0,23589178691088.0,1310589696368.0,1159599769293.0,656966071660.0,2.46,4.34,32.69,30.85,2.71
399001.SZ,20250922,27343872338675.0,23665406202487.0,1310311555808.0,1159321628733.0,656966071660.0,2.12,3.74,32.82,30.98,2.72
399001.SZ,20250919,27188343836513.0,23506965782193.0,1310303760312.0,1159187446510.0,657330713417.0,2.32,4.09,32.64,30.8,2.7
399001.SZ,20250918,27201413426977.0,23518935545575.0,1310298094851.0,1159182622844.0,657058252418.0,3.18,5.62,32.65,30.81,2.7
399001.SZ,20250917,27505802090345.0,23773205819044.0,1310311203480.0,1159064008439.0,657049767397.0,2.41,4.25,33.02,31.16,2.73
399001.SZ,20250916,27193220599245.0,23492329142013.0,1310254051833.0,1158600061925.0,656924257936.0,2.5,4.41,32.64,30.8,2.7
399001.SZ,20250915,27108976177630.0,23402388337798.0,1310249631109.0,1158492824259.0,656947861355.0,2.34,4.13,32.54,30.71,2.69
399001.SZ,20250912,26940767724308.0,23268718383919.0,1310249359406.0,1158493217056.0,656954199036.0,2.55,4.5,32.34,30.52,2.68
399001.SZ,20250911,27045689492372.0,23357153789821.0,1310271420066.0,1158515277716.0,657798663611.0,2.53,4.46,32.46,30.64,2.69
399001.SZ,20250910,26267896835545.0,22664720029750.0,1310270844597.0,1158514651247.0,657870068255.0,1.97,3.47,31.53,29.76,2.61
399001.SZ,20250909,26205638337840.0,22609357249785.0,1309646884706.0,1158513867722.0,657847242089.0,2.2,3.87,31.46,29.69,2.6
399001.SZ,20250908,26504234588082.0,22870490873070.0,1309714545560.0,1158581528576.0,657844734739.0,2.49,4.39,31.81,30.02,2.63
399001.SZ,20250905,26317745764747.0,22703797856777.0,1309702977043.0,1158583133411.0,657842057974.0,2.38,4.19,31.59,29.81,2.61
399001.SZ,20250904,25429349955438.0,21924052698723.0,1309702244686.0,1158564218685.0,657807640629.0,2.64,4.65,30.52,28.81,2.53
399001.SZ,20250903,26088959049524.0,22485648265863.0,1309696033121.0,1158558007120.0,657801429064.0,2.52,4.43,31.32,29.55,2.59
399001.SZ,20250902,26359963653867.0,22682603298421.0,1309584676341.0,1158486675940.0,657752299128.0,2.91,5.13,31.64,29.86,2.62
399001.SZ,20250901,26878615682028.0,23145045725601.0,1309303285652.0,1158205285251.0,657562640985.0,2.74,4.83,32.26,30.45,2.67
399001.SZ,20250829,26675133406482.0,22948190563775.0,1309297702070.0,1158116400798.0,657608863254.0,2.89,5.08,32.02,30.23,2.66
399001.SZ,20250828,26393495084014.0,22721677995291.0,1309296780340.0,1156883354433.0,657810507973.0,3.06,5.38,31.68,29.93,2.64
399001.SZ,20250827,25917579605390.0,22275588657326.0,1309214203728.0,1156893524029.0,657477646720.0,3.42,6.01,31.11,29.32,2.6
399001.SZ,20250826,26333568520018.0,22627080010692.0,1309212659738.0,1156867211280.0,657455085612.0,2.79,4.9,31.61,29.89,2.64
399001.SZ,20250825,26266692006207.0,22569503764977.0,1309221390906.0,1156900346217.0,657280234333.0,3.28,5.77,31.53,29.98,2.64
399001.SZ,20250822,25724544214812.0,22089531735332.0,1309221378338.0,1156950280740.0,657404072210.0,2.64,4.64,30.88,29.31,2.59
399001.SZ,20250821,25214825406965.0,21675049124812.0,1308186009917.0,1156814217288.0,657417142134.0,2.45,4.32,30.27,28.65,2.54
399001.SZ,20250820,25208567799783.0,21663618867196.0,1308186009917.0,1156814562433.0,657409175788.0,2.48,4.36,30.26,28.74,2.54
399001.SZ,20250819,24969614126637.0,21450912869821.0,1308184931859.0,1156813372738.0,657256157810.0,2.44,4.29,29.97,28.47,2.52
399001.SZ,20250818,25003062001663.0,21468088465162.0,1308158342111.0,1156748665018.0,656911416213.0,2.85,5.02,30.01,28.49,2.52
399001.SZ,20250815,24609449620854.0,21131872606258.0,1308169492027.0,1155889919242.0,656861178406.0,2.23,3.92,29.54,28.05,2.49
399001.SZ,20250814,24252157081445.0,20824993544920.0,1308193196677.0,1155890144990.0,656862571676.0,2.26,3.98,29.11,27.66,2.45
399001.SZ,20250813,24454185266077.0,20987699241226.0,1308173953518.0,1155395050148.0,656823797653.0,2.07,3.64,29.35,27.89,2.47
399001.SZ,20250812,24085686851591.0,20661915546990.0,1308174967346.0,1155394865137.0,656812041330.0,1.71,3.01,28.91,27.51,2.43
399001.SZ,20250811,23976705363844.0,20568362822447.0,1308176096666.0,1155398240957.0,656835407250.0,1.78,3.13,28.78,27.39,2.42
399001.SZ,20250808,23662292556986.0,20307983527015.0,1308194562859.0,1155412658985.0,656827645074.0,1.54,2.72,28.4,27.03,2.39
399001.SZ,20250807,23717603807399.0,20300791287853.0,1308194384062.0,1154397585350.0,656822490246.0,1.68,2.95,28.47,27.09,2.4
399001.SZ,20250806,23749257604187.0,20328009131752.0,1308193504344.0,1154336608227.0,656776723997.0,1.62,2.85,28.51,27.12,2.4
399001.SZ,20250805,23604254633746.0,20207816478679.0,1308103453961.0,1154306184327.0,656741189997.0,1.5,2.64,28.33,26.96,2.38
399001.SZ,20250804,23466513296631.0,20066184249297.0,1308117016962.0,1154079238604.0,656769784729.0,1.48,2.6,28.17,26.8,2.37
399001.SZ,20250801,23373128574111.0,19984986065583.0,1308110225596.0,1154062963785.0,656758819426.0,1.66,2.91,28.06,26.72,2.36
399001.SZ,20250731,23412651437154.0,20017684052798.0,1308104216287.0,1154057149617.0,656735797400.0,2.13,3.74,28.1,26.76,2.37
399001.SZ,20250730,23862410374434.0,20305599642507.0,1308105219452.0,1153699823700.0,656741847493.0,1.91,3.36,28.64,27.41,2.42
399001.SZ,20250729,24047070310619.0,20441423047595.0,1308105756323.0,1153693062117.0,656712739695.0,1.8,3.17,28.87,27.63,2.43
399001.SZ,20250728,24742839669169.0,20293966986118.0,1304483021797.0,1151087896876.0,655049809723.0,1.88,3.31,29.7,28.43,2.5
399001.SZ,20250725,24652260000899.0,20198342636646.0,1304482866206.0,1150897109053.0,655043165836.0,2.0,3.51,29.59,28.32,2.49
399001.SZ,20250724,24734664781874.0,20252508727222.0,1304482563678.0,1150897185873.0,655043242656.0,2.12,3.72,29.69,28.44,2.5
399001.SZ,20250723,24445187404489.0,20021787640636.0,1304483397087.0,1150893629048.0,655026986517.0,2.17,3.8,29.34,28.11,2.47
399001.SZ,20250722,24542326784341.0,20099821140037.0,1304420942645.0,1150892743445.0,655020873914.0,2.13,3.74,29.46,28.22,2.48
399001.SZ,20250721,24301753179264.0,19919882657603.0,1304543983896.0,1151023440775.0,655187303728.0,1.94,3.41,29.17,27.94,2.46
399001.SZ,20250718,24072621372715.0,19739539555804.0,1304549320650.0,1150881123589.0,654991577242.0,1.63,2.86,28.9,27.68,2.43
399001.SZ,20250717,23953750398515.0,19640314508803.0,1304542959622.0,1150880670061.0,654991577242.0,1.59,2.79,28.75,27.54,2.42
399001.SZ,20250716,23647194037047.0,19383548074329.0,1304542717323.0,1150806344111.0,654917251292.0,1.55,2.72,28.39,27.19,2.38
399001.SZ,20250715,23692411457758.0,19433611490229.0,1304541025639.0,1150804099127.0,654900799942.0,1.79,3.15,28.44,27.24,2.39
399001.SZ,20250714,23603150408119.0,19365564561448.0,1304531619805.0,1150794693293.0,654961051761.0,1.55,2.73,28.33,27.15,2.38
399001.SZ,20250711,23645587872663.0,19381160943543.0,1304625457868.0,1150796720089.0,654960266757.0,1.99,3.5,28.38,27.2,2.38
399001.SZ,20250710,23511855314434.0,19274678409779.0,1304688140104.0,1150860266918.0,655018731442.0,1.71,3.0,28.22,27.05,2.37
399001.SZ,20250709,23408547404152.0,19168005873054.0,1303400322400.0,1150862320719.0,654975541958.0,1.6,2.81,28.1,26.93,2.36
399001.SZ,20250708,23417966406232.0,19174786347896.0,1303399389676.0,1150834598420.0,655579765348.0,1.53,2.69,28.11,26.94,2.36
399001.SZ,20250707,23131659004637.0,18919529674074.0,1303396213639.0,1150824566142.0,655623551566.0,1.26,2.21,27.77,26.61,2.33
399001.SZ,20250704,23265191156967.0,19031656943766.0,1303349585839.0,1150822588251.0,655623551566.0,1.5,2.63,27.93,26.77,2.34
399001.SZ,20250703,23308499835664.0,19054796757401.0,1303349239696.0,1150819015784.0,656039799346.0,1.38,2.42,27.98,26.82,2.35
399001.SZ,20250702,23063024209846.0,18849940747226.0,1303182804603.0,1150660964852.0,655009378703.0,1.51,2.65,27.68,26.53,2.32
399001.SZ,20250701,23186589706488.0,18937428679204.0,1303127096083.0,1149734935353.0,654988558686.0,1.52,2.67,27.83,26.68,2.33
399001.SZ,20250630,23161333321579.0,18902777874819.0,1303127096083.0,1149398617338.0,654755383167.0,1.61,2.83,27.8,26.65,2.33
399001.SZ,20250627,23000682561153.0,18766417065643.0,1303124638360.0,1149395167365.0,654754390917.0,1.78,3.12,27.61,26.46,2.31
399001.SZ,20250626,22953534954719.0,18715105676071.0,1303015860542.0,1149391577599.0,654782801151.0,1.69,2.96,27.55,26.41,2.31
399001.SZ,20250625,23107731065429.0,18801784280583.0,1303026951220.0,1149402668277.0,654866606576.0,1.76,3.09,27.74,26.59,2.32
399001.SZ,20250624,22732251090977.0,18502493909868.0,1303026604056.0,1149401701756.0,654845841868.0,1.46,2.56,27.29,26.15,2.28
399001.SZ,20250623,22373549197024.0,18216086796169.0,1302620024320.0,1149409522145.0,654848104783.0,1.12,1.97,26.86,25.74,2.25
399001.SZ,20250620,22300093963849.0,18149627558825.0,1302632155257.0,1149419148538.0,654076288742.0,1.07,1.89,26.77,25.66,2.24
399001.SZ,20250619,22394812555893.0,18220390107818.0,1302266237207.0,1149102400145.0,653802289634.0,1.27,2.23,26.88,25.77,2.25
399001.SZ,20250618,22681617010468.0,18441122499958.0,1302260149865.0,1149122892803.0,653827785958.0,1.19,2.09,27.23,26.1,2.28
399001.SZ,20250617,22629199265407.0,18409558849930.0,1302259061997.0,1149121804935.0,653732722364.0,1.25,2.19,27.16,26.03,2.27
399001.SZ,20250616,22667096511672.0,18425909909948.0,1302139634836.0,1148466015966.0,653726562178.0,1.23,2.16,27.21,26.08,2.27
399001.SZ,20250613,22382427418565.0,18216148151766.0,1311767731889.0,1158805431723.0,659054719222.0,1.53,2.7,27.07,25.99,2.22
399001.SZ,20250612,22618268796135.0,18399108717540.0,1311406132196.0,1157979352674.0,658732196736.0,1.23,2.16,27.36,26.26,2.24
399001.SZ,20250611,22682107805283.0,18426417725168.0,1311426370725.0,1157973071647.0,658722325392.0,1.23,2.17,27.44,26.33,2.24
399001.SZ,20250610,21612168577474.0,18279399724237.0,1308964999793.0,1157416123329.0,658131132780.0,1.33,2.34,26.14,25.09,2.14
399001.SZ,20250609,21783693387714.0,18429733311683.0,1308960176049.0,1157405172061.0,658125123079.0,1.22,2.15,26.35,25.29,2.15
399001.SZ,20250606,21676196425099.0,18324247557057.0,1308733457337.0,1157173543135.0,657905491427.0,1.05,1.85,26.22,25.17,2.14
399001.SZ,20250605,21702289896471.0,18352585987392.0,1308366158442.0,1156811103771.0,657542523363.0,1.26,2.22,26.25,25.2,2.14
399001.SZ,20250604,21596240562329.0,18255208706817.0,1308364131534.0,1156807719347.0,657492188721.0,1.18,2.08,26.12,25.07,2.13
399001.SZ,20250603,21434532214539.0,18117433450649.0,1306411707024.0,1155087702982.0,655958054864.0,1.23,2.16,25.93,24.89,2.11
399001.SZ,20250530,21379816368386.0,18080120816009.0,1306626742938.0,1154807812768.0,655445859744.0,1.15,2.03,25.86,24.82,2.11
399001.SZ,20250529,21563614997160.0,18225048900657.0,1306399683052.0,1154592366792.0,655181624742.0,1.14,2.01,26.08,25.03,2.13
399001.SZ,20250528,21319088655639.0,18011205697748.0,1306244462284.0,1154437893822.0,655027151772.0,0.93,1.64,25.79,24.75,2.1
399001.SZ,20250527,21385464221936.0,18050269998957.0,1305963701861.0,1154180542187.0,654669112014.0,0.95,1.68,25.87,24.83,2.11
399001.SZ,20250526,21514191691717.0,18150627937019.0,1305963820541.0,1154166047734.0,654617060715.0,0.99,1.75,26.02,24.98,2.12
399001.SZ,20250523,21638671621846.0,18221385385260.0,1306005856079.0,1154188010050.0,654641174600.0,1.18,2.07,26.18,25.12,2.13
399001.SZ,20250522,21790288114544.0,18358233223219.0,1305968779745.0,1153265244110.0,654003796787.0,1.12,1.97,26.36,25.3,2.14
399001.SZ,20250521,21948667626711.0,18490564708540.0,1305905714677.0,1153218394068.0,653993096201.0,1.13,2.0,26.55,25.48,2.16
399001.SZ,20250520,21847146460833.0,18410540636426.0,1305886382117.0,1153200029123.0,653996104774.0,1.13,1.99,26.43,25.36,2.16
399001.SZ,20250519,21657574893672.0,18280361501647.0,1305750415754.0,1153153485712.0,654000043711.0,1.0,1.76,26.2,25.14,2.13
399001.SZ,20250516,21661269325838.0,18280516815460.0,1305750008888.0,1153152100096.0,654000298995.0,1.03,1.82,26.2,25.15,2.13
399001.SZ,20250515,21677998636182.0,18308606489724.0,1305842380547.0,1153168121624.0,654113030880.0,1.24,2.19,26.22,25.17,2.14
399001.SZ,20250514,21993880416841.0,18588650849737.0,1305848949427.0,1153167445204.0,654077577532.0,1.52,2.68,26.6,25.53,2.17
399001.SZ,20250513,21840802058387.0,18465984881538.0,1305691595667.0,1153164434758.0,653926769752.0,1.41,2.48,26.42,25.36,2.15
399001.SZ,20250512,21877499871049.0,18478248761110.0,1305683819807.0,1153156265948.0,653972610052.0,1.41,2.49,26.46,25.4,2.15
399001.SZ,20250509,21503882652180.0,18186808911430.0,1305587124753.0,1153058339382.0,653911645306.0,1.22,2.14,26.01,24.97,2.12
399001.SZ,20250508,21632724836461.0,18299226586165.0,1305471501698.0,1152948466064.0,653865181264.0,1.39,2.45,26.17,25.12,2.13
399001.SZ,20250507,21430357263638.0,18141921846192.0,1305408067748.0,1152948464414.0,653798439986.0,1.63,2.88,25.92,24.88,2.11
399001.SZ,20250506,21364546793165.0,18089361954455.0,1305406929704.0,1152883350451.0,653710578409.0,1.52,2.69,25.84,24.8,2.1
399001.SZ,20250430,21012776268890.0,17761766132219.0,1305406929704.0,1147537346112.0,656111685367.0,1.36,2.38,25.42,24.4,2.07
399001.SZ,20250429,20929391268598.0,17691528506764.0,1305216976580.0,1147335691146.0,662696278018.0,1.17,2.02,25.3,24.53,2.06
399001.SZ,20250428,20977776044347.0,17720478654077.0,1305214577726.0,1147001447980.0,663059752433.0,1.22,2.12,24.77,24.49,2.08
399001.SZ,20250425,21118890804220.0,17827052368376.0,1305206765899.0,1146918694007.0,667920485642.0,1.33,2.29,24.67,24.78,2.12
399001.SZ,20250424,21044414075227.0,17769499180350.0,1305205615852.0,1146986036256.0,668700937950.0,1.24,2.12,23.92,24.41,2.12
399001.SZ,20250423,21163444309644.0,17856859775206.0,1305205481460.0,1146969742463.0,668782938205.0,1.43,2.45,24.31,24.51,2.14
399001.SZ,20250422,21025527833911.0,17762694121416.0,1305233446440.0,1146964199662.0,669976295550.0,1.31,2.24,23.98,24.34,2.12
399001.SZ,20250421,21065736746857.0,17803332950304.0,1305233365632.0,1146972615489.0,671598034842.0,1.22,2.08,24.08,24.37,2.12
399001.SZ,20250418,20822610549759.0,17592608076019.0,1305231299660.0,1146526676087.0,671938070224.0,0.98,1.67,23.72,23.95,2.1
399001.SZ,20250417,20799003556993.0,17560877194529.0,1305230929595.0,1146530496038.0,671951333951.0,1.07,1.82,23.78,23.98,2.1
399001.SZ,20250416,20826182382581.0,17580306284398.0,1305230977115.0,1146530471478.0,671951333951.0,1.28,2.19,23.8,24.0,2.11
399001.SZ,20250415,20999077426666.0,17717681732631.0,1305213469612.0,1146494827763.0,671726193036.0,1.21,2.07,23.99,24.21,2.12
399001.SZ,20250414,21055130458558.0,17765528966945.0,1305192567646.0,1146481515729.0,671475687195.0,1.58,2.7,24.11,24.39,2.13
399001.SZ,20250411,20934582567711.0,17666505598275.0,1305192379998.0,1146467914246.0,671475687195.0,1.62,2.76,24.15,24.25,2.12
399001.SZ,20250410,20778346078660.0,17555752405049.0,1305192101520.0,1146466222465.0,671507375949.0,2.1,3.58,23.84,24.1,2.11
399001.SZ,20250409,20331035878088.0,17163780868138.0,1305189328389.0,1146096919679.0,671378190954.0,2.29,3.92,23.4,23.6,2.06
399001.SZ,20250408,20103095565280.0,16973631864504.0,1305189328389.0,1146096123190.0,671433552758.0,2.23,3.81,23.14,23.38,2.04
399001.SZ,20250407,19903740568305.0,16837548380755.0,1305189322796.0,1146096121348.0,671439741125.0,2.15,3.68,22.89,23.14,2.02
399001.SZ,20250403,21952305748832.0,18545667428393.0,1305188069404.0,1146094859622.0,671464575392.0,1.28,2.18,25.24,25.53,2.23
399001.SZ,20250402,22219810413782.0,18787047191653.0,1305187067137.0,1146165204780.0,671409487866.0,1.02,1.73,25.52,25.68,2.26
399001.SZ,20250401,22227054045890.0,18775587209505.0,1305157855096.0,1146015495969.0,671316386914.0,1.15,1.96,25.53,25.68,2.26
399001.SZ,20250331,22208082937428.0,18752723114728.0,1305156614910.0,1146013530792.0,671341499155.0,1.37,2.34,23.82,24.8,2.25
399001.SZ,20250328,22430746622265.0,18927943281085.0,1305155526851.0,1144327367846.0,671182038749.0,1.18,2.02,23.66,24.87,2.27
399001.SZ,20250327,22556521599290.0,19020875336252.0,1305151346518.0,1144181239609.0,671058673786.0,1.24,2.12,23.9,25.05,2.29
399001.SZ,20250326,22485648775355.0,18974753832395.0,1305133089599.0,1144139408955.0,670810079029.0,1.24,2.11,23.46,24.92,2.28
399001.SZ,20250325,22480723047993.0,18981545811964.0,1305096448780.0,1144090558474.0,670365030526.0,1.36,2.32,23.44,24.92,2.28
399001.SZ,20250324,22562166077752.0,19037517458359.0,1305092086337.0,1144084829180.0,669490278569.0,1.58,2.71,23.7,25.15,2.29
399001.SZ,20250321,22549049645839.0,19023143732581.0,1305141471149.0,1143994026364.0,669298133758.0,1.62,2.77,23.54,25.28,2.29
399001.SZ,20250320,22957323669194.0,19336937102819.0,1305141471149.0,1143993946956.0,667940422341.0,1.38,2.36,23.98,25.73,2.33
399001.SZ,20250319,23150333620579.0,19509623942323.0,1305078045206.0,1143952371972.0,667897096074.0,1.51,2.58,24.7,26.22,2.35
399001.SZ,20250318,23195715083591.0,19563523894319.0,1305078044154.0,1143952379895.0,667678574178.0,1.6,2.73,24.75,26.28,2.36
399001.SZ,20250317,23089731023530.0,19478090939000.0,1305081488155.0,1143951702613.0,667487525711.0,1.7,2.91,24.59,26.16,2.35
399001.SZ,20250314,23121624520322.0,19514373098470.0,1304404649698.0,1143277435939.0,666367462932.0,2.08,3.57,24.81,26.25,2.36
399001.SZ,20250313,22599176545754.0,19091766028157.0,1304400646379.0,1143267822609.0,666215662926.0,1.79,3.07,24.24,25.65,2.3
399001.SZ,20250312,22793013250843.0,19262416272185.0,1304402036725.0,1143267176815.0,664993470218.0,1.96,3.37,24.47,25.87,2.32
399001.SZ,20250311,22790376442257.0,19287080155109.0,1304272236725.0,1143090656960.0,664801330653.0,1.82,3.14,24.46,25.91,2.33
399001.SZ,20250310,22713459904496.0,19224262523905.0,1304272236725.0,1143084510515.0,664310138317.0,1.83,3.15,24.39,25.83,2.32
399001.SZ,20250307,22762967085357.0,19257550156315.0,1304274723125.0,1143087021215.0,664097748481.0,2.22,3.81,24.45,25.88,2.32
399001.SZ,20250306,22872153351082.0,19342566851274.0,1304290862660.0,1143103622905.0,663720968034.0,2.16,3.72,24.56,26.01,2.33
399001.SZ,20250305,22496404593570.0,19023402175761.0,1304289531460.0,1143102154555.0,663613926604.0,1.62,2.79,24.16,25.58,2.3
399001.SZ,20250304,22434990440169.0,18974489643412.0,1304287809525.0,1142883473544.0,662933445806.0,1.58,2.73,24.1,25.51,2.29
399001.SZ,20250303,22401190561959.0,18924863858799.0,1304312198901.0,1142356264894.0,662441943101.0,1.9,3.28,24.06,25.47,2.29
399001.SZ,20250228,22331928865007.0,18861854551831.0,1304316077650.0,1142322017606.0,660715813864.0,2.12,3.66,23.96,25.36,2.28
399001.SZ,20250227,22959394454168.0,19378431995144.0,1304321757019.0,1142327930995.0,659229785603.0,2.32,4.02,24.58,26.03,2.34
399001.SZ,20250226,22996707812304.0,19408869743094.0,1304338438672.0,1142344568679.0,659131107378.0,2.2,3.81,24.62,26.07,2.35
399001.SZ,20250225,22785686902095.0,19229028501361.0,1304338701058.0,1142304497363.0,658057405440.0,2.14,3.72,24.39,25.86,2.33
399001.SZ,20250224,23059918475509.0,19457722876972.0,1304338772605.0,1142304497363.0,657493300226.0,2.5,4.35,24.7,26.19,2.35
399001.SZ,20250221,23063138071702.0,19458353848518.0,1304338227442.0,1142300037396.0,657538978395.0,2.64,4.59,24.7,26.14,2.36
399001.SZ,20250220,22658299277593.0,19157148931629.0,1304354301834.0,1142237261379.0,657554998939.0,2.05,3.56,24.27,25.83,2.32
399001.SZ,20250219,22616303780240.0,19121973892154.0,1304354301834.0,1142233259329.0,657550997114.0,2.07,3.6,24.22,25.79,2.31
399001.SZ,20250218,22310552360911.0,18866276646094.0,1304345719021.0,1142219839638.0,657070175286.0,2.27,3.95,23.9,25.44,2.28
399001.SZ,20250217,22648860127077.0,19150579508727.0,1304345762921.0,1142101527847.0,657069734836.0,2.39,4.16,24.26,25.82,2.31
399001.SZ,20250214,22591203462066.0,19088561443964.0,1304348196812.0,1141883836255.0,656787613326.0,2.16,3.75,24.2,25.76,2.31
399001.SZ,20250213,22332469651327.0,18880393827822.0,1304366014724.0,1141907986520.0,656690574159.0,2.29,3.98,23.92,25.47,2.28
399001.SZ,20250212,22473933829867.0,18994762445415.0,1304366014724.0,1141907986520.0,656715072659.0,2.1,3.65,24.07,25.64,2.3
399001.SZ,20250211,22163572091342.0,18744719360478.0,1304365857076.0,1141911190333.0,656652192201.0,2.05,3.56,23.74,25.28,2.26
399001.SZ,20250210,22303301174564.0,18856888110714.0,1304367115768.0,1141911900775.0,656749592798.0,2.24,3.9,23.89,25.45,2.28
399001.SZ,20250207,22184216330460.0,18761817996169.0,1304367115768.0,1141895962115.0,656715319045.0,2.56,4.45,23.76,25.31,2.27
399001.SZ,20250206,21807431841797.0,18450988322913.0,1304366574316.0,1141894411163.0,656709164621.0,2.03,3.52,23.36,24.88,2.23
399001.SZ,20250205,21320325179443.0,18073119748700.0,1304366574316.0,1141894378151.0,656706713487.0,1.71,2.97,22.84,24.33,2.18
399001.SZ,20250127,21313329681511.0,18078386665155.0,1304365453050.0,1141678595915.0,656346139593.0,1.41,2.45,22.83,24.33,2.18
399001.SZ,20250124,21553745287553.0,18270038485551.0,1304362393874.0,1140568444108.0,656453883400.0,1.59,2.77,23.09,24.63,2.21
399001.SZ,20250123,21334244317231.0,18014765890744.0,1304368020474.0,1135874771542.0,651450267055.0,1.77,3.09,22.85,24.37,2.18
399001.SZ,20250122,21419919604367.0,18076982150646.0,1304373382108.0,1135875153461.0,651444303905.0,1.41,2.45,22.94,24.47,2.19
399001.SZ,20250121,21446208380735.0,18222824254269.0,1302140885621.0,1135516403641.0,651063231253.0,1.57,2.73,22.97,24.51,2.19
399001.SZ,20250120,21375625000076.0,18164836758050.0,1302141064295.0,1135516305755.0,651055426679.0,1.5,2.61,22.9,24.43,2.19
399001.SZ,20250117,21183559110383.0,18004340396951.0,1301972796311.0,1135118072213.0,651055426679.0,1.39,2.42,22.69,24.21,2.17
399001.SZ,20250116,21049057901122.0,17893147997825.0,1301977596256.0,1133629479117.0,649990920870.0,1.68,2.94,22.55,24.07,2.15
399001.SZ,20250115,20987433300176.0,17836783804188.0,1301976434658.0,1133627533554.0,650038620562.0,1.45,2.52,22.48,24.0,2.15
399001.SZ,20250114,21194450177684.0,18011512482425.0,1302044024760.0,1133692131693.0,650017360993.0,1.83,3.19,22.7,24.24,2.17
399001.SZ,20250113,20453548117268.0,17388597774162.0,1302094982236.0,1133717180187.0,650034408387.0,1.29,2.25,21.91,23.38,2.09
399001.SZ,20250110,20444871432649.0,17389146350281.0,1302023992278.0,1133730708559.0,650043412175.0,1.52,2.66,21.9,23.38,2.09
399001.SZ,20250109,20808597935628.0,17692024263031.0,1302023711727.0,1133728911208.0,650049223424.0,1.46,2.55,22.29,23.8,2.13
399001.SZ,20250108,20770216780421.0,17654307884489.0,1302024005527.0,1133728944958.0,650131639045.0,1.74,3.03,22.25,23.75,2.13
399001.SZ,20250107,20871333571690.0,17741247964031.0,1302024005527.0,1133728944958.0,650368979891.0,1.51,2.64,22.36,23.87,2.14
399001.SZ,20250106,20671654635309.0,17570286334378.0,1302164716399.0,1133854912925.0,650357200739.0,1.41,2.46,22.14,23.64,2.12
399001.SZ,20250103,20704054486372.0,17595053733182.0,1302172889520.0,1133795432739.0,650060144705.0,1.71,2.98,22.18,23.68,2.12
399001.SZ,20250102,21070078346353.0,17906049546333.0,1301964093371.0,1133606260545.0,650052429175.0,1.88,3.27,22.57,24.1,2.16
399001.SZ,20241231,21748504532317.0,18474521878363.0,1301937198171.0,1133606877801.0,650031918199.0,1.77,3.09,23.3,24.87,2.23
399001.SZ,20241230,22250329439057.0,18900365377908.0,1301937198042.0,1133593830560.0,650020312835.0,1.54,2.68,23.83,25.44,2.28
399001.SZ,20241227,22241014266739.0,18882937583414.0,1301933270024.0,1133410163344.0,649826120417.0,1.75,3.06,23.82,25.43,2.28
399001.SZ,20241226,22256817350037.0,18891443813241.0,1301982996129.0,1133434875924.0,649814244575.0,1.49,2.6,23.84,25.45,2.28
399001.SZ,20241225,22155985458892.0,18798205677350.0,1301972416797.0,1133424353735.0,649809228028.0,1.62,2.82,23.73,25.34,2.27
399001.SZ,20241224,22289856561787.0,18906209383795.0,1301970525081.0,1133274635933.0,649331521539.0,1.67,2.92,23.88,25.49,2.28
399001.SZ,20241223,22001188473675.0,18657445708851.0,1301973727091.0,1132228785275.0,648842545795.0,1.91,3.33,23.57,25.16,2.25
399001.SZ,20241220,22199654068693.0,18826609676686.0,1302016954742.0,1132066404858.0,648811177795.0,1.82,3.17,23.78,25.39,2.27
399001.SZ,20241219,22217855247238.0,18843970888697.0,1302051625693.0,1132098391945.0,648558898612.0,1.88,3.28,23.8,25.41,2.27
399001.SZ,20241218,22108156031822.0,18760426102798.0,1302053958572.0,1132104998654.0,648558898612.0,1.74,3.03,23.68,25.28,2.26
399001.SZ,20241217,22006347939373.0,18683873592365.0,1301942754737.0,1131987871294.0,648441771252.0,1.85,3.22,23.57,25.17,2.25
399001.SZ,20241216,22066336335287.0,18741204926071.0,1301946131445.0,1132005356970.0,648387150498.0,1.98,3.45,23.64,25.23,2.26
399001.SZ,20241213,22137334507260.0,18838491448277.0,1296775281904.0,1130411914209.0,645723518221.0,2.55,4.47,24.14,26.14,2.26
399001.SZ,20241212,22642527540385.0,19271749238518.0,1296778079456.0,1130411861668.0,645585570948.0,2.21,3.87,24.69,26.74,2.31
399001.SZ,20241211,22406188260579.0,19071112613546.0,1296778174256.0,1130411248768.0,645585040548.0,2.26,3.96,24.44,26.46,2.28
399001.SZ,20241210,22327067574493.0,19007744222905.0,1296782985026.0,1130411436505.0,645576347840.0,3.03,5.31,24.35,26.37,2.28
399001.SZ,20241209,22162495813229.0,18865375953999.0,1296784140348.0,1130414802852.0,645529756375.0,2.24,3.92,24.17,26.17,2.26
399001.SZ,20241206,22270237845496.0,18952297812708.0,1296766370775.0,1130117552742.0,645509308411.0,2.44,4.27,24.29,26.3,2.27
399001.SZ,20241205,21944283032654.0,18676792217872.0,1295929308323.0,1130110527142.0,645133491654.0,1.86,3.26,23.93,25.91,2.24
399001.SZ,20241204,21915418807571.0,18646531198282.0,1295927853784.0,1130109087205.0,645163288517.0,2.1,3.67,23.9,25.88,2.23
399001.SZ,20241203,22141859299809.0,18835243911449.0,1295931125365.0,1130111513236.0,645156508526.0,1.97,3.46,24.15,26.15,2.26
399001.SZ,20241202,22209345600829.0,18893600073330.0,1295123927538.0,1129537870282.0,645011747310.0,2.15,3.77,24.22,26.23,2.26
399001.SZ,20241129,21911872737197.0,18646136109231.0,1295143335791.0,1129550565366.0,645005689598.0,2.06,3.61,23.9,25.88,2.23
399001.SZ,20241128,21569588508258.0,18353433552441.0,1295214993283.0,1129560717293.0,645008394425.0,1.93,3.38,23.52,25.47,2.2
399001.SZ,20241127,21828382221569.0,18573444903663.0,1295211437794.0,1129565396724.0,645013837556.0,1.99,3.48,23.81,25.78,2.23
399001.SZ,20241126,21366645920336.0,18185097072419.0,1295049024894.0,1129572983824.0,645020911556.0,1.68,2.95,23.3,25.23,2.18
399001.SZ,20241125,21515206602279.0,18307529845614.0,1295015883406.0,1129539187045.0,644987114777.0,2.04,3.57,23.46,25.41,2.19
399001.SZ,20241122,21532832019699.0,18341451163815.0,1295015697384.0,1129493344134.0,644310656415.0,2.43,4.25,23.48,25.43,2.2
399001.SZ,20241121,22314417699262.0,19006307003016.0,1295029368394.0,1129500129140.0,644317441421.0,2.15,3.78,24.34,26.35,2.28
399001.SZ,20241120,22340681460956.0,19024712328415.0,1294984987140.0,1129239190285.0,644077579091.0,2.18,3.81,24.37,26.38,2.28
399001.SZ,20241119,22184360952542.0,18884293907578.0,1294983295748.0,1129179717393.0,644018106199.0,2.21,3.88,24.19,26.2,2.26
399001.SZ,20241118,21820178600534.0,18573038616320.0,1294979848745.0,1129175989039.0,643962889330.0,2.6,4.57,23.8,25.77,2.23
399001.SZ,20241115,22173430014115.0,18886486739247.0,1294028487482.0,1129138547671.0,644276078364.0,2.46,4.31,24.18,26.18,2.26
399001.SZ,20241114,22743754380867.0,19371386502692.0,1294028655384.0,1129140819601.0,644225072310.0,2.38,4.18,24.8,26.86,2.32
399001.SZ,20241113,23364356309166.0,19902833504922.0,1294028655384.0,1129140819426.0,644224485135.0,2.54,4.45,25.48,27.59,2.38
399001.SZ,20241112,23293921682378.0,19836079726908.0,1294001526600.0,1128763761989.0,643883016295.0,3.36,5.89,25.4,27.51,2.38
399001.SZ,20241111,23435585127469.0,19963672606867.0,1293999872343.0,1128762107732.0,643880017370.0,3.32,5.83,25.56,27.68,2.39
399001.SZ,20241108,23045014891382.0,19634927357594.0,1294017174190.0,1128759655605.0,643903838631.0,3.54,6.21,25.13,27.21,2.35
399001.SZ,20241107,23210815370533.0,19768351297098.0,1294021915214.0,1128758424629.0,643902608691.0,3.61,6.32,25.31,27.41,2.37
399001.SZ,20241106,22622426669889.0,19286626047559.0,1293946759484.0,1128747650681.0,643864020010.0,3.72,6.53,24.67,26.71,2.31
399001.SZ,20241105,22712164701256.0,19361200624543.0,1293952278335.0,1128738687088.0,643614637856.0,3.51,6.16,24.77,26.82,2.32
399001.SZ,20241104,22047734297275.0,18791386400548.0,1293945463440.0,1128732233543.0,643614637856.0,2.65,4.65,24.05,26.04,2.25
399001.SZ,20241101,21624290539987.0,18451864115173.0,1293887804148.0,1128680732554.0,643413145733.0,3.64,6.38,23.58,25.54,2.21
399001.SZ,20241031,21862263938239.0,18650516027049.0,1293868280596.0,1128661233902.0,641340604747.0,3.31,5.83,23.84,25.81,2.23
399001.SZ,20241030,21770067591870.0,18562823007163.0,1293729800843.0,1128626633253.0,641429608737.0,2.54,4.46,23.74,25.16,2.23
399001.SZ,20241029,21822000786180.0,18599481068002.0,1293766400817.0,1128663364690.0,641612592715.0,2.67,4.69,23.8,25.33,2.25
399001.SZ,20241028,22121820981488.0,18844940466418.0,1293703862805.0,1128680142437.0,642151770514.0,2.48,4.36,24.13,25.4,2.28
399001.SZ,20241025,21970314138550.0,18707955743773.0,1293701231617.0,1128695439086.0,642030116906.0,2.41,4.24,23.96,25.07,2.27
399001.SZ,20241024,21623342528557.0,18422761153139.0,1293700252329.0,1128692641626.0,671338480399.0,1.94,3.27,23.58,24.66,2.24
399001.SZ,20241023,21898370404640.0,18648970270208.0,1293684753023.0,1128676669695.0,642146894696.0,2.68,4.72,23.88,25.04,2.27
399001.SZ,20241022,21833553360074.0,18611253125468.0,1293692077516.0,1128683994188.0,641554364586.0,2.62,4.6,23.81,25.15,2.27
399001.SZ,20241021,21641409569139.0,18440554627238.0,1293692011016.0,1128684001938.0,641264739928.0,2.85,5.01,23.6,24.93,2.25
399001.SZ,20241018,21420642918998.0,18253878024047.0,1293423301678.0,1128713800062.0,641274627152.0,3.04,5.35,23.36,24.78,2.24
399001.SZ,20241017,20519604929784.0,17491834696460.0,1293425378502.0,1128709099864.0,641294445903.0,2.1,3.69,22.38,23.73,2.14
399001.SZ,20241016,20683992837329.0,17630951968841.0,1293424566377.0,1128633068482.0,641293690028.0,2.0,3.52,22.56,23.92,2.16
399001.SZ,20241015,20889341074397.0,17803416863569.0,1293437966444.0,1128654718694.0,641310927438.0,2.34,4.12,22.78,24.16,2.18
399001.SZ,20241014,21447291514454.0,18271651468580.0,1293437828636.0,1128654144206.0,641274994296.0,2.43,4.28,23.39,24.81,2.24
399001.SZ,20241011,20916755339976.0,17814677350759.0,1293425381569.0,1128627381822.0,641250781912.0,2.33,4.11,22.81,24.2,2.18
399001.SZ,20241010,21760214896147.0,18509231435626.0,1293431329969.0,1128505384066.0,641267550425.0,3.14,5.52,23.73,25.17,2.27
399001.SZ,20241009,21850857457136.0,18585469227471.0,1293431759865.0,1128516087635.0,641227444191.0,4.35,7.65,23.83,25.28,2.28
399001.SZ,20241008,23822078140435.0,20241654351977.0,1293389354356.0,1128455572167.0,641196413542.0,4.91,8.64,25.98,27.56,2.49
399001.SZ,20240930,21951047659697.0,18678199005083.0,1293393075123.0,1128381694436.0,641168962562.0,3.94,6.93,23.94,25.39,2.29
399001.SZ,20240927,19865560739308.0,16931011451145.0,1293308288877.0,1128381530716.0,641214228056.0,2.96,5.22,21.67,22.98,2.07
399001.SZ,20240926,18658076446198.0,15906450133483.0,1293307154195.0,1128379713534.0,641159925673.0,2.17,3.82,20.35,21.58,1.95
399001.SZ,20240925,17872319405092.0,15230755571054.0,1293307153915.0,1128379713254.0,641159925673.0,2.09,3.67,19.49,20.67,1.87
399001.SZ,20240924,17658482331846.0,15055769281984.0,1293307151915.0,1128375013745.0,641146241264.0,1.75,3.08,19.26,20.43,1.84
399001.SZ,20240923,16935436118536.0,14430460316440.0,1293307015495.0,1128370691431.0,641141918950.0,0.89,1.57,18.47,19.59,1.77
399001.SZ,20240920,16927146284761.0,14410423777722.0,1293238419173.0,1128312328385.0,641100346679.0,0.94,1.65,18.46,19.58,1.77
399001.SZ,20240919,16956987324373.0,14426790043588.0,1293195584886.0,1127883711987.0,640957929613.0,1.11,1.94,18.49,19.62,1.77
399001.SZ,20240918,16764238409203.0,14269020556202.0,1293195449967.0,1128256735343.0,641330952969.0,0.81,1.42,18.28,19.39,1.75
399001.SZ,20240913,16699749749443.0,14248719188130.0,1292626713547.0,1128254410931.0,641328628557.0,0.82,1.45,18.21,19.32,1.75
399001.SZ,20240912,16848976599502.0,14370837270727.0,1292626710197.0,1128278855565.0,641353073191.0,0.87,1.53,18.38,19.49,1.76
399001.SZ,20240911,16956632781555.0,14465078473213.0,1292648330185.0,1128274297771.0,641342685049.0,0.84,1.48,18.49,19.61,1.77
399001.SZ,20240910,16913401884906.0,14441237419354.0,1292658343825.0,1128282479300.0,641342671578.0,0.91,1.6,18.45,19.56,1.77
399001.SZ,20240909,16907148685383.0,14436238833428.0,1292658890008.0,1128282452384.0,641347150227.0,0.88,1.55,18.44,19.56,1.77
399001.SZ,20240906,17050084244017.0,14551071453023.0,1292665157357.0,1124888719733.0,641347150227.0,0.86,1.5,18.6,19.72,1.79
399001.SZ,20240905,17293508942252.0,14759358235226.0,1292664971529.0,1124888533905.0,641353710464.0,0.85,1.49,18.86,20.0,1.81
399001.SZ,20240904,17239299397899.0,14719098803938.0,1292632626416.0,1124888533805.0,641497298264.0,0.93,1.63,18.8,19.94,1.81
399001.SZ,20240903,17320951949591.0,14795711908850.0,1292632626416.0,1124884191705.0,641508482601.0,1.01,1.77,18.89,20.04,1.81
399001.SZ,20240902,17142806537462.0,14644889030129.0,1292648331353.0,1124899896642.0,640947235660.0,1.2,2.1,18.7,19.83,1.8
399001.SZ,20240830,17499202851646.0,14943788076144.0,1292646417642.0,1124901740118.0,640700222893.0,1.53,2.68,19.08,19.77,1.84
399001.SZ,20240829,17093361881617.0,14602967364597.0,1292644601985.0,1124930711164.0,640316920116.0,1.08,1.9,18.64,19.16,1.8
399001.SZ,20240828,16961164957031.0,14474476743174.0,1292643806374.0,1124559717739.0,639787781574.0,0.84,1.47,18.5,18.86,1.79
399001.SZ,20240827,17018172714513.0,14526573156770.0,1292643806374.0,1124416914127.0,639896853721.0,0.86,1.51,18.56,18.91,1.8
399001.SZ,20240826,17190117042726.0,14677000857344.0,1292643770874.0,1124421862903.0,639838347280.0,0.86,1.5,18.75,19.12,1.82
399001.SZ,20240823,17178034649178.0,14671015877420.0,1292636844168.0,1124386842784.0,640793501814.0,0.79,1.38,18.73,19.03,1.82
399001.SZ,20240822,17148167152192.0,14637291433098.0,1292629386177.0,1124345965748.0,669764372009.0,0.87,1.46,18.7,19.03,1.82
399001.SZ,20240821,17273255802335.0,14741775954775.0,1292629386177.0,1124346010749.0,640477136390.0,0.82,1.44,18.84,19.15,1.83
399001.SZ,20240820,17316334365423.0,14778626601476.0,1292642311315.0,1124345714723.0,640430138944.0,0.88,1.55,18.89,19.21,1.84
399001.SZ,20240819,17534434497239.0,14964175002597.0,1292665412806.0,1124353807227.0,640437728090.0,0.84,1.47,19.12,19.49,1.86
399001.SZ,20240816,17510805000569.0,14942449977927.0,1292762950411.0,1124356005878.0,640462496067.0,0.86,1.51,19.1,19.45,1.86
399001.SZ,20240815,17555225405627.0,14969904028741.0,1292764868990.0,1124172357741.0,640450014007.0,0.94,1.66,19.15,19.5,1.87
399001.SZ,20240814,17426775165485.0,14865552768458.0,1292555142058.0,1124173047891.0,640450014007.0,0.7,1.23,19.01,19.36,1.85
399001.SZ,20240813,17628850194030.0,15036094277064.0,1292549916514.0,1124176610576.0,640467166132.0,0.74,1.3,19.23,19.58,1.88
399001.SZ,20240812,17574372118048.0,14987843852935.0,1292549916514.0,1124229760655.0,640467166132.0,0.79,1.38,19.17,19.53,1.87
399001.SZ,20240809,17611550895951.0,15016242800420.0,1294297037559.0,1125963163832.0,641179336022.0,0.91,1.59,19.22,19.57,1.88
399001.SZ,20240808,17717180183457.0,15104221659151.0,1294298562309.0,1125551072999.0,641096146060.0,0.94,1.65,19.33,19.7,1.89
399001.SZ,20240807,17713060941026.0,15091316055873.0,1294298582559.0,1125355613479.0,640901475200.0,0.91,1.59,19.33,19.7,1.89
399001.SZ,20240806,17730328877640.0,15106925411792.0,1294304582155.0,1125358058128.0,640658153618.0,1.07,1.87,19.35,19.71,1.89
399001.SZ,20240805,17597576901148.0,14992952045930.0,1294303634901.0,1125338166102.0,640948305978.0,1.15,2.01,19.2,19.56,1.87
399001.SZ,20240802,17901083571093.0,15254654974558.0,1294302026422.0,1125351979433.0,640924415945.0,0.99,1.73,19.54,20.01,1.91
399001.SZ,20240801,18135734182344.0,15450546681654.0,1294302129361.0,1125347165375.0,641231080806.0,1.07,1.88,19.79,20.27,1.93
399001.SZ,20240731,18305131389077.0,15590321781757.0,1294302442463.0,1125349285888.0,641235785539.0,1.42,2.5,19.98,20.47,1.95
399001.SZ,20240730,17739329300341.0,15106110768808.0,1294297175027.0,1125349341038.0,641529475732.0,0.84,1.47,19.36,19.84,1.89
399001.SZ,20240729,17847523641944.0,15196668834114.0,1294303617247.0,1125343088093.0,641712772319.0,0.82,1.43,19.48,19.98,1.9
399001.SZ,20240726,18025278675739.0,15330874509633.0,1294292134411.0,1125027949347.0,641589099563.0,0.9,1.57,19.67,20.2,1.92
399001.SZ,20240725,17802956704006.0,15136164553553.0,1294275326611.0,1125011141547.0,641572291763.0,0.9,1.58,19.43,19.95,1.9
399001.SZ,20240724,17815723117964.0,15156112191332.0,1294289403323.0,1125002580815.0,641560958931.0,0.97,1.71,19.44,19.96,1.9
399001.SZ,20240723,18025822293654.0,15335379372892.0,1294289393098.0,1124896592406.0,641578056468.0,0.97,1.71,19.67,20.2,1.92
399001.SZ,20240722,18570688945461.0,15789713483071.0,1294286276155.0,1124893029501.0,641528074737.0,0.96,1.68,20.27,20.81,1.98
399001.SZ,20240719,18652642430968.0,15856855912496.0,1294288875055.0,1124314930127.0,640964026463.0,1.0,1.75,20.36,20.9,1.99
399001.SZ,20240718,18605515582689.0,15825052153432.0,1294286884368.0,1124318780381.0,640967876717.0,1.06,1.85,20.3,20.85,1.98
399001.SZ,20240717,18499768900291.0,15735672573278.0,1294287082588.0,1124230560566.0,640879656902.0,1.08,1.9,20.19,20.73,1.97
399001.SZ,20240716,18564325816819.0,15793701824809.0,1294291154795.0,1124229371823.0,640878468159.0,1.04,1.82,20.26,20.8,1.98
399001.SZ,20240715,18438569386719.0,15677854634458.0,1294294135208.0,1124232351419.0,640737205488.0,1.0,1.75,20.12,20.66,1.96
399001.SZ,20240712,18537033989128.0,15752095021325.0,1295846714175.0,1124209308324.0,640712390060.0,1.06,1.85,20.23,20.77,1.97
399001.SZ,20240711,18552547500190.0,15776100578236.0,1295848120123.0,1124206399002.0,640713040759.0,1.3,2.27,20.25,20.79,1.97
399001.SZ,20240710,18198923402976.0,15473731273785.0,1295849861423.0,1124203464128.0,640708425812.0,1.07,1.88,19.86,20.39,1.93
399001.SZ,20240709,18247026186888.0,15508541895516.0,1295848916946.0,1124202490711.0,640707452395.0,1.18,2.08,19.91,20.45,1.93
399001.SZ,20240708,17964191532745.0,15263545088840.0,1295848865137.0,1124090627079.0,640712895586.0,0.93,1.63,19.6,20.13,1.9
399001.SZ,20240705,18226767295987.0,15481884295865.0,1295849241537.0,1123313622525.0,640661514180.0,0.83,1.45,19.89,20.43,1.93
399001.SZ,20240704,18189571348276.0,15449329414507.0,1295851761610.0,1123316208598.0,640661514180.0,0.89,1.55,19.85,20.38,1.92
399001.SZ,20240703,18370146611866.0,15600437923234.0,1295852921818.0,1123316208598.0,640214864741.0,0.86,1.51,20.05,20.59,1.94
399001.SZ,20240702,18483508019579.0,15683665985881.0,1295852826540.0,1122409249259.0,641659297661.0,0.99,1.72,20.17,20.71,1.95
399001.SZ,20240701,18650540778951.0,15828173266166.0,1295879178542.0,1122532846818.0,640307226410.0,0.99,1.73,20.35,20.9,1.97
399001.SZ,20240628,18532769403407.0,15726028705780.0,1295880040270.0,1122525796746.0,640300866798.0,1.09,1.92,20.22,20.77,1.96
399001.SZ,20240627,18530830457890.0,15726823379323.0,1295662497253.0,1122524570134.0,640791954686.0,0.96,1.69,20.22,20.77,1.96
399001.SZ,20240626,18817575258179.0,15961959382711.0,1295665361766.0,1122527408022.0,640830099363.0,1.02,1.79,20.54,21.09,1.99
399001.SZ,20240625,18562616929938.0,15744422225234.0,1295702845135.0,1122565552699.0,640829814875.0,0.97,1.7,20.26,20.8,1.96
399001.SZ,20240624,18681233901653.0,15850908017765.0,1295559183233.0,1122559913080.0,640829667344.0,1.02,1.79,20.39,20.93,1.97
399001.SZ,20240621,18964105330832.0,16080535282652.0,1295638880756.0,1122484253771.0,640904120619.0,0.88,1.54,20.7,21.25,2.0
399001.SZ,20240620,18982118519907.0,16096397222208.0,1295597432626.0,1122503919652.0,640923786500.0,1.01,1.77,20.71,21.27,2.0
399001.SZ,20240619,19275714297025.0,16347179408569.0,1295597195828.0,1122503462537.0,640911884118.0,0.93,1.63,21.04,21.6,2.03
399001.SZ,20240618,19474322677191.0,16512183193215.0,1295602770131.0,1122491545902.0,640911412750.0,1.08,1.89,21.25,21.82,2.05
399001.SZ,20240617,19419787062598.0,16459991132188.0,1295609162600.0,1122488209771.0,640908076619.0,1.19,2.09,21.19,21.76,2.04
399001.SZ,20240614,19225857400513.0,16340091799979.0,1291609211786.0,1125225663227.0,642958857574.0,1.34,2.34,21.24,21.81,2.03
399001.SZ,20240613,19165596784956.0,16278021887167.0,1290699108261.0,1124325962806.0,642702590150.0,1.15,2.01,21.18,21.75,2.02
399001.SZ,20240612,19279202842852.0,16389793075117.0,1290100626951.0,1123853338244.0,642394108490.0,1.03,1.79,21.3,21.87,2.03
399001.SZ,20240611,19264457920189.0,16377344821250.0,1290142597189.0,1123893203394.0,642433973640.0,1.04,1.82,21.29,21.86,2.02
399001.SZ,20240607,19259315111280.0,16386543351623.0,1290166272032.0,1123835056766.0,642382711753.0,1.08,1.89,21.28,21.85,2.02
399001.SZ,20240606,19398984681460.0,16510778347355.0,1290153444606.0,1123733046383.0,642287483766.0,1.26,2.21,21.43,22.01,2.04
399001.SZ,20240605,19522061755965.0,16606418142520.0,1289840363664.0,1123423603491.0,642033511193.0,1.01,1.78,21.57,22.15,2.05
399001.SZ,20240604,19669422124656.0,16732415927325.0,1289850148360.0,1123321545070.0,641945998435.0,1.07,1.87,21.73,22.32,2.06
399001.SZ,20240603,19464023422212.0,16557844577469.0,1289846420764.0,1123318432193.0,642030348657.0,1.21,2.11,21.51,22.08,2.04
399001.SZ,20240531,19452054919490.0,16552880266606.0,1289847188712.0,1123318432141.0,642030348657.0,1.03,1.81,21.49,22.07,2.04
399001.SZ,20240530,19491218284491.0,16586872600527.0,1289853160472.0,1123323363396.0,641446626139.0,1.06,1.86,21.54,22.11,2.04
399001.SZ,20240529,19562982067515.0,16652830140341.0,1289691647495.0,1123110059244.0,641293526081.0,1.06,1.85,21.61,22.2,2.05
399001.SZ,20240528,19494793785640.0,16615265060700.0,1289425593227.0,1122848957045.0,641207758487.0,1.1,1.93,21.54,22.12,2.04
399001.SZ,20240527,19710293668993.0,16804308370625.0,1289426978571.0,1122819005352.0,641177633865.0,1.13,1.98,21.78,22.36,2.06
399001.SZ,20240524,19550357703339.0,16662624800491.0,1289301240759.0,1122815897251.0,641174710267.0,1.08,1.9,21.6,22.18,2.04
399001.SZ,20240523,19774429546949.0,16854532225842.0,1289188591933.0,1122756142137.0,641120538803.0,1.25,2.18,21.85,22.44,2.07
399001.SZ,20240522,20084391030056.0,17110122159174.0,1289183360618.0,1122756536887.0,641120933553.0,1.19,2.08,22.19,22.79,2.1
399001.SZ,20240521,20078719808137.0,17104741793543.0,1289132760517.0,1122717489861.0,640883133449.0,1.13,1.98,22.18,22.78,2.09
399001.SZ,20240520,20223258777706.0,17221010440112.0,1288930786575.0,1122225515545.0,640885117439.0,1.52,2.66,22.34,22.95,2.11
399001.SZ,20240517,20131607921589.0,17149176124313.0,1288923768883.0,1122087698724.0,640747300618.0,1.36,2.38,22.24,22.84,2.1
399001.SZ,20240516,19914372785986.0,16964746372413.0,1288931836401.0,1121735648326.0,640393123556.0,1.27,2.22,22.0,22.59,2.07
399001.SZ,20240515,19879213576047.0,16915838133443.0,1288931831850.0,1121679233596.0,640303650849.0,1.13,1.98,21.96,22.55,2.07
399001.SZ,20240514,20066448203457.0,17065968914606.0,1288937165227.0,1121677017543.0,640301473896.0,1.2,2.09,22.17,22.77,2.08
399001.SZ,20240513,20071180621289.0,17071854675130.0,1288978194179.0,1121718046495.0,640342502848.0,1.23,2.15,22.18,22.77,2.08
399001.SZ,20240510,20172905447729.0,17156370364191.0,1288467119720.0,1121712119488.0,640336575841.0,1.25,2.19,22.29,22.89,2.09
399001.SZ,20240509,20273735948444.0,17237960700367.0,1288469796458.0,1121410811675.0,640330535047.0,1.29,2.26,22.4,23.0,2.1
399001.SZ,20240508,19986819972610.0,16996914806976.0,1288468898930.0,1121378101134.0,640261090730.0,1.24,2.17,22.08,22.68,2.07
399001.SZ,20240507,20247201522974.0,17221235939520.0,1288468898583.0,1121364387891.0,640165893505.0,1.4,2.45,22.37,22.97,2.1
399001.SZ,20240506,20246116631738.0,17231546884639.0,1288473611080.0,1121369203838.0,640361140022.0,1.7,2.97,22.37,22.97,2.1
399001.SZ,20240430,19839517396656.0,16890172015586.0,1288473611080.0,1121369203838.0,640328604662.0,1.62,2.84,21.92,22.51,2.06
399001.SZ,20240429,20006510772388.0,17031747126462.0,1288470039524.0,1121365744847.0,640501977318.0,1.83,3.21,22.48,22.3,2.09
399001.SZ,20240426,19600898551612.0,16681927936729.0,1288224005809.0,1119857261112.0,640385338886.0,1.67,2.92,21.11,21.18,2.06
399001.SZ,20240425,19220931579795.0,16296493686119.0,1288269036787.0,1118877502735.0,640471916598.0,1.13,1.98,20.34,20.46,2.02
399001.SZ,20240424,19184830168003.0,16265706982987.0,1288035135377.0,1118702416656.0,639976686805.0,1.13,1.97,20.25,20.36,2.02
399001.SZ,20240423,19061651947140.0,16144161044174.0,1288034539877.0,1117881560324.0,639956769963.0,1.17,2.04,19.95,20.22,2.01
399001.SZ,20240422,19186001095537.0,16236985436534.0,1288042456102.0,1117768802786.0,639967450426.0,1.22,2.13,20.13,20.38,2.02
399001.SZ,20240419,19258180446816.0,16290916236193.0,1288037267725.0,1117073209192.0,639376045035.0,1.28,2.23,20.4,20.69,2.04
399001.SZ,20240418,19435418959557.0,16436401045573.0,1287742917822.0,1116968630086.0,639295879217.0,1.43,2.49,20.65,20.89,2.06
399001.SZ,20240417,19449858110239.0,16437007847238.0,1287744201822.0,1116971779679.0,639560931284.0,1.37,2.4,20.69,20.9,2.06
399001.SZ,20240416,18995619393710.0,16057456832910.0,1287744201822.0,1116936974954.0,639558767659.0,1.46,2.54,20.21,20.4,2.01
399001.SZ,20240415,19415784948995.0,16415848472508.0,1287814429446.0,1116883845879.0,639459072949.0,1.43,2.49,20.71,20.96,2.06
399001.SZ,20240412,19105389509296.0,16143518630072.0,1287810485386.0,1116529145446.0,639449850517.0,1.14,1.99,20.42,20.66,2.03
399001.SZ,20240411,19263823938709.0,16266776068952.0,1287812044887.0,1116525752051.0,639446457122.0,1.17,2.04,20.59,20.84,2.04
399001.SZ,20240410,19248128794604.0,16254827386893.0,1287812044887.0,1116429595045.0,639267507111.0,1.14,1.99,20.57,20.84,2.04
399001.SZ,20240409,19531090118211.0,16494826264218.0,1287812044876.0,1115881509508.0,638817013160.0,1.13,1.97,20.92,21.14,2.07
399001.SZ,20240408,19426742073227.0,16410062530064.0,1287811232487.0,1115898301457.0,638851985609.0,1.38,2.41,20.82,21.04,2.06
399001.SZ,20240403,19707900650920.0,16665355244068.0,1287805928376.0,1115860018170.0,638783569342.0,1.35,2.36,21.16,21.35,2.09
399001.SZ,20240402,19789031062036.0,16728409117151.0,1287810423938.0,1115858088108.0,638212459270.0,1.39,2.43,21.29,21.47,2.1
399001.SZ,20240401,19898163755449.0,16820563720163.0,1287729452895.0,1115291788972.0,638327548118.0,1.49,2.6,21.29,21.58,2.11
399001.SZ,20240329,19421975426833.0,16414713770704.0,1287729407905.0,1114528420344.0,638357233754.0,1.11,1.93,20.73,21.19,2.06
399001.SZ,20240328,19307709133224.0,16313931151041.0,1287729947905.0,1114521322738.0,638969523389.0,1.23,2.14,19.93,20.73,2.05
399001.SZ,20240327,19097609207848.0,16127469542540.0,1287730558512.0,1114509607533.0,639050052506.0,1.19,2.07,19.37,20.37,2.03
399001.SZ,20240326,19544143285753.0,16499431156767.0,1287727183249.0,1114390253240.0,639209458077.0,1.22,2.14,20.05,20.9,2.08
399001.SZ,20240325,19453933903450.0,16424886072877.0,1287158554708.0,1113778687916.0,638670403071.0,1.35,2.35,19.97,20.83,2.07
399001.SZ,20240322,19722792061122.0,16638295565240.0,1287167959693.0,1113568743749.0,638604012675.0,1.42,2.47,20.26,21.12,2.1
399001.SZ,20240321,19973473855598.0,16848164784729.0,1287167958910.0,1113562001440.0,638575005132.0,1.4,2.44,20.52,21.37,2.13
399001.SZ,20240320,20032637998948.0,16901443922629.0,1287167958910.0,1113519800002.0,638532803694.0,1.32,2.31,20.53,21.41,2.14
399001.SZ,20240319,19984517732641.0,16868795220371.0,1287167958910.0,1113517324743.0,638539840713.0,1.45,2.52,20.51,21.36,2.13
399001.SZ,20240318,20094065997717.0,16955424994702.0,1287338421328.0,1113680527480.0,638889372412.0,1.58,2.76,20.67,21.5,2.14
399001.SZ,20240315,19811605361329.0,16716369763582.0,1287349568328.0,1113428942711.0,638638373343.0,1.34,2.34,20.7,21.2,2.12
399001.SZ,20240314,19697271414063.0,16611439631694.0,1287308210460.0,1113387385897.0,638393121129.0,1.37,2.39,20.54,21.03,2.11
399001.SZ,20240313,19785006395584.0,16690376247310.0,1287308210460.0,1113387385897.0,638393121129.0,1.43,2.5,20.63,21.12,2.12
399001.SZ,20240312,19847346319615.0,16743730238527.0,1287308300882.0,1113390692441.0,638394682673.0,1.56,2.72,20.66,21.18,2.12
399001.SZ,20240311,19732999892406.0,16647688543883.0,1287283102051.0,1113365900204.0,638369890436.0,1.44,2.51,20.54,21.09,2.11
399001.SZ,20240308,19307947738431.0,16296157977626.0,1287283102051.0,1113342831617.0,638144391611.0,1.19,2.07,20.13,20.65,2.07
399001.SZ,20240307,19120698346517.0,16126080604267.0,1287275903798.0,1112840139662.0,638522830465.0,1.37,2.39,19.94,20.44,2.05
399001.SZ,20240306,19361105440360.0,16322845735864.0,1287275943798.0,1112843897215.0,638526588018.0,1.26,2.19,20.19,20.7,2.07
399001.SZ,20240305,19405412396625.0,16371693795810.0,1287284059905.0,1112852088831.0,638529740154.0,1.48,2.58,20.23,20.75,2.08
399001.SZ,20240304,19424751687082.0,16387635525951.0,1287282823450.0,1112770626963.0,638479619340.0,1.5,2.61,20.25,20.77,2.08
399001.SZ,20240301,19425780124516.0,16389372815127.0,1287282666650.0,1112770200455.0,638479619340.0,1.57,2.74,20.26,20.76,2.08
399001.SZ,20240229,19261604449564.0,16231171182398.0,1287282666650.0,1112552576932.0,638280685658.0,1.56,2.73,20.1,20.59,2.06
399001.SZ,20240228,18712662927770.0,15767200587247.0,1287272833451.0,1112545693148.0,638254371874.0,1.96,3.41,19.53,20.05,2.01
399001.SZ,20240227,19136776512944.0,16116772548395.0,1287272831665.0,1112539547002.0,638248225728.0,1.41,2.45,19.97,20.36,2.05
399001.SZ,20240226,18754190912176.0,15795334350237.0,1287275527666.0,1112487995921.0,638143643370.0,1.35,2.36,19.57,19.95,2.01
399001.SZ,20240223,18783625992387.0,15823449806785.0,1287299681710.0,1112458203703.0,638109979777.0,1.32,2.29,19.6,19.98,2.01
399001.SZ,20240222,18734188228586.0,15780124172911.0,1287299681710.0,1112458195870.0,638107175419.0,1.15,2.0,19.54,19.92,2.01
399001.SZ,20240221,18607235963384.0,15672724088958.0,1287299532180.0,1112455280100.0,638187502449.0,1.47,2.57,19.41,19.77,2.0
399001.SZ,20240220,18446559969284.0,15532834778724.0,1287299532180.0,1112455280100.0,638188259631.0,1.16,2.03,19.24,19.59,1.98
399001.SZ,20240219,18433901965538.0,15515544142226.0,1287272822795.0,1112395235685.0,638140895516.0,1.54,2.69,19.23,19.58,1.98
399001.SZ,20240208,18287515038803.0,15384756811067.0,1287340018434.0,1112124545101.0,637870204932.0,1.78,3.1,19.08,19.42,1.96
399001.SZ,20240207,18069979426929.0,15206817482903.0,1287339837452.0,1112123953719.0,637865666850.0,1.89,3.29,18.85,19.2,1.94
399001.SZ,20240206,17596318834772.0,14793526471075.0,1287339837452.0,1112105887699.0,637865577112.0,1.67,2.91,18.36,18.7,1.89
399001.SZ,20240205,16585856549460.0,13944299391345.0,1287339672418.0,1112095071265.0,638204433546.0,1.55,2.7,17.3,17.62,1.78
399001.SZ,20240202,16756544213700.0,14083471535864.0,1287339437281.0,1112053893970.0,638178093305.0,1.3,2.27,17.48,17.82,1.8
399001.SZ,20240201,17124488401494.0,14396552440714.0,1287338938059.0,1112050608443.0,638178109278.0,1.11,1.93,17.87,18.22,1.84
399001.SZ,20240131,17100361832461.0,14374692973777.0,1287353676383.0,1112063442817.0,638193443652.0,1.17,2.03,17.84,18.19,1.84
399001.SZ,20240130,17408038409657.0,14628762868454.0,1287353676383.0,1112051660431.0,638181661266.0,0.96,1.67,18.16,18.52,1.87
399001.SZ,20240129,17828840932788.0,14984692854035.0,1287351097856.0,1112047694842.0,638648336106.0,1.09,1.9,18.6,18.99,1.91
399001.SZ,20240126,18171533412508.0,15266431256875.0,1287350421803.0,1111418712927.0,638640884293.0,1.14,1.99,18.95,19.36,1.95
399001.SZ,20240125,18341705691699.0,15402299604515.0,1287350399362.0,1111418767833.0,638642175059.0,1.26,2.2,19.13,19.54,1.97
399001.SZ,20240124,17965325026554.0,15086974396424.0,1287350398953.0,1111402027239.0,638625434465.0,1.12,1.95,18.74,19.14,1.93
399001.SZ,20240123,17757837481814.0,14911060297563.0,1287345947017.0,1111070921187.0,638297052663.0,1.04,1.81,18.52,18.92,1.91
399001.SZ,20240122,17531793629910.0,14725108636827.0,1287343910491.0,1111049954876.0,638276086352.0,1.12,1.95,18.29,18.68,1.88
399001.SZ,20240119,18162838900890.0,15243718851637.0,1287343060851.0,1110374299644.0,637600703720.0,0.88,1.52,18.94,19.35,1.95
399001.SZ,20240118,18277115482713.0,15335665398638.0,1287342961640.0,1110374200433.0,637600604509.0,1.21,2.1,19.06,19.47,1.96
399001.SZ,20240117,18126895116898.0,15201121695750.0,1287350780799.0,1110272439642.0,637499973418.0,0.83,1.44,18.91,19.31,1.95
399001.SZ,20240116,18594210987019.0,15585776325044.0,1287351163033.0,1110252253676.0,637477007358.0,0.88,1.54,19.39,19.81,2.0
399001.SZ,20240115,18537870228635.0,15534632874396.0,1287356365702.0,1110257210251.0,637481963933.0,0.74,1.28,19.33,19.75,1.99
399001.SZ,20240112,18605959511455.0,15584082823742.0,1287356365702.0,1110257210251.0,637494633215.0,0.81,1.42,19.41,19.82,2.0
399001.SZ,20240111,18700829834303.0,15670554758439.0,1287352230242.0,1110250692970.0,637488115934.0,0.9,1.56,19.5,19.92,2.01
399001.SZ,20240110,18451456505979.0,15469094334434.0,1287352230242.0,1110250689220.0,637488115934.0,0.78,1.37,19.24,19.65,1.98
399001.SZ,20240109,18548984391262.0,15549635269257.0,1287352230242.0,1110250603885.0,637495301999.0,0.85,1.48,19.35,19.76,1.99
399001.SZ,20240108,18496556845928.0,15507942555491.0,1287351694524.0,1110248128142.0,637492808756.0,0.9,1.56,19.29,19.7,1.99
399001.SZ,20240105,18840302530886.0,15797529611033.0,1287350572440.0,1110116539911.0,637491717797.0,0.9,1.56,19.65,20.07,2.02
399001.SZ,20240104,19026505109230.0,15956776612299.0,1287063205522.0,1109715425180.0,637027774241.0,0.8,1.4,19.84,20.27,2.04
399001.SZ,20240103,19256753264837.0,16151930613263.0,1287058787861.0,1109695959510.0,637002914454.0,0.9,1.57,20.08,20.51,2.07
399001.SZ,20240102,19380999008963.0,16265410206485.0,1287040600813.0,1109717083623.0,637034262415.0,0.96,1.67,20.21,20.64,2.08
399001.SZ,20231229,19623194567537.0,16466471377468.0,1287028378144.0,1109623518064.0,636977165957.0,1.04,1.8,20.47,20.9,2.11
399001.SZ,20231228,19472924746572.0,16336881493417.0,1286977701018.0,1109630758819.0,636953252074.0,1.14,1.98,20.31,20.74,2.09
399001.SZ,20231227,18977339377040.0,15922434381288.0,1286977701018.0,1109615115726.0,636937608981.0,0.79,1.38,19.79,20.21,2.04
399001.SZ,20231226,18910173125207.0,15855916740877.0,1287483096701.0,1109723415194.0,637045908449.0,0.7,1.22,19.72,20.14,2.03
399001.SZ,20231225,19100682031036.0,16019311371336.0,1287471944949.0,1109719835564.0,637076805829.0,0.72,1.26,19.92,20.35,2.05
399001.SZ,20231222,19027302358120.0,15939546075952.0,1287450420924.0,1109332175541.0,637056255286.0,0.98,1.7,19.85,20.27,2.04
399001.SZ,20231221,19088923748863.0,15990340909288.0,1287466321401.0,1109332193141.0,637064437266.0,0.84,1.47,19.91,20.33,2.05
399001.SZ,20231220,18893414592832.0,15831880255509.0,1287466249026.0,1109399171964.0,637131416089.0,0.74,1.29,19.71,20.12,2.03
399001.SZ,20231219,19141686131101.0,16035546508436.0,1287471114226.0,1109286106636.0,637018351031.0,0.71,1.24,19.96,20.39,2.06
399001.SZ,20231218,19141471962688.0,16029842496477.0,1287472807935.0,1109270965522.0,637017820965.0,0.76,1.33,19.96,20.39,2.06
399001.SZ,20231215,19344297843852.0,16194426614001.0,1287472688292.0,1109197318094.0,636944173537.0,0.87,1.51,20.18,20.6,2.08
399001.SZ,20231214,19410361544716.0,16247897723012.0,1287472685214.0,1109160897811.0,636896992682.0,0.82,1.43,20.24,20.68,2.09
399001.SZ,20231213,19528091234898.0,16351838102082.0,1287462668701.0,1109150337953.0,636807214134.0,0.83,1.45,20.37,20.8,2.1
399001.SZ,20231212,19831302618371.0,16606338223935.0,1287399242366.0,1109151415618.0,636808762699.0,0.91,1.58,20.68,21.12,2.13
399001.SZ,20231211,19843443830665.0,16610399307472.0,1287399369796.0,1109156019868.0,636809430349.0,1.2,2.09,20.7,21.14,2.13
399001.SZ,20231208,19400245314480.0,16372866608358.0,1287492961319.0,1119481700631.0,642471666578.0,1.15,2.0,20.53,21.2,2.08
399001.SZ,20231207,19342206904817.0,16299961183444.0,1287494574960.0,1118374011103.0,642466348327.0,0.93,1.62,20.46,21.13,2.07
399001.SZ,20231206,19379461973385.0,16327435222687.0,1287495283558.0,1118324288172.0,642433052416.0,0.98,1.7,20.5,21.17,2.08
399001.SZ,20231205,19260819376809.0,16239381457017.0,1287531605187.0,1118306904138.0,642416950082.0,0.93,1.63,20.38,21.04,2.07
399001.SZ,20231204,19626923337422.0,16560385994330.0,1287451468361.0,1118300755176.0,642408161120.0,1.0,1.75,20.77,21.44,2.11
399001.SZ,20231201,19743937309772.0,16659023077465.0,1287444577708.0,1116818946137.0,642402009583.0,1.01,1.75,20.89,21.57,2.12
399001.SZ,20231130,19781473879944.0,16684563321542.0,1287325231524.0,1116818029203.0,642441913283.0,0.84,1.46,20.93,21.61,2.12
399001.SZ,20231129,19809743988413.0,16705921979466.0,1287267758925.0,1116800886017.0,642469107023.0,0.9,1.56,20.96,21.64,2.13
399001.SZ,20231128,19995770787043.0,16851063597533.0,1287268209095.0,1116777095719.0,642445328125.0,0.85,1.47,21.16,21.85,2.15
399001.SZ,20231127,19896614595399.0,16768758474268.0,1287264060787.0,1116772931631.0,642441164037.0,0.87,1.51,21.05,21.74,2.13
399001.SZ,20231124,20016690621914.0,16859852270011.0,1287263738191.0,1116484033030.0,642176130642.0,0.88,1.54,21.18,21.87,2.15
399001.SZ,20231123,20198243652213.0,16998316588150.0,1287355116558.0,1116575920252.0,642265228764.0,0.93,1.62,21.37,22.07,2.17
399001.SZ,20231122,20040412763747.0,16863904433227.0,1287325415818.0,1116575855552.0,642255226464.0,0.99,1.72,21.2,21.9,2.15
399001.SZ,20231121,20314387458503.0,17093987383834.0,1287319348807.0,1116574202741.0,642279501653.0,1.11,1.92,21.49,22.19,2.18
399001.SZ,20231120,20352156172936.0,17124939730620.0,1287307401049.0,1116565807863.0,642271106775.0,1.0,1.74,21.53,22.24,2.18
399001.SZ,20231117,20272603934367.0,17056289400189.0,1287130013874.0,1116565770865.0,642271982603.0,0.84,1.47,21.45,22.15,2.17
399001.SZ,20231116,20237813570375.0,17024342512212.0,1286174912261.0,1116040931997.0,641809695441.0,0.86,1.49,21.41,22.11,2.17
399001.SZ,20231115,20475129772740.0,17220516258410.0,1286147154964.0,1116040034325.0,641808797833.0,1.1,1.91,21.66,22.37,2.2
399001.SZ,20231114,20326770223378.0,17094869441051.0,1286143711964.0,1116038701450.0,641535108939.0,0.95,1.65,21.51,22.21,2.18
399001.SZ,20231113,20290566011853.0,17063233133657.0,1286149296688.0,1116036843570.0,641540270564.0,0.95,1.66,21.47,22.17,2.18
399001.SZ,20231110,20275783166459.0,17047847381609.0,1286149295706.0,1115980781601.0,641240000244.0,0.9,1.57,21.45,22.15,2.18
399001.SZ,20231109,20383099768523.0,17140441250021.0,1286147183217.0,1115979233260.0,641222740340.0,1.04,1.81,21.57,22.27,2.19
399001.SZ,20231108,20423387557393.0,17172402939573.0,1286146455711.0,1115978523129.0,641195082201.0,1.19,2.07,21.61,22.31,2.19
399001.SZ,20231107,20439960598639.0,17184350819288.0,1286145125911.0,1115974711404.0,641188097842.0,1.2,2.09,21.63,22.33,2.19
399001.SZ,20231106,20484205514880.0,17213979367638.0,1286145125911.0,1115458679283.0,641252307413.0,1.43,2.48,21.67,22.38,2.2
399001.SZ,20231103,20079559364468.0,16869497336263.0,1286145123011.0,1114878366364.0,643499923229.0,1.02,1.77,21.24,21.94,2.15
399001.SZ,20231102,19864857576322.0,16689978411173.0,1286161126624.0,1114893261977.0,643514818842.0,0.9,1.55,21.02,21.7,2.13
399001.SZ,20231101,20048411434399.0,16845184452768.0,1286161126111.0,1114869649569.0,643490406434.0,0.93,1.61,21.21,21.9,2.15
399001.SZ,20231031,20108822343072.0,16892199699455.0,1286129524935.0,1114869577206.0,643379573981.0,1.04,1.81,21.28,21.96,2.16
399001.SZ,20231030,20224192769812.0,16985136875695.0,1286091634426.0,1114786253770.0,643547479960.0,1.29,2.24,21.4,22.25,2.19
399001.SZ,20231027,19944173169915.0,16742877268173.0,1286089584566.0,1114771199301.0,643124817978.0,1.2,2.08,21.1,21.65,2.17
399001.SZ,20231026,19523300230889.0,16399671651400.0,1286087123612.0,1114707054857.0,643769465191.0,1.05,1.82,20.66,21.06,2.13
399001.SZ,20231025,19438244610065.0,16323429298518.0,1286085574675.0,1114648632712.0,644113544768.0,1.11,1.92,20.57,20.89,2.12
399001.SZ,20231024,19336323351134.0,16233770683566.0,1286086031961.0,1114648495099.0,644376756972.0,1.05,1.81,20.46,20.84,2.12
399001.SZ,20231023,19206561065165.0,16123960358757.0,1286086281090.0,1114644319165.0,644498729593.0,0.96,1.67,20.32,20.69,2.11
399001.SZ,20231020,19492632511796.0,16351217412176.0,1286084088676.0,1114564755156.0,644318448405.0,0.91,1.57,20.62,21.03,2.14
399001.SZ,20231019,19647626352143.0,16485530021617.0,1286098869476.0,1114564848906.0,643987098266.0,0.99,1.71,20.79,21.22,2.16
399001.SZ,20231018,19982510486570.0,16770951837029.0,1285378887773.0,1114564596246.0,643986845557.0,0.91,1.57,21.14,21.58,2.2
399001.SZ,20231017,20213551518398.0,16980377618259.0,1285378559973.0,1114564574274.0,643930862944.0,0.82,1.43,21.39,21.83,2.23
399001.SZ,20231016,20179477787243.0,16952099290146.0,1285369347076.0,1113893731131.0,643929045356.0,0.95,1.63,21.35,21.8,2.22
399001.SZ,20231013,20442438570735.0,17177034216349.0,1285368849515.0,1113874648764.0,643909962989.0,0.94,1.63,21.63,22.08,2.25
399001.SZ,20231012,20647350999806.0,17345823401533.0,1285360434065.0,1113802703264.0,643907954054.0,1.04,1.8,21.84,22.3,2.27
399001.SZ,20231011,20459983378235.0,17202593344231.0,1285360434065.0,1113802703264.0,643909365154.0,0.91,1.58,21.65,22.1,2.25
399001.SZ,20231010,20409598036373.0,17156058075551.0,1285362561428.0,1113607245731.0,643713907621.0,0.81,1.41,21.59,22.04,2.25
399001.SZ,20231009,20533788555526.0,17247015897521.0,1285344910973.0,1113701290013.0,643898274128.0,0.9,1.55,21.72,22.18,2.26
399001.SZ,20230928,20542896288556.0,17261341927946.0,1285326859070.0,1113765253982.0,643671290195.0,0.8,1.38,21.73,22.19,2.26
399001.SZ,20230927,20536287741786.0,17252393712890.0,1285326422030.0,1113744472996.0,643655249545.0,0.77,1.34,21.73,22.18,2.26
399001.SZ,20230926,20460401571632.0,17191144859796.0,1285323805330.0,1113744172996.0,643654949545.0,0.68,1.17,21.65,22.1,2.25
399001.SZ,20230925,20591463009225.0,17297787688663.0,1285323923151.0,1113744112516.0,643758792126.0,0.81,1.39,21.79,22.24,2.27
