macro_im_ts_code,macro_im_open,macro_im_close,macro_im_high,macro_im_low,macro_im_pre_close,macro_im_change,macro_im_pct_chg,macro_im_swing,macro_im_vol,trade_date
HSI,25718.53,25967.98,26080.84,25591.66,25781.77,186.21,0.72,1.9,3104045.0,20251023
HSI,25897.62,25781.77,25947.88,25653.75,26027.55,-245.78,-0.94,1.13,2830306.0,20251022
HSI,26160.24,26027.55,26367.35,26017.72,25858.83,168.72,0.65,1.35,3064990.0,20251021
HSI,25884.46,25858.83,25912.77,25710.61,25247.1,611.73,2.42,0.8,2901618.0,20251020
HSI,25851.94,25247.1,25859.82,25145.34,25888.51,-641.41,-2.48,2.76,4008381.0,20251017
HSI,25890.01,25888.51,26062.8,25687.32,25910.6,-22.09,-0.09,1.45,3380914.0,20251016
HSI,25714.89,25910.6,25982.21,25593.45,25441.35,469.25,1.84,1.53,3503926.0,20251015
HSI,25969.21,25441.35,26102.68,25331.64,25889.48,-448.13,-1.73,2.98,4753204.0,20251014
HSI,25634.0,25889.48,25895.62,25336.09,26290.32,-400.84,-1.52,2.13,5172795.0,20251013
HSI,26523.89,26290.32,26558.87,26247.04,26752.59,-462.27,-1.73,1.17,3432031.0,20251010
HSI,26862.03,26752.59,26978.41,26480.58,26829.46,-76.87,-0.29,1.86,4013938.0,20251009
HSI,26900.64,26829.46,26906.2,26517.45,26957.77,-128.31,-0.48,1.44,2105709.0,20251008
HSI,27003.92,26957.77,27145.17,26873.34,27140.92,-183.15,-0.67,1.0,1131615.0,20251006
HSI,27221.46,27140.92,27262.0,26972.71,27287.12,-146.2,-0.54,1.06,1391965.0,20251003
HSI,26918.3,27287.12,27381.84,26918.3,26855.56,431.56,1.61,1.73,2324595.0,20251002
HSI,26674.16,26855.56,26888.4,26558.28,26622.88,232.68,0.87,1.24,3501944.0,20250930
HSI,26321.57,26622.88,26687.72,26321.57,26128.2,494.68,1.89,1.4,3502823.0,20250929
HSI,26272.3,26128.2,26406.05,26072.93,26484.68,-356.48,-1.35,1.26,3440579.0,20250926
HSI,26536.13,26484.68,26640.53,26403.52,26518.65,-33.97,-0.13,0.89,3687012.0,20250925
HSI,26073.69,26518.65,26562.88,26057.26,26159.12,359.53,1.37,1.93,3023222.0,20250924
HSI,26435.58,26159.12,26454.09,26003.67,26344.14,-185.02,-0.7,1.71,3124549.0,20250923
HSI,26459.52,26344.14,26479.14,26204.01,26545.1,-200.96,-0.76,1.04,3298426.0,20250922
HSI,26583.03,26545.1,26637.64,26414.11,26544.85,0.25,0.0,0.84,4165886.0,20250919
HSI,26863.69,26544.85,27058.03,26322.08,26908.39,-363.54,-1.35,2.74,4114162.0,20250918
HSI,26554.19,26908.39,26936.5,26540.57,26438.51,469.88,1.78,1.5,3700815.0,20250917
HSI,26536.63,26438.51,26601.59,26332.21,26446.56,-8.05,-0.03,1.02,2882501.0,20250916
HSI,26308.91,26446.56,26532.75,26280.23,26388.16,58.4,0.22,0.96,2857680.0,20250915
HSI,26539.44,26388.16,26585.95,26329.66,26086.32,301.84,1.16,0.98,3332482.0,20250912
HSI,25987.49,26086.32,26241.46,25878.97,26200.26,-113.94,-0.43,1.38,3992481.0,20250911
HSI,26042.41,26200.26,26296.6,26017.5,25938.13,262.13,1.01,1.08,3793202.0,20250910
HSI,25711.07,25938.13,26027.94,25675.28,25633.91,304.22,1.19,1.38,3632723.0,20250909
HSI,25440.01,25633.91,25664.01,25387.81,25417.98,215.93,0.85,1.09,3654970.0,20250908
HSI,25136.24,25417.98,25471.8,25090.65,25058.51,359.47,1.43,1.52,3739376.0,20250905
HSI,25489.13,25058.51,25494.45,25013.26,25343.43,-284.92,-1.12,1.9,3630344.0,20250904
HSI,25660.65,25343.43,25789.99,25276.87,25496.55,-153.12,-0.6,2.01,3186159.0,20250903
HSI,25587.97,25496.55,25724.73,25416.61,25617.42,-120.87,-0.47,1.2,3811082.0,20250902
HSI,25508.21,25617.42,25638.34,25471.35,25077.62,539.8,2.15,0.67,4316834.0,20250901
HSI,25095.45,25077.62,25277.51,25066.85,24998.82,78.8,0.32,0.84,3818121.0,20250829
HSI,25030.54,24998.82,25093.65,24808.78,25201.76,-202.94,-0.81,1.13,4178767.0,20250828
HSI,25626.17,25201.76,25653.92,25140.17,25524.92,-323.16,-1.27,2.01,3871176.0,20250827
HSI,25714.91,25524.92,25819.7,25524.92,25829.91,-304.99,-1.18,1.14,3635352.0,20250826
HSI,25606.88,25829.91,25918.86,25590.62,25339.14,490.77,1.94,1.3,4143325.0,20250825
HSI,25205.04,25339.14,25349.08,25140.08,25104.61,234.53,0.93,0.83,3359402.0,20250822
HSI,25216.42,25104.61,25216.42,25000.85,25165.94,-61.33,-0.24,0.86,2860987.0,20250821
HSI,24968.57,25165.94,25210.9,24887.93,25122.9,43.04,0.17,1.29,2984164.0,20250820
HSI,25241.29,25122.9,25260.58,25083.2,25176.85,-53.95,-0.21,0.7,3195514.0,20250819
HSI,25293.34,25176.85,25466.1,25176.85,25270.07,-93.22,-0.37,1.14,3720533.0,20250818
HSI,25322.1,25270.07,25356.54,25167.81,25519.32,-249.25,-0.98,0.74,4157897.0,20250815
HSI,25766.62,25519.32,25766.62,25449.8,25613.67,-94.35,-0.37,1.24,3329980.0,20250814
HSI,25176.52,25613.67,25613.67,25176.52,24969.68,643.99,2.58,1.75,3271695.0,20250813
HSI,24824.07,24969.68,25016.29,24801.13,24906.81,62.87,0.25,0.86,2368600.0,20250812
HSI,24946.55,24906.81,24969.3,24775.73,24858.82,47.99,0.19,0.78,2525235.0,20250811
HSI,24968.31,24858.82,24999.11,24812.12,25081.63,-222.81,-0.89,0.75,2487390.0,20250808
HSI,24982.5,25081.63,25115.16,24820.6,24910.63,171.0,0.69,1.18,2937826.0,20250807
HSI,24864.15,24910.63,25002.97,24806.46,24902.53,8.1,0.03,0.79,2449816.0,20250806
HSI,24746.81,24902.53,24925.9,24686.85,24733.45,169.08,0.68,0.97,3058047.0,20250805
HSI,24431.88,24733.45,24748.76,24372.51,24507.81,225.64,0.92,1.54,2851319.0,20250804
HSI,24744.34,24507.81,24856.54,24507.63,24773.33,-265.52,-1.07,1.41,3765292.0,20250801
HSI,24982.87,24773.33,25000.06,24744.92,25176.93,-403.6,-1.6,1.01,4186419.0,20250731
HSI,25335.21,25176.93,25499.57,25082.2,25524.45,-347.52,-1.36,1.64,4667585.0,20250730
HSI,25454.83,25524.45,25530.42,25252.32,25562.13,-37.68,-0.15,1.09,3744981.0,20250729
HSI,25458.87,25562.13,25667.4,25399.36,25388.35,173.78,0.68,1.06,3425359.0,20250728
HSI,25531.59,25388.35,25585.73,25355.31,25667.18,-278.83,-1.09,0.9,3406347.0,20250725
HSI,25528.22,25667.18,25735.89,25502.49,25538.07,129.11,0.51,0.91,3595688.0,20250724
HSI,25348.3,25538.07,25538.07,25228.01,25130.03,408.04,1.62,1.23,4139833.0,20250723
HSI,25024.93,25130.03,25130.03,24900.59,24994.14,135.89,0.54,0.92,3822402.0,20250722
HSI,24991.14,24994.14,25010.9,24844.8,24825.66,168.48,0.68,0.67,3608989.0,20250721
HSI,24757.83,24825.66,24825.66,24630.79,24498.95,326.71,1.33,0.8,2904192.0,20250718
HSI,24547.08,24498.95,24672.51,24447.93,24517.76,-18.81,-0.08,0.92,3208346.0,20250717
HSI,24704.05,24517.76,24867.81,24517.75,24590.12,-72.36,-0.29,1.42,3381733.0,20250716
HSI,24281.94,24590.12,24590.12,24141.88,24203.32,386.8,1.6,1.85,3774894.0,20250715
HSI,24100.57,24203.32,24267.84,24097.32,24139.57,63.75,0.26,0.71,2730322.0,20250714
HSI,24033.12,24139.57,24506.3,24033.12,24028.37,111.2,0.46,1.97,4142013.0,20250711
HSI,23865.64,24028.37,24087.59,23820.58,23892.32,136.05,0.57,1.12,3501147.0,20250710
HSI,24061.08,23892.32,24061.08,23827.15,24148.07,-255.75,-1.06,0.97,3197624.0,20250709
HSI,23927.53,24148.07,24159.01,23899.6,23887.83,260.24,1.09,1.09,3039866.0,20250708
HSI,23828.85,23887.83,23910.95,23713.78,23916.06,-28.23,-0.12,0.82,2516509.0,20250707
HSI,23900.69,23916.06,24068.51,23690.94,24069.94,-153.88,-0.64,1.57,4021196.0,20250704
HSI,24234.28,24069.94,24269.14,23920.0,24221.41,-151.47,-0.63,1.44,3594907.0,20250703
HSI,24304.31,24221.41,24372.7,24122.57,24072.28,149.13,0.62,1.04,4061334.0,20250702
HSI,24274.91,24072.28,24274.91,24064.26,24284.15,-211.87,-0.87,0.87,3775880.0,20250630
HSI,24451.19,24284.15,24471.53,24194.85,24325.4,-41.25,-0.17,1.14,4341564.0,20250627
HSI,24345.29,24325.4,24411.48,24235.54,24474.67,-149.27,-0.61,0.72,3258467.0,20250626
HSI,24327.82,24474.67,24533.39,24287.86,24177.07,297.6,1.23,1.02,3724327.0,20250625
HSI,23832.73,24177.07,24229.21,23832.73,23689.13,487.94,2.06,1.67,3995666.0,20250624
HSI,23335.51,23689.13,23689.13,23272.75,23530.48,158.65,0.67,1.77,3225940.0,20250623
HSI,23291.4,23530.48,23538.63,23291.4,23237.74,292.74,1.26,1.06,4801510.0,20250620
HSI,23620.02,23237.74,23653.55,23185.58,23710.69,-472.95,-1.99,1.97,3871863.0,20250619
HSI,23859.55,23710.69,23880.24,23631.48,23980.3,-269.61,-1.12,1.04,3264301.0,20250618
HSI,24107.34,23980.3,24131.44,23880.67,24060.99,-80.69,-0.34,1.04,3374247.0,20250617
HSI,23791.79,24060.99,24125.05,23718.72,23892.56,168.43,0.7,1.7,3825923.0,20250616
HSI,23959.81,23892.56,24100.32,23774.92,24035.38,-142.82,-0.59,1.35,4926029.0,20250613
HSI,24223.12,24035.38,24288.76,24002.42,24366.94,-331.56,-1.36,1.18,4328662.0,20250612
HSI,24191.32,24366.94,24439.35,24179.35,24162.87,204.07,0.84,1.08,3703332.0,20250611
HSI,24231.31,24162.87,24296.47,24003.38,24181.43,-18.56,-0.08,1.21,3685221.0,20250610
HSI,23977.54,24181.43,24181.43,23957.96,23792.54,388.89,1.63,0.94,3987156.0,20250609
HSI,23941.57,23792.54,23951.14,23773.36,23906.97,-114.43,-0.48,0.74,4376668.0,20250606
HSI,23828.69,23906.97,23911.14,23732.31,23654.03,252.94,1.07,0.76,3272646.0,20250605
HSI,23499.78,23654.03,23716.93,23481.46,23512.49,141.54,0.6,1.0,3498684.0,20250604
HSI,23281.1,23512.49,23535.37,23281.1,23157.97,354.52,1.53,1.1,3676274.0,20250603
HSI,23043.1,23157.97,23163.35,22668.35,23289.77,-131.8,-0.57,2.13,2309330.0,20250602
HSI,23339.64,23289.77,23375.34,23163.22,23573.38,-283.61,-1.2,0.9,5293510.0,20250530
HSI,23240.71,23573.38,23603.82,23207.37,23258.31,315.07,1.35,1.7,3711280.0,20250529
HSI,23385.18,23258.31,23476.22,23180.17,23381.99,-123.68,-0.53,1.27,2874681.0,20250528
HSI,23216.87,23381.99,23419.55,23167.56,23282.33,99.66,0.43,1.08,3081428.0,20250527
HSI,23505.9,23282.33,23571.02,23234.27,23601.26,-318.93,-1.35,1.43,3381835.0,20250526
HSI,23557.38,23601.26,23749.38,23487.4,23544.31,56.95,0.24,1.11,3348650.0,20250523
HSI,23748.58,23544.31,23778.24,23470.81,23827.78,-283.47,-1.19,1.29,3397746.0,20250522
HSI,23736.43,23827.78,23917.0,23697.76,23681.48,146.3,0.62,0.93,3463664.0,20250521
HSI,23398.35,23681.48,23709.04,23357.0,23332.72,348.76,1.49,1.51,3290642.0,20250520
HSI,23156.27,23332.72,23402.2,23059.89,23345.05,-12.33,-0.05,1.47,2814000.0,20250519
HSI,23249.16,23345.05,23374.7,23190.31,23453.16,-108.11,-0.46,0.79,2759492.0,20250516
HSI,23644.4,23453.16,23710.82,23371.73,23640.65,-187.49,-0.79,1.43,2887639.0,20250515
HSI,23316.45,23640.65,23640.65,23278.22,23108.27,532.38,2.3,1.57,3742902.0,20250514
HSI,23494.44,23108.27,23494.44,23070.48,23549.46,-441.19,-1.87,1.8,3475932.0,20250513
HSI,23183.81,23549.46,23685.34,22982.91,22867.74,681.72,2.98,3.07,5161387.0,20250512
HSI,22856.21,22867.74,22907.91,22692.44,22775.92,91.82,0.4,0.95,2635923.0,20250509
HSI,22589.13,22775.92,22979.29,22589.13,22691.88,84.04,0.37,1.72,2773683.0,20250508
HSI,23169.83,22691.88,23197.57,22691.88,22662.71,29.17,0.13,2.23,3694148.0,20250507
HSI,22576.56,22662.71,22747.63,22449.16,22504.68,158.03,0.7,1.33,3317364.0,20250506
HSI,22192.51,22504.68,22532.54,22058.3,22119.41,385.27,1.74,2.14,1830959.0,20250502
HSI,22038.73,22119.41,22129.31,21848.33,22008.11,111.3,0.51,1.28,4682251.0,20250430
HSI,22073.36,22008.11,22213.51,21918.1,21971.96,36.15,0.16,1.34,3045158.0,20250429
HSI,22072.35,21971.96,22072.35,21817.85,21980.74,-8.78,-0.04,1.16,2465992.0,20250428
HSI,22080.44,21980.74,22267.96,21923.9,21909.76,70.98,0.32,1.57,3025706.0,20250425
HSI,22030.15,21909.76,22093.68,21712.1,22072.62,-162.86,-0.74,1.73,2985811.0,20250424
HSI,22080.19,22072.62,22138.81,21862.87,21562.32,510.3,2.37,1.28,3585311.0,20250423
HSI,21303.51,21562.32,21592.67,21191.02,21395.14,167.18,0.78,1.88,3883647.0,20250422
HSI,21066.81,21395.14,21417.64,21039.16,21056.98,338.16,1.61,1.8,2892828.0,20250417
HSI,21316.47,21056.98,21363.57,20868.36,21466.27,-409.29,-1.91,2.31,3441790.0,20250416
HSI,21603.52,21466.27,21603.52,21297.59,21417.4,48.87,0.23,1.43,2942774.0,20250415
HSI,21363.88,21417.4,21517.32,21224.55,20914.69,502.71,2.4,1.4,4538264.0,20250414
HSI,20557.49,20914.69,21127.37,20444.04,20681.78,232.91,1.13,3.3,5139238.0,20250411
HSI,20810.43,20681.78,21211.13,20530.43,20264.49,417.29,2.06,3.36,6611812.0,20250410
HSI,19494.92,20264.49,20441.14,19260.21,20127.68,136.81,0.68,5.87,8672350.0,20250409
HSI,20157.52,20127.68,20454.26,19745.14,19828.3,299.38,1.51,3.58,8420729.0,20250408
HSI,20730.05,19828.3,21047.83,19706.03,22849.81,-3021.51,-13.22,5.87,12686536.0,20250407
HSI,22638.21,22849.81,22998.3,22638.21,23202.53,-352.72,-1.52,1.55,4249907.0,20250403
HSI,23167.31,23202.53,23393.03,22980.96,23206.84,-4.31,-0.02,1.78,3573452.0,20250402
HSI,23217.11,23206.84,23456.58,23123.35,23119.58,87.26,0.38,1.44,3979667.0,20250401
HSI,23207.07,23119.58,23399.73,23002.81,23426.6,-307.02,-1.31,1.69,4752816.0,20250331
HSI,23672.82,23426.6,23775.3,23254.3,23578.8,-152.2,-0.65,2.21,3540793.0,20250328
HSI,23543.86,23578.8,23865.62,23372.36,23483.32,95.48,0.41,2.1,3790122.0,20250327
HSI,23460.31,23483.32,23596.85,23350.73,23344.25,139.07,0.6,1.05,3116620.0,20250326
HSI,23643.32,23344.25,23747.32,23321.67,23905.56,-561.31,-2.35,1.78,4234395.0,20250325
HSI,23749.58,23905.56,23967.51,23531.2,23689.72,215.84,0.91,1.84,3386124.0,20250324
HSI,24109.07,23689.72,24230.72,23577.78,24219.95,-530.23,-2.19,2.7,4931007.0,20250321
HSI,24753.15,24219.95,24753.15,24186.69,24771.14,-551.19,-2.23,2.29,4102247.0,20250320
HSI,24697.63,24771.14,24874.39,24601.73,24740.57,30.57,0.12,1.1,3593001.0,20250319
HSI,24679.35,24740.57,24745.13,24475.26,24145.57,595.0,2.46,1.12,3930667.0,20250318
HSI,24226.0,24145.57,24352.47,24077.15,23959.98,185.59,0.77,1.15,3284154.0,20250317
HSI,23653.33,23959.98,24113.53,23454.49,23462.65,497.33,2.12,2.81,4260065.0,20250314
HSI,23616.33,23462.65,23712.61,23198.73,23600.31,-137.66,-0.58,2.18,3231281.0,20250313
HSI,23859.23,23600.31,23962.03,23363.98,23782.14,-181.83,-0.76,2.51,3632713.0,20250312
HSI,23274.86,23782.14,23858.61,23238.36,23783.49,-1.35,-0.01,2.61,3554137.0,20250311
HSI,24115.98,23783.49,24292.8,23632.42,24231.3,-447.81,-1.85,2.73,3684250.0,20250310
HSI,24182.02,24231.3,24669.62,24065.01,24369.71,-138.41,-0.57,2.48,4830823.0,20250307
HSI,23987.09,24369.71,24410.93,23987.09,23594.21,775.5,3.29,1.8,4886268.0,20250306
HSI,23200.42,23594.21,23636.65,23090.63,22941.77,652.44,2.84,2.38,4077656.0,20250305
HSI,22678.25,22941.77,23051.01,22547.53,23006.27,-64.5,-0.28,2.19,3994826.0,20250304
HSI,23135.12,23006.27,23405.98,22861.75,22941.32,64.95,0.28,2.37,4338236.0,20250303
HSI,23616.18,22941.32,23616.18,22798.34,23718.29,-776.97,-3.28,3.45,6578328.0,20250228
HSI,23783.75,23718.29,24076.53,23441.74,23787.93,-69.64,-0.29,2.67,6256973.0,20250227
HSI,23238.34,23787.93,23973.17,23238.34,23034.02,753.91,3.27,3.19,5138075.0,20250226
HSI,22716.48,23034.02,23248.52,22716.48,23341.61,-307.59,-1.32,2.28,4449761.0,20250225
HSI,23472.14,23341.61,23688.45,23221.57,23477.92,-136.31,-0.58,1.99,5264639.0,20250224
HSI,23090.03,23477.92,23477.92,22901.69,22576.98,900.94,3.99,2.55,6167286.0,20250221
HSI,22716.71,22576.98,22849.66,22436.13,22944.24,-367.26,-1.6,1.8,4200437.0,20250220
HSI,22777.46,22944.24,22975.34,22649.49,22976.81,-32.57,-0.14,1.42,4080381.0,20250219
HSI,22664.73,22976.81,23141.41,22608.18,22616.23,360.58,1.59,2.36,5222618.0,20250218
HSI,22755.06,22616.23,22977.25,22319.32,22620.33,-4.1,-0.02,2.91,6736175.0,20250217
HSI,22027.07,22620.33,22620.33,22027.07,21814.37,805.96,3.69,2.72,6056957.0,20250214
HSI,21958.69,21814.37,22523.57,21735.56,21857.92,-43.55,-0.2,3.61,6487224.0,20250213
HSI,21526.41,21857.92,21858.83,21411.09,21294.86,563.06,2.64,2.1,4872966.0,20250212
HSI,21656.82,21294.86,21682.41,21279.37,21521.98,-227.12,-1.06,1.87,3583384.0,20250211
HSI,21223.61,21521.98,21539.63,21223.61,21133.54,388.44,1.84,1.5,3736111.0,20250210
HSI,20858.52,21133.54,21213.7,20806.1,20891.62,241.92,1.16,1.95,4125561.0,20250207
HSI,20598.98,20891.62,20891.62,20532.06,20597.09,294.53,1.43,1.75,2957435.0,20250206
HSI,20827.77,20597.09,20827.77,20417.39,20789.96,-192.87,-0.93,1.97,2967877.0,20250205
HSI,20488.29,20789.96,20885.49,20297.64,20217.26,572.7,2.83,2.91,2854047.0,20250204
HSI,20048.87,20217.26,20222.0,19764.67,20225.11,-7.85,-0.04,2.26,2224420.0,20250203
HSI,20337.46,20225.11,20337.46,20165.73,20197.77,27.34,0.14,0.85,945165.07,20250128
HSI,20118.02,20197.77,20296.94,20118.02,20066.19,131.58,0.66,0.89,2751205.0,20250127
HSI,19842.85,20066.19,20144.0,19768.13,19700.56,365.63,1.86,1.91,3209801.0,20250124
HSI,19881.32,19700.56,20044.06,19644.83,19778.77,-78.21,-0.4,2.02,3059665.0,20250123
HSI,19997.09,19778.77,20022.34,19733.21,20106.55,-327.78,-1.63,1.44,2282069.0,20250122
HSI,20128.34,20106.55,20205.25,19920.31,19925.81,180.74,0.91,1.43,2412101.0,20250121
HSI,19804.64,19925.81,20093.65,19786.73,19584.06,341.75,1.75,1.57,2764367.0,20250120
HSI,19499.1,19584.06,19640.37,19423.7,19522.89,61.17,0.31,1.11,2435751.0,20250117
HSI,19454.92,19522.89,19664.39,19345.19,19286.07,236.82,1.23,1.66,2710672.0,20250116
HSI,19149.94,19286.07,19319.22,19149.94,19219.78,66.29,0.34,0.88,2451865.0,20250115
HSI,18901.56,19219.78,19318.36,18901.56,18874.14,345.64,1.83,2.21,2838563.0,20250114
HSI,18918.15,18874.14,18929.12,18671.49,19064.29,-190.15,-1.0,1.35,2754792.0,20250113
HSI,19328.07,19064.29,19370.49,19036.64,19240.89,-176.6,-0.92,1.74,2606699.0,20250110
HSI,19254.38,19240.89,19405.74,19227.73,19279.84,-38.95,-0.2,0.92,2456498.0,20250109
HSI,19390.76,19279.84,19483.59,19111.54,19447.58,-167.74,-0.86,1.91,3232400.0,20250108
HSI,19501.45,19447.58,19668.65,19252.61,19688.29,-240.71,-1.22,2.11,3580950.0,20250107
HSI,19848.71,19688.29,19851.55,19627.84,19760.27,-71.98,-0.36,1.13,2465706.0,20250106
HSI,19708.74,19760.27,19891.86,19634.07,19623.32,136.95,0.7,1.31,3393771.0,20250103
HSI,19932.8,19623.32,19932.8,19542.98,20059.95,-436.63,-2.18,1.94,4033352.0,20250102
HSI,20003.36,20059.95,20180.4,20003.36,20041.42,18.53,0.09,0.88,1722100.0,20241231
HSI,20124.75,20041.42,20193.09,19968.07,20090.46,-49.04,-0.24,1.12,2724937.0,20241230
HSI,20083.44,20090.46,20184.88,20009.95,20098.29,-7.83,-0.04,0.87,2906585.0,20241227
HSI,19911.5,20098.29,20165.46,19908.57,19883.13,215.16,1.08,1.29,2206525.0,20241224
HSI,19843.65,19883.13,19937.39,19746.46,19720.7,162.43,0.82,0.97,3403594.0,20241223
HSI,19697.06,19720.7,19875.9,19692.68,19752.51,-31.81,-0.16,0.93,3501199.0,20241220
HSI,19610.1,19752.51,19849.03,19591.49,19864.55,-112.04,-0.56,1.3,2385034.0,20241219
HSI,19884.54,19864.55,19953.53,19802.22,19700.48,164.07,0.83,0.77,2288116.0,20241218
HSI,19678.03,19700.48,19930.83,19620.63,19795.49,-95.01,-0.48,1.57,2787061.0,20241217
HSI,19947.23,19795.49,20049.21,19726.15,19971.24,-175.75,-0.88,1.62,2699601.0,20241216
HSI,20238.21,19971.24,20238.21,19927.27,20397.05,-425.81,-2.09,1.52,3106773.0,20241213
HSI,20213.24,20397.05,20546.44,20121.47,20155.05,242.0,1.2,2.11,2777100.0,20241212
HSI,20404.5,20155.05,20481.37,20100.07,20311.28,-156.23,-0.77,1.88,2300070.0,20241211
HSI,21070.05,20311.28,21070.05,20308.86,20414.09,-102.81,-0.5,3.73,4472372.0,20241210
HSI,19732.28,20414.09,20433.73,19695.51,19865.85,548.24,2.76,3.72,3960642.0,20241209
HSI,19611.62,19865.85,19934.72,19566.29,19560.44,305.41,1.56,1.88,3493293.0,20241206
HSI,19578.66,19560.44,19642.73,19466.69,19742.46,-182.02,-0.92,0.89,2007506.0,20241205
HSI,19722.15,19742.46,19823.09,19615.61,19746.32,-3.86,-0.02,1.05,2589126.0,20241204
HSI,19585.35,19746.32,19768.32,19386.82,19550.29,196.03,1.0,1.95,2625268.0,20241203
HSI,19442.31,19550.29,19690.22,19387.2,19423.61,126.68,0.65,1.56,2392349.0,20241202
HSI,19346.62,19423.61,19658.2,19312.41,19366.96,56.65,0.29,1.79,2487646.0,20241129
HSI,19558.18,19366.96,19558.18,19312.26,19603.13,-236.17,-1.2,1.25,2160791.0,20241128
HSI,19187.05,19603.13,19660.99,19061.6,19159.2,443.93,2.32,3.13,2374799.0,20241127
HSI,19054.4,19159.2,19295.75,19054.4,19150.99,8.21,0.04,1.26,2384715.0,20241126
HSI,19307.34,19150.99,19351.06,19102.06,19229.97,-78.98,-0.41,1.29,4385586.0,20241125
HSI,19613.55,19229.97,19711.4,19134.59,19601.11,-371.14,-1.89,2.94,3237628.0,20241122
HSI,19646.04,19601.11,19764.62,19552.5,19705.01,-103.9,-0.53,1.08,2079193.0,20241121
HSI,19623.39,19705.01,19752.93,19575.91,19663.67,41.34,0.21,0.9,2057519.0,20241120
HSI,19699.81,19663.67,19758.57,19522.59,19576.61,87.06,0.44,1.21,2529912.0,20241119
HSI,19595.5,19576.61,19781.08,19470.43,19426.34,150.27,0.77,1.6,3176438.0,20241118
HSI,19503.03,19426.34,19608.24,19332.34,19435.81,-9.47,-0.05,1.42,2947181.0,20241115
HSI,19626.26,19435.81,19859.17,19392.59,19823.45,-387.64,-1.96,2.35,3309999.0,20241114
HSI,19671.92,19823.45,19840.28,19608.32,19846.88,-23.43,-0.12,1.17,2862286.0,20241113
HSI,20334.09,19846.88,20517.24,19761.31,20426.93,-580.05,-2.84,3.7,4319462.0,20241112
HSI,20258.14,20426.93,20505.01,20151.38,20728.19,-301.26,-1.45,1.71,3649659.0,20241111
HSI,21199.96,20728.19,21355.44,20705.12,20953.34,-225.15,-1.07,3.1,4153511.0,20241108
HSI,20386.36,20953.34,20986.31,20370.44,20538.38,414.96,2.02,3.0,4317469.0,20241107
HSI,20791.8,20538.38,20859.66,20361.92,21006.97,-468.59,-2.23,2.37,3903890.0,20241106
HSI,20409.94,21006.97,21006.97,20409.94,20567.52,439.45,2.14,2.9,3147326.0,20241105
HSI,20584.45,20567.52,20633.58,20446.26,20506.43,61.09,0.3,0.91,2463563.0,20241104
HSI,20427.88,20506.43,20667.22,20353.34,20317.33,189.1,0.93,1.54,3278799.0,20241101
HSI,20414.2,20317.33,20553.3,20317.33,20380.64,-63.31,-0.31,1.16,3238219.0,20241031
HSI,20586.55,20380.64,20681.52,20270.07,20701.14,-320.5,-1.55,1.99,3626539.0,20241030
HSI,20729.98,20701.14,20890.08,20563.74,20599.36,101.78,0.49,1.58,3137711.0,20241029
HSI,20592.74,20599.36,20669.41,20428.94,20590.15,9.21,0.04,1.17,2978624.0,20241028
HSI,20521.95,20590.15,20784.47,20521.95,20489.62,100.53,0.49,1.28,2984626.0,20241025
HSI,20576.05,20489.62,20685.46,20448.46,20760.15,-270.53,-1.3,1.14,2725564.0,20241024
HSI,20525.44,20760.15,20942.26,20448.84,20498.95,261.2,1.27,2.41,3541994.0,20241023
HSI,20433.49,20498.95,20629.48,20380.04,20478.46,20.49,0.1,1.22,2556580.0,20241022
HSI,20730.95,20478.46,20845.57,20423.09,20804.11,-325.65,-1.57,2.03,3775033.0,20241021
HSI,20106.65,20804.11,20952.99,20058.67,20079.1,725.01,3.61,4.45,4586214.0,20241018
HSI,20471.99,20079.1,20783.35,19977.35,20286.85,-207.75,-1.02,3.97,3646903.0,20241017
HSI,20144.75,20286.85,20548.18,20131.34,20318.79,-31.94,-0.16,2.05,4158740.0,20241016
HSI,21046.19,20318.79,21095.01,20154.71,21092.87,-774.08,-3.67,4.46,4906379.0,20241015
HSI,21228.65,21092.87,21348.86,20693.75,21251.98,-159.11,-0.75,3.08,5743338.0,20241014
HSI,21046.0,21251.98,21622.65,20983.94,20637.24,614.74,2.98,3.09,6039903.0,20241010
HSI,21290.04,20637.24,21417.75,20190.53,20926.79,-289.55,-1.38,5.86,7953636.0,20241009
HSI,22849.23,20926.79,22902.36,20762.82,23099.78,-2172.99,-9.41,9.26,11257877.0,20241008
HSI,22948.35,23099.78,23241.74,22719.91,22736.87,362.91,1.6,2.3,5098398.0,20241007
HSI,22015.08,22736.87,22742.36,21824.68,22113.51,623.36,2.82,4.15,4619951.0,20241004
HSI,22484.04,22113.51,22484.04,21442.25,22443.73,-330.22,-1.47,4.64,4942181.0,20241003
HSI,21289.6,22443.73,22667.74,21289.6,21133.68,1310.05,6.2,6.52,7696287.0,20241002
HSI,21175.41,21133.68,21488.75,20789.93,20632.3,501.38,2.43,3.39,10357063.0,20240930
HSI,20446.74,20632.3,20743.2,20268.63,19924.58,707.72,3.55,2.38,9656093.0,20240927
HSI,19302.57,19924.58,19954.06,19176.58,19129.1,795.48,4.16,4.06,7428256.0,20240926
HSI,19592.43,19129.1,19592.43,19072.72,19000.56,128.54,0.68,2.74,6507489.0,20240925
HSI,18573.92,19000.56,19002.05,18532.28,18247.11,753.45,4.13,2.57,6008421.0,20240924
HSI,18237.41,18247.11,18426.92,18212.58,18258.57,-11.46,-0.06,1.17,2724524.0,20240923
HSI,18069.33,18258.57,18355.15,18047.13,18013.16,245.41,1.36,1.71,4005307.0,20240920
HSI,17633.93,18013.16,18071.1,17602.45,17660.02,353.14,2.0,2.65,3436673.0,20240919
HSI,17386.75,17660.02,17715.77,17368.14,17422.12,237.9,1.37,2.0,1665721.0,20240917
HSI,17252.77,17422.12,17422.12,17177.08,17369.09,53.03,0.31,1.41,1127924.0,20240916
HSI,17298.35,17369.09,17540.81,17298.35,17240.39,128.7,0.75,1.41,2139978.0,20240913
HSI,17177.3,17240.39,17334.19,17127.25,17108.71,131.68,0.77,1.21,2374153.0,20240912
HSI,17051.84,17108.71,17124.96,16964.28,17234.09,-125.38,-0.73,0.93,3071143.0,20240911
HSI,17205.42,17234.09,17297.95,17133.5,17196.96,37.13,0.22,0.96,2786726.0,20240910
HSI,17261.89,17196.96,17305.91,17067.45,17444.3,-247.34,-1.42,1.37,3841864.0,20240909
HSI,17469.96,17444.3,17555.61,17332.49,17457.34,-13.04,-0.07,1.28,2558635.0,20240905
HSI,17474.74,17457.34,17531.05,17333.3,17651.49,-194.15,-1.1,1.12,2601237.0,20240904
HSI,17665.93,17651.49,17725.51,17583.7,17691.97,-40.48,-0.23,0.8,2470760.0,20240903
HSI,17862.59,17691.97,17862.59,17645.92,17989.07,-297.1,-1.65,1.2,3077120.0,20240902
HSI,17794.41,17989.07,18202.6,17778.1,17786.32,202.75,1.14,2.39,4753806.0,20240830
HSI,17614.41,17786.32,17797.17,17502.53,17692.45,93.87,0.53,1.67,2858173.0,20240829
HSI,17847.99,17692.45,17879.01,17659.29,17874.67,-182.22,-1.02,1.23,2184592.0,20240828
HSI,17663.8,17874.67,17879.27,17624.42,17798.73,75.94,0.43,1.43,2702699.0,20240827
HSI,17709.27,17798.73,17826.05,17709.27,17612.1,186.63,1.06,0.66,1970099.0,20240826
HSI,17521.18,17612.1,17635.7,17493.08,17641.0,-28.9,-0.16,0.81,2054122.0,20240823
HSI,17497.63,17641.0,17652.8,17389.94,17391.01,249.99,1.44,1.51,2945730.0,20240822
HSI,17313.86,17391.01,17415.48,17232.13,17511.08,-120.07,-0.69,1.05,2060224.0,20240821
HSI,17661.69,17511.08,17661.69,17449.99,17569.57,-58.49,-0.33,1.2,1961800.0,20240820
HSI,17569.66,17569.57,17685.86,17547.65,17430.16,139.41,0.8,0.79,2361571.0,20240819
HSI,17286.04,17430.16,17473.89,17255.86,17109.14,321.02,1.88,1.27,2551717.0,20240816
HSI,17008.21,17109.14,17283.65,16926.47,17113.36,-4.22,-0.02,2.09,2407027.0,20240815
HSI,17233.68,17113.36,17254.23,17055.7,17174.06,-60.7,-0.35,1.16,1574534.0,20240814
HSI,17160.21,17174.06,17252.88,17074.69,17111.65,62.41,0.36,1.04,1934996.0,20240813
HSI,17102.98,17111.65,17162.76,17002.93,17090.23,21.42,0.13,0.94,1793075.0,20240812
HSI,17097.36,17090.23,17252.22,17079.35,16891.83,198.4,1.17,1.02,2145406.0,20240809
HSI,16773.04,16891.83,17023.1,16665.06,16877.86,13.97,0.08,2.12,2114356.0,20240808
HSI,16684.78,16877.86,16988.26,16684.78,16647.34,230.52,1.38,1.82,2267420.0,20240807
HSI,16861.3,16647.34,16908.97,16611.14,16698.36,-51.02,-0.31,1.78,2425958.0,20240806
HSI,16676.82,16698.36,16944.59,16441.44,16945.51,-247.15,-1.46,2.97,3667471.0,20240805
HSI,17025.26,16945.51,17075.52,16865.93,17304.96,-359.45,-2.08,1.21,2433819.0,20240802
HSI,17327.85,17304.96,17408.95,17248.12,17344.6,-39.64,-0.23,0.93,1933875.0,20240801
HSI,17070.86,17344.6,17400.24,17015.83,17002.91,341.69,2.01,2.26,2678950.0,20240731
HSI,17194.37,17002.91,17194.37,16971.6,17238.34,-235.43,-1.37,1.29,2552689.0,20240730
HSI,17196.45,17238.34,17358.66,17154.12,17021.31,217.03,1.28,1.2,2258414.0,20240729
HSI,17079.67,17021.31,17229.19,16924.58,17004.97,16.34,0.1,1.79,2374211.0,20240726
HSI,17260.83,17004.97,17288.46,16964.52,17311.05,-306.08,-1.77,1.87,2604393.0,20240725
HSI,17454.43,17311.05,17516.95,17251.26,17469.36,-158.31,-0.91,1.52,2208182.0,20240724
HSI,17679.55,17469.36,17707.68,17451.86,17635.88,-166.52,-0.94,1.45,2216456.0,20240723
HSI,17465.13,17635.88,17693.35,17313.88,17417.68,218.2,1.25,2.18,2133630.0,20240722
HSI,17603.8,17417.68,17629.97,17376.23,17778.41,-360.73,-2.03,1.43,2811639.0,20240719
HSI,17653.23,17778.41,17864.12,17623.74,17739.41,39.0,0.22,1.36,2018291.0,20240718
HSI,17741.77,17739.41,17807.68,17658.68,17727.98,11.43,0.06,0.84,2757016.0,20240717
HSI,17845.06,17727.98,17899.55,17727.98,18015.94,-287.96,-1.6,0.95,2334968.0,20240716
HSI,18201.48,18015.94,18243.39,17946.49,18293.38,-277.44,-1.52,1.62,2326340.0,20240715
HSI,18020.17,18293.38,18317.31,18020.17,17832.33,461.05,2.59,1.67,3059027.0,20240712
HSI,17629.13,17832.33,17864.09,17621.05,17471.67,360.66,2.06,1.39,2231597.0,20240711
HSI,17613.5,17471.67,17765.88,17455.08,17523.23,-51.56,-0.29,1.77,2641974.0,20240710
HSI,17481.0,17523.23,17617.64,17376.48,17524.06,-0.83,0.0,1.38,2618912.0,20240709
HSI,17667.97,17524.06,17735.58,17453.56,17799.61,-275.55,-1.55,1.58,2348970.0,20240708
HSI,18035.77,17799.61,18105.01,17799.61,18028.28,-228.67,-1.27,1.69,2886550.0,20240705
HSI,18079.72,18028.28,18133.3,17942.08,17978.57,49.71,0.28,1.06,2994631.0,20240704
HSI,17841.77,17978.57,18017.76,17808.27,17769.14,209.43,1.18,1.18,3089692.0,20240703
HSI,17669.42,17769.14,17986.14,17669.42,17718.61,50.53,0.29,1.79,3374290.0,20240702
HSI,17583.19,17718.61,17865.47,17583.19,17716.47,2.14,0.01,1.59,2826596.0,20240628
HSI,17946.0,17716.47,17961.92,17677.33,18089.93,-373.46,-2.06,1.57,2806088.0,20240627
HSI,17934.63,18089.93,18156.35,17934.63,18072.9,17.03,0.09,1.23,2308526.0,20240626
HSI,18088.02,18072.9,18231.46,17959.07,18027.71,45.19,0.25,1.51,2333710.0,20240625
HSI,17906.36,18027.71,18032.67,17789.57,18028.52,-0.81,0.0,1.35,2716259.0,20240624
HSI,18199.14,18028.52,18240.13,17968.37,18335.32,-306.8,-1.67,1.48,3426214.0,20240621
HSI,18453.63,18335.32,18520.37,18274.2,18430.39,-95.07,-0.52,1.34,2682898.0,20240620
HSI,18056.22,18430.39,18448.66,18039.01,17915.55,514.84,2.87,2.29,3513293.0,20240619
HSI,17961.89,17915.55,18043.48,17854.79,17936.12,-20.57,-0.11,1.05,2550031.0,20240618
HSI,17848.87,17936.12,18122.8,17752.96,17941.78,-5.66,-0.03,2.06,2118421.0,20240617
HSI,18028.07,17941.78,18109.89,17927.16,18112.63,-170.85,-0.94,1.01,2621288.0,20240614
HSI,18104.13,18112.63,18173.53,17971.57,17937.84,174.79,0.97,1.13,2331253.0,20240613
HSI,18032.4,17937.84,18063.72,17848.76,18176.34,-238.5,-1.31,1.18,3139463.0,20240612
HSI,18163.12,18176.34,18267.69,17994.1,18366.95,-190.61,-1.04,1.49,3528462.0,20240611
HSI,18562.48,18366.95,18575.69,18302.33,18476.8,-109.85,-0.59,1.48,3310059.0,20240607
HSI,18577.58,18476.8,18700.68,18383.8,18424.96,51.84,0.28,1.72,2797747.0,20240606
HSI,18489.78,18424.96,18724.62,18375.27,18444.11,-19.15,-0.1,1.89,3250805.0,20240605
HSI,18335.45,18444.11,18541.03,18335.45,18403.04,41.07,0.22,1.12,2971467.0,20240604
HSI,18283.56,18403.04,18573.81,18283.56,18079.61,323.43,1.79,1.61,3140936.0,20240603
HSI,18409.62,18079.61,18551.18,18077.39,18230.19,-150.58,-0.83,2.6,5337054.0,20240531
HSI,18423.78,18230.19,18537.92,18163.21,18477.01,-246.82,-1.34,2.03,3492797.0,20240530
HSI,18659.41,18477.01,18694.55,18425.09,18821.16,-344.15,-1.83,1.43,3215579.0,20240529
HSI,18814.01,18821.16,19000.52,18776.1,18827.35,-6.19,-0.03,1.19,2432705.0,20240528
HSI,18606.02,18827.35,18871.13,18504.53,18608.94,218.41,1.17,1.97,2906071.0,20240527
HSI,18742.28,18608.94,18867.91,18532.41,18868.71,-259.77,-1.38,1.78,3549018.0,20240524
HSI,19024.41,18868.71,19024.41,18776.21,19195.6,-326.89,-1.7,1.29,3166006.0,20240523
HSI,19225.26,19195.6,19359.68,19149.41,19220.62,-25.02,-0.13,1.09,2837605.0,20240522
HSI,19473.67,19220.62,19487.36,19175.8,19636.22,-415.6,-2.12,1.59,3517187.0,20240521
HSI,19621.43,19636.22,19706.12,19574.56,19553.61,82.61,0.42,0.67,3501238.0,20240520
HSI,19525.12,19553.61,19602.24,19342.96,19376.53,177.08,0.91,1.34,4376058.0,20240517
HSI,19262.79,19376.53,19442.9,19114.38,19073.71,302.82,1.59,1.72,5813458.0,20240516
HSI,19203.82,19073.71,19301.13,19072.64,19115.06,-41.35,-0.22,1.2,3455243.0,20240514
HSI,18904.58,19115.06,19123.48,18827.6,18963.68,151.38,0.8,1.56,3760626.0,20240513
HSI,18669.43,18963.68,18993.28,18657.51,18537.81,425.87,2.3,1.81,6506900.0,20240510
HSI,18306.25,18537.81,18560.76,18278.11,18313.86,223.95,1.22,1.54,2904975.0,20240509
HSI,18510.54,18313.86,18606.56,18298.36,18479.37,-165.51,-0.9,1.67,2911676.0,20240508
HSI,18577.55,18479.37,18638.81,18411.02,18578.3,-98.93,-0.53,1.23,2494400.0,20240507
HSI,18488.55,18578.3,18590.17,18389.54,18475.92,102.38,0.55,1.09,3438627.0,20240506
HSI,18543.3,18475.92,18604.17,18362.22,18207.13,268.79,1.48,1.33,2476086.0,20240503
HSI,17760.68,18207.13,18217.82,17740.62,17763.03,444.1,2.5,2.69,2424963.0,20240502
HSI,17843.44,17763.03,17902.02,17686.94,17746.91,16.12,0.09,1.21,3679962.0,20240430
HSI,17737.93,17746.91,18031.16,17679.19,17651.15,95.76,0.54,1.99,4850882.0,20240429
HSI,17336.2,17651.15,17758.24,17336.2,17284.54,366.61,2.12,2.44,3850969.0,20240426
HSI,17144.12,17284.54,17438.83,17109.57,17201.27,83.27,0.48,1.91,3147284.0,20240425
HSI,16993.17,17201.27,17217.86,16934.65,16828.93,372.34,2.21,1.68,3314753.0,20240424
HSI,16679.39,16828.93,16846.13,16599.21,16511.69,317.24,1.92,1.5,2993656.0,20240423
HSI,16410.83,16511.69,16637.82,16410.83,16224.14,287.55,1.77,1.4,2915063.0,20240422
HSI,16246.34,16224.14,16254.9,16044.45,16385.87,-161.73,-0.99,1.28,3393743.0,20240419
HSI,16253.24,16385.87,16507.6,16206.55,16251.84,134.03,0.82,1.85,3228015.0,20240418
HSI,16225.54,16251.84,16316.69,16155.83,16248.97,2.87,0.02,0.99,2450526.0,20240417
HSI,16367.69,16248.97,16449.24,16208.64,16600.46,-351.49,-2.12,1.45,3092912.0,20240416
HSI,16487.36,16600.46,16647.09,16465.4,16721.69,-121.23,-0.72,1.09,2561791.0,20240415
HSI,16978.7,16721.69,17031.31,16721.69,17095.03,-373.34,-2.18,1.81,2840321.0,20240412
HSI,16856.19,17095.03,17141.36,16856.19,17139.17,-44.14,-0.26,1.66,2480545.0,20240411
HSI,16926.02,17139.17,17190.5,16918.36,16828.07,311.1,1.85,1.62,2549075.0,20240410
HSI,16819.18,16828.07,17006.85,16805.99,16732.85,95.22,0.57,1.2,2120057.0,20240409
HSI,16650.83,16732.85,16895.06,16580.53,16723.92,8.93,0.05,1.88,2636773.0,20240408
HSI,16787.93,16723.92,16839.55,16480.36,16725.1,-1.18,-0.01,2.15,1804396.0,20240405
HSI,16926.85,16725.1,16926.85,16689.19,16931.52,-206.42,-1.22,1.4,2667363.0,20240403
HSI,16811.74,16931.52,17007.34,16811.74,16541.42,390.1,2.36,1.18,3983141.0,20240402
HSI,16378.4,16541.42,16725.61,16345.9,16392.84,148.58,0.91,2.32,3203421.0,20240328
HSI,16530.44,16392.84,16612.0,16354.81,16618.32,-225.48,-1.36,1.55,2769890.0,20240327
HSI,16548.5,16618.32,16728.9,16452.55,16473.64,144.68,0.88,1.68,2745766.0,20240326
HSI,16531.95,16473.64,16612.64,16441.3,16499.47,-25.83,-0.16,1.04,2624506.0,20240325
HSI,16745.27,16499.47,16747.2,16341.61,16863.1,-363.63,-2.16,2.41,3110411.0,20240322
HSI,16762.83,16863.1,16973.52,16762.83,16543.07,320.03,1.93,1.27,3220967.0,20240321
HSI,16559.01,16543.07,16654.08,16430.12,16529.48,13.59,0.08,1.35,2291673.0,20240320
HSI,16628.07,16529.48,16682.54,16492.09,16737.12,-207.64,-1.24,1.14,2433583.0,20240319
HSI,16690.26,16737.12,16801.64,16641.58,16720.89,16.23,0.1,0.96,2241777.0,20240318
HSI,16758.36,16720.89,16821.13,16550.42,16961.66,-240.77,-1.42,1.6,3776694.0,20240315
HSI,17120.54,16961.66,17209.82,16878.11,17082.11,-120.45,-0.71,1.94,2699096.0,20240314
HSI,17059.11,17082.11,17214.67,17050.87,17093.5,-11.39,-0.07,0.96,2801014.0,20240313
HSI,16701.95,17093.5,17154.87,16613.45,16587.57,505.93,3.05,3.26,4001753.0,20240312
HSI,16416.17,16587.57,16625.64,16416.17,16353.39,234.18,1.43,1.28,2494031.0,20240311
HSI,16275.39,16353.39,16489.73,16275.39,16229.78,123.61,0.76,1.32,2596313.0,20240308
HSI,16417.77,16229.78,16512.41,16136.12,16438.09,-208.31,-1.27,2.29,2535414.0,20240307
HSI,16167.45,16438.09,16545.05,16145.22,16162.64,275.45,1.7,2.47,2488701.0,20240306
HSI,16343.95,16162.64,16450.37,16095.68,16595.97,-433.33,-2.61,2.14,2697889.0,20240305
HSI,16629.55,16595.97,16645.96,16473.65,16589.44,6.53,0.04,1.04,2519018.0,20240304
HSI,16390.89,16589.44,16651.67,16321.12,16511.44,78.0,0.47,2.0,2880659.0,20240301
HSI,16429.57,16511.44,16695.36,16429.57,16536.85,-25.41,-0.15,1.61,3380825.0,20240229
HSI,16833.61,16536.85,16844.33,16517.84,16790.8,-253.95,-1.51,1.94,2587722.0,20240228
HSI,16645.63,16790.8,16828.67,16453.5,16634.74,156.06,0.94,2.26,2423910.0,20240227
HSI,16684.96,16634.74,16777.41,16590.71,16725.86,-91.12,-0.54,1.12,2253550.0,20240226
HSI,16654.68,16725.86,16895.82,16654.68,16742.95,-17.09,-0.1,1.44,2903144.0,20240223
HSI,16489.84,16742.95,16742.95,16424.79,16503.1,239.85,1.45,1.93,2739673.0,20240222
HSI,16182.93,16503.1,16756.01,16138.81,16247.51,255.59,1.57,3.8,3844263.0,20240221
HSI,16222.09,16247.51,16274.56,16055.08,16155.61,91.9,0.57,1.36,2205924.0,20240220
HSI,16334.47,16155.61,16334.47,16137.98,16339.96,-184.35,-1.13,1.2,2185821.0,20240219
HSI,16007.54,16339.96,16394.16,15937.28,15944.63,395.33,2.48,2.87,1742961.0,20240216
HSI,15824.21,15944.63,16029.02,15751.36,15879.38,65.25,0.41,1.75,1056900.0,20240215
HSI,15579.41,15879.38,15911.05,15456.32,15746.58,132.8,0.84,2.89,1403033.0,20240214
HSI,15709.3,15746.58,15754.01,15531.03,15878.07,-131.49,-0.83,1.4,745466.38,20240209
HSI,15988.62,15878.07,16093.52,15821.86,16081.89,-203.82,-1.27,1.69,1940615.0,20240208
HSI,16282.39,16081.89,16408.15,16035.43,16136.87,-54.98,-0.34,2.31,2809645.0,20240207
HSI,15541.23,16136.87,16154.05,15541.23,15510.01,626.86,4.04,3.95,3314171.0,20240206
HSI,15336.86,15510.01,15669.77,15336.86,15533.56,-23.55,-0.15,2.14,2313277.0,20240205
HSI,15756.12,15533.56,15912.61,15435.85,15566.21,-32.65,-0.21,3.06,2475955.0,20240202
HSI,15522.86,15566.21,15805.06,15434.82,15485.07,81.14,0.52,2.39,2454568.0,20240201
HSI,15652.05,15485.07,15744.04,15411.66,15703.45,-218.38,-1.39,2.12,2594938.0,20240131
HSI,15896.66,15703.45,15896.66,15654.97,16077.24,-373.79,-2.32,1.5,2565524.0,20240130
HSI,16046.25,16077.24,16258.45,16012.59,15952.23,125.01,0.78,1.54,2923199.0,20240129
HSI,16158.72,15952.23,16240.96,15888.04,16211.96,-259.73,-1.6,2.18,3314021.0,20240126
HSI,15989.94,16211.96,16254.93,15828.93,15899.87,312.09,1.96,2.68,4096405.0,20240125
HSI,15602.45,15899.87,15975.11,15412.1,15353.98,545.89,3.56,3.67,3597683.0,20240124
HSI,15038.33,15353.98,15516.8,14994.37,14961.18,392.8,2.63,3.49,2804010.0,20240123
HSI,15349.05,14961.18,15362.91,14794.16,15308.69,-347.51,-2.27,3.72,2812385.0,20240122
HSI,15404.69,15308.69,15540.75,15207.99,15391.79,-83.1,-0.54,2.16,2242257.0,20240119
HSI,15301.19,15391.79,15463.69,15183.96,15276.9,114.89,0.75,1.83,2815987.0,20240118
HSI,15764.38,15276.9,15764.38,15194.94,15865.92,-589.02,-3.71,3.59,3952310.0,20240117
HSI,16030.25,15865.92,16197.04,15834.41,16216.33,-350.41,-2.16,2.24,2139164.0,20240116
HSI,16258.28,16216.33,16334.71,16104.5,16244.58,-28.25,-0.17,1.42,1368415.0,20240115
HSI,16216.97,16244.58,16393.74,16185.91,16302.04,-57.46,-0.35,1.27,1534600.0,20240112
HSI,16154.17,16302.04,16459.92,16106.83,16097.28,204.76,1.27,2.19,1970866.0,20240111
HSI,16143.97,16097.28,16247.3,16036.42,16190.02,-92.74,-0.57,1.3,1788114.0,20240110
HSI,16256.1,16190.02,16414.79,16190.02,16224.45,-34.43,-0.21,1.39,1937380.0,20240109
HSI,16581.86,16224.45,16592.06,16144.56,16535.33,-310.88,-1.88,2.71,2227172.0,20240108
HSI,16573.12,16535.33,16745.73,16455.57,16645.98,-110.65,-0.66,1.74,1936600.0,20240105
HSI,16673.4,16645.98,16673.4,16516.33,16646.41,-0.43,0.0,0.94,1789349.0,20240104
HSI,16624.92,16646.41,16657.51,16564.8,16788.55,-142.14,-0.85,0.55,1577462.0,20240103
HSI,17135.12,16788.55,17135.12,16725.28,17047.39,-258.84,-1.52,2.4,1720670.0,20240102
HSI,17066.52,17047.39,17095.12,16950.9,17043.53,3.86,0.02,0.85,1570053.0,20231229
HSI,16678.23,17043.53,17086.1,16644.43,16624.84,418.69,2.52,2.66,2301329.0,20231228
HSI,16561.78,16624.84,16673.57,16439.26,16340.41,284.43,1.74,1.43,2228051.0,20231227
HSI,16743.06,16340.41,16857.84,16271.5,16621.13,-280.72,-1.69,3.53,2197554.0,20231222
HSI,16455.14,16621.13,16649.57,16444.73,16613.81,7.32,0.04,1.23,1404417.0,20231221
HSI,16647.95,16613.81,16741.05,16549.49,16505.0,108.81,0.66,1.16,1647321.0,20231220
HSI,16551.44,16505.0,16579.55,16408.02,16629.23,-124.23,-0.75,1.03,1521453.0,20231219
HSI,16669.82,16629.23,16713.41,16572.88,16792.19,-162.96,-0.97,0.84,1566620.0,20231218
HSI,16610.7,16792.19,16964.33,16610.7,16402.19,390.0,2.38,2.16,3900268.0,20231215
HSI,16419.74,16402.19,16577.75,16319.22,16228.75,173.44,1.07,1.59,2341652.0,20231214
HSI,16311.71,16228.75,16326.95,16145.25,16374.5,-145.75,-0.89,1.11,1863333.0,20231213
HSI,16236.06,16374.5,16420.97,16157.68,16201.49,173.01,1.07,1.63,1980792.0,20231212
HSI,16149.06,16201.49,16276.88,15972.31,16334.37,-132.88,-0.81,1.86,2532291.0,20231211
HSI,16373.44,16334.37,16464.14,16249.15,16345.89,-11.52,-0.07,1.32,1877236.0,20231208
HSI,16376.44,16345.89,16376.44,16157.98,16463.26,-117.37,-0.71,1.33,1947346.0,20231207
HSI,16311.96,16463.26,16600.36,16234.84,16327.86,135.4,0.83,2.24,1986769.0,20231206
HSI,16606.54,16327.86,16606.54,16228.52,16646.05,-318.19,-1.91,2.27,2682380.0,20231205
HSI,16919.08,16646.05,16941.91,16617.03,16830.3,-184.25,-1.09,1.93,2476132.0,20231204
HSI,17019.17,16830.3,17038.98,16830.3,17042.88,-212.58,-1.25,1.22,2434411.0,20231201
HSI,16985.18,17042.88,17068.26,16863.05,16993.44,49.44,0.29,1.21,3013993.0,20231130
HSI,17359.08,16993.44,17359.08,16881.98,17354.14,-360.7,-2.08,2.75,2810137.0,20231129
HSI,17541.48,17354.14,17541.48,17303.82,17525.06,-170.92,-0.98,1.36,1785765.0,20231128
HSI,17677.52,17525.06,17677.52,17358.24,17559.42,-34.36,-0.2,1.82,1502728.0,20231127
HSI,17771.75,17559.42,17771.75,17545.61,17910.84,-351.42,-1.96,1.26,1298212.0,20231124
HSI,17680.05,17910.84,17927.36,17577.31,17734.6,176.24,0.99,1.97,1671974.0,20231123
HSI,17736.4,17734.6,17796.86,17650.49,17733.89,0.71,0.0,0.83,1235838.0,20231122
HSI,17932.54,17733.89,18057.62,17689.01,17778.07,-44.18,-0.25,2.07,2090432.0,20231121
HSI,17625.84,17778.07,17788.9,17532.73,17454.19,323.88,1.86,1.47,1964566.0,20231120
HSI,17584.32,17454.19,17631.04,17413.46,17832.82,-378.63,-2.12,1.22,1945035.0,20231117
HSI,18174.69,17832.82,18174.69,17722.86,18079.0,-246.18,-1.36,2.5,1880199.0,20231116
HSI,17836.65,18079.0,18102.28,17766.22,17396.86,682.14,3.92,1.93,2908680.0,20231115
HSI,17495.1,17396.86,17565.22,17358.89,17426.21,-29.35,-0.17,1.18,1449318.0,20231114
HSI,17263.0,17426.21,17456.08,17126.61,17203.26,222.95,1.3,1.92,1440269.0,20231113
HSI,17350.87,17203.26,17350.87,17177.53,17511.29,-308.03,-1.76,0.99,1674485.0,20231110
HSI,17553.26,17511.29,17617.27,17457.0,17568.46,-57.17,-0.33,0.91,1643795.0,20231109
HSI,17650.51,17568.46,17753.59,17537.2,17670.16,-101.7,-0.58,1.22,2140778.0,20231108
HSI,17850.59,17670.16,17890.63,17658.91,17966.59,-296.43,-1.65,1.29,1971243.0,20231107
HSI,17913.54,17966.59,18037.94,17899.35,17664.12,302.47,1.71,0.78,2764092.0,20231106
HSI,17405.91,17664.12,17729.43,17352.6,17230.59,433.53,2.52,2.19,1998722.0,20231103
HSI,17282.39,17230.59,17459.43,17176.01,17101.78,128.81,0.75,1.66,1802715.0,20231102
HSI,17139.4,17101.78,17188.85,16979.26,17112.48,-10.7,-0.06,1.22,1529284.0,20231101
HSI,17337.7,17112.48,17337.7,17042.1,17406.36,-293.88,-1.69,1.7,2112804.0,20231031
HSI,17225.65,17406.36,17406.36,17225.65,17398.73,7.63,0.04,1.04,2665231.0,20231030
HSI,17160.23,17398.73,17497.72,17078.24,17044.61,354.12,2.08,2.46,2452090.0,20231027
HSI,17085.12,17044.61,17174.08,16917.22,17085.33,-40.72,-0.24,1.5,1967216.0,20231026
HSI,17465.43,17085.33,17465.82,17001.43,16991.53,93.8,0.55,2.73,2499934.0,20231025
HSI,17053.15,16991.53,17139.53,16879.66,17172.13,-180.6,-1.05,1.51,2116174.0,20231024
HSI,17127.26,17172.13,17309.74,17118.07,17295.89,-123.76,-0.72,1.11,1989911.0,20231020
HSI,17540.46,17295.89,17540.46,17292.36,17732.52,-436.63,-2.46,1.4,2272466.0,20231019
HSI,17728.25,17732.52,17831.18,17625.89,17773.34,-40.82,-0.23,1.16,1937541.0,20231018
HSI,17806.23,17773.34,17815.71,17671.99,17640.36,132.98,0.75,0.81,1730955.0,20231017
HSI,17803.31,17640.36,17858.18,17601.5,17813.45,-173.09,-0.97,1.44,1904582.0,20231016
HSI,17946.77,17813.45,18013.67,17776.95,18238.21,-424.76,-2.33,1.3,2139651.0,20231013
HSI,18258.26,18238.21,18290.91,18175.35,17893.1,345.11,1.93,0.65,3861575.0,20231012
HSI,17956.83,17893.1,18022.45,17889.71,17664.73,228.37,1.29,0.75,2029134.0,20231011
HSI,17726.63,17664.73,17916.62,17638.01,17517.4,147.33,0.84,1.59,1596847.0,20231010
HSI,17500.37,17517.4,17633.19,17447.76,17485.98,31.42,0.18,1.06,1221298.0,20231009
HSI,17370.03,17485.98,17603.8,17370.03,17213.87,272.11,1.58,1.36,1141210.0,20231006
HSI,17249.97,17213.87,17336.43,17197.61,17195.84,18.03,0.1,0.81,1088260.0,20231005
HSI,17266.82,17195.84,17266.82,17094.0,17331.22,-135.38,-0.78,1.0,1294655.0,20231004
HSI,17546.39,17331.22,17546.39,17212.87,17809.66,-478.44,-2.69,1.87,2102884.0,20231003
HSI,17484.95,17809.66,17935.15,17482.39,,,,,1839910.0,20230929
HSI,17472.11,17611.87,17655.31,17472.11,17466.9,144.97,0.83,1.05,1571624.0,20230927
HSI,17661.85,17466.9,17718.18,17379.44,17729.29,-262.39,-1.48,1.91,1909387.0,20230926
HSI,18046.89,17729.29,18046.89,17722.49,18057.45,-328.16,-1.82,1.8,1552391.0,20230925
