indiv_margin_trade_date,indiv_margin_ts_code,indiv_margin_rzye,indiv_margin_rqye,indiv_margin_rzmre,indiv_margin_rqyl,indiv_margin_rzche,indiv_margin_rqchl,indiv_margin_rqmcl,indiv_margin_rzrqye
20251023,002594.SZ,14402639799.0,68736101.0,403011064.0,662900.0,469711527.0,52500.0,18000.0,14471375900.0
20251022,002594.SZ,14469340262.0,72376172.0,304206931.0,697400.0,493790359.0,45400.0,35200.0,14541716434.0
20251021,002594.SZ,14658923690.0,74128176.0,382262222.0,707600.0,518967292.0,18000.0,33600.0,14733051866.0
20251020,002594.SZ,14795628760.0,72327840.0,400481262.0,692000.0,346984936.0,34200.0,24000.0,14867956600.0
20251017,002594.SZ,14742132434.0,73330746.0,528050666.0,702200.0,572169288.0,39000.0,47800.0,14815463180.0
20251016,002594.SZ,14786251056.0,74166064.0,731579265.0,693400.0,720196264.0,16800.0,33100.0,14860417120.0
20251015,002594.SZ,14774868055.0,72517410.0,534827677.0,677100.0,663063515.0,25800.0,39300.0,14847385465.0
20251014,002594.SZ,14903103893.0,70334964.0,707329075.0,663600.0,792173580.0,25800.0,62100.0,14973438857.0
20251013,002594.SZ,14987948398.0,66299337.0,834450724.0,627300.0,692532543.0,47600.0,78400.0,15054247735.0
20251010,002594.SZ,14846030217.0,64296735.0,707524899.0,596500.0,735933808.0,32700.0,29800.0,14910326952.0
20251009,002594.SZ,14874439126.0,66293640.0,1717976815.0,599400.0,1310421260.0,16700.0,73100.0,14940732766.0
20250930,002594.SZ,14466883571.0,59301030.0,557070012.0,543000.0,889868042.0,29500.0,33100.0,14526184601.0
20250929,002594.SZ,14799681601.0,58584234.0,779284138.0,539400.0,1157384456.0,58000.0,12100.0,14858265835.0
20250926,002594.SZ,15177781919.0,62796837.0,1025690502.0,585300.0,1130297443.0,17800.0,41100.0,15240578756.0
20250925,002594.SZ,15282388860.0,60415000.0,1040199657.0,562000.0,905479470.0,37600.0,47100.0,15342803860.0
20250924,002594.SZ,15147668673.0,58404775.0,709097384.0,552500.0,596965190.0,47300.0,26900.0,15206073448.0
20250923,002594.SZ,15035536479.0,60498240.0,712651383.0,572900.0,915988307.0,32200.0,69000.0,15096034719.0
20250922,002594.SZ,15238873403.0,57893439.0,543321981.0,536100.0,665136475.0,14500.0,51400.0,15296766842.0
20250919,002594.SZ,15360687897.0,54457728.0,627721788.0,499200.0,725088959.0,30100.0,36500.0,15415145625.0
20250918,002594.SZ,15458055068.0,54065088.0,1234802111.0,492800.0,1325690252.0,39300.0,31800.0,15512120156.0
20250917,002594.SZ,15548943209.0,55528297.0,1092039868.0,500300.0,1349620970.0,15800.0,61600.0,15604471506.0
20250916,002594.SZ,15806524311.0,48995100.0,737334391.0,454500.0,838481707.0,62200.0,45500.0,15855519411.0
20250915,002594.SZ,15907671627.0,51219440.0,1311295118.0,471200.0,915238222.0,42500.0,146900.0,15958891067.0
20250912,002594.SZ,15511614731.0,38847788.0,435276710.0,366800.0,501178074.0,17100.0,28400.0,15550462519.0
20250911,002594.SZ,15577516095.0,37892745.0,607553249.0,355500.0,974987068.0,26400.0,33800.0,15615408840.0
20250910,002594.SZ,15944949914.0,36620120.0,323830679.0,348100.0,405524715.0,31400.0,22000.0,15981570034.0
20250909,002594.SZ,16026643950.0,37712675.0,385975373.0,357500.0,394970629.0,32200.0,16700.0,16064356625.0
20250908,002594.SZ,16035639206.0,39631250.0,722476663.0,373000.0,671609641.0,22600.0,19100.0,16075270456.0
20250905,002594.SZ,15984772184.0,40383390.0,732045393.0,376500.0,1189035359.0,38900.0,47700.0,16025155574.0
20250904,002594.SZ,16441762150.0,38240800.0,808123165.0,367700.0,986138613.0,35000.0,31000.0,16480002950.0
20250903,002594.SZ,16619777598.0,39849957.0,1139117332.0,371700.0,938972007.0,28900.0,38100.0,16659627555.0
20250902,002594.SZ,16419632273.0,39882250.0,1152651725.0,362500.0,1551751370.0,11500.0,36400.0,16459514523.0
20250901,002594.SZ,16818731918.0,37034720.0,2905215750.0,337600.0,1504627899.0,105400.0,35100.0,16855766638.0
20250829,002594.SZ,15418144067.0,46525074.0,1753094077.0,407900.0,1873209991.0,19900.0,148000.0,15464669141.0
20250828,002594.SZ,15538259981.0,30587736.0,1041341103.0,279800.0,812698576.0,67800.0,20600.0,15568847717.0
20250827,002594.SZ,15309617454.0,36192360.0,1122805408.0,327000.0,1079527401.0,22500.0,50900.0,15345809814.0
20250826,002594.SZ,15266339447.0,33965750.0,1071358306.0,298600.0,692641475.0,18500.0,28100.0,15300305197.0
20250825,002594.SZ,14887622616.0,32255290.0,763604952.0,289000.0,779872458.0,47900.0,40900.0,14919877906.0
20250822,002594.SZ,14903890122.0,32755360.0,872572780.0,296000.0,914298364.0,36900.0,47000.0,14936645482.0
20250821,002594.SZ,14945615706.0,30619890.0,562121950.0,285900.0,483557409.0,64900.0,44500.0,14976235596.0
20250820,002594.SZ,14867051165.0,33156975.0,548358087.0,306300.0,428613830.0,49104.0,29500.0,14900208140.0
20250819,002594.SZ,14747306908.0,35077048.0,481152593.0,325904.0,479021889.0,80100.0,28500.0,14782383956.0
20250818,002594.SZ,14745176204.0,40910108.0,716413903.0,377504.0,703107920.0,86300.0,55300.0,14786086312.0
20250815,002594.SZ,14731870221.0,43330019.0,501436665.0,408504.0,467795351.0,40100.0,12600.0,14775200240.0
20250814,002594.SZ,14698228907.0,46377745.0,498005473.0,436004.0,502653011.0,25600.0,17300.0,14744606652.0
20250813,002594.SZ,14702876445.0,47464996.0,638699701.0,444304.0,497909289.0,37900.0,22900.0,14750341441.0
20250812,002594.SZ,14562086033.0,48534654.0,479927939.0,459304.0,472419203.0,18900.0,26700.0,14610620687.0
20250811,002594.SZ,14554577297.0,47642702.0,395229410.0,451504.0,386622655.0,33200.0,50500.0,14602219999.0
20250808,002594.SZ,14545970542.0,45126822.0,334975110.0,434204.0,437033208.0,13700.0,32700.0,14591097364.0
20250807,002594.SZ,14648028640.0,43733437.0,472377143.0,415204.0,467131791.0,68700.0,23400.0,14691762077.0
20250806,002594.SZ,14642783288.0,48053592.0,266152281.0,460504.0,324175033.0,8500.0,13000.0,14690836880.0
20250805,002594.SZ,14700806040.0,47816579.0,351867703.0,456004.0,277103414.0,16300.0,7600.0,14748622619.0
20250804,002594.SZ,14626041751.0,48738156.0,474964699.0,464704.0,346230866.0,55900.0,14800.0,14674779907.0
20250801,002594.SZ,14497307918.0,53514063.0,541397217.0,505804.0,461355289.0,20200.0,18200.0,14550821981.0
20250731,002594.SZ,14417265990.0,53441293.0,652380832.0,507804.0,517623129.0,32500.0,36600.0,14470707283.0
20250730,002594.SZ,14282508287.0,54752625.0,540935673.0,503704.0,525601215.0,30100.0,24600.0,14337260912.0
20250729,002594.SZ,14267173829.0,56735510.0,347731487.0,509204.0,524815976.0,-304036.0,26000.0,14323909339.0
20250728,002594.SZ,14444258318.0,60379616.0,518683881.0,179168.0,512192258.0,9000.0,11200.0,14504637934.0
20250725,002594.SZ,14437766695.0,59802796.0,695350242.0,176968.0,660234840.0,10500.0,64100.0,14497569491.0
20250724,002594.SZ,14402651293.0,42280681.0,597344677.0,123368.0,1029027644.0,5500.0,7700.0,14444931974.0
20250723,002594.SZ,14834334260.0,40963266.0,626857913.0,121168.0,652794033.0,6200.0,5200.0,14875297526.0
20250722,002594.SZ,14860270380.0,41743584.0,925676540.0,122168.0,790966021.0,3900.0,7600.0,14902013964.0
20250721,002594.SZ,14725559861.0,39582528.0,824967562.0,118468.0,490976301.0,12400.0,6300.0,14765142389.0
20250718,002594.SZ,14391568600.0,40996574.0,698323763.0,124568.0,756491862.0,8300.0,5500.0,14432565174.0
20250717,002594.SZ,14449736699.0,41779251.0,800204438.0,127368.0,604438641.0,1800.0,8200.0,14491515950.0
20250716,002594.SZ,14253970902.0,39159761.0,352319204.0,120968.0,470762991.0,4200.0,5200.0,14293130663.0
20250715,002594.SZ,14372414689.0,38755662.0,494458807.0,119968.0,555448329.0,8300.0,12600.0,14411170351.0
20250714,002594.SZ,14433404211.0,36839101.0,716136846.0,115668.0,678605203.0,11900.0,14400.0,14470243312.0
20250711,002594.SZ,14395872568.0,36656247.0,644739142.0,113168.0,558700839.0,10600.0,9700.0,14432528815.0
20250710,002594.SZ,14309834265.0,36642064.0,808863968.0,114068.0,674797165.0,12000.0,3400.0,14346476329.0
20250709,002594.SZ,14175767462.0,39965234.0,522284318.0,122668.0,433060040.0,6700.0,9000.0,14215732696.0
20250708,002594.SZ,14086543184.0,39345892.0,595474111.0,120368.0,310579046.0,9800.0,6800.0,14125889076.0
20250707,002594.SZ,13801648119.0,40537491.0,424398477.0,123368.0,252910272.0,1600.0,12100.0,13842185610.0
20250704,002594.SZ,13630159914.0,37359308.0,325781122.0,112868.0,351813163.0,8000.0,7000.0,13667519222.0
20250703,002594.SZ,13656191955.0,38095678.0,767350921.0,113868.0,573174157.0,12000.0,5000.0,13694287633.0
20250702,002594.SZ,13462015191.0,39966213.0,249127939.0,120868.0,383995985.0,7371.0,9900.0,13501981404.0
20250701,002594.SZ,13596883237.0,39210444.0,296444600.0,118339.0,302690106.0,4100.0,6300.0,13636093681.0
20250630,002594.SZ,13603128743.0,38547696.0,520116624.0,116139.0,512422517.0,5700.0,4400.0,13641676439.0
20250627,002594.SZ,13595434636.0,39252811.0,427814690.0,117439.0,431799731.0,9700.0,6200.0,13634687447.0
20250626,002594.SZ,13599419677.0,40809656.0,793564666.0,120939.0,548418194.0,6900.0,16971.0,13640229333.0
20250625,002594.SZ,13354273205.0,38722866.0,406634797.0,110868.0,547201509.0,7900.0,5700.0,13392996071.0
20250624,002594.SZ,13494839917.0,38825290.0,562164856.0,113068.0,464867621.0,11400.0,7500.0,13533665207.0
20250623,002594.SZ,13397542682.0,39558578.0,369292115.0,116968.0,264680947.0,5400.0,11600.0,13437101260.0
20250620,002594.SZ,13292931514.0,37688812.0,212001235.0,110768.0,299678250.0,5300.0,8600.0,13330620326.0
20250619,002594.SZ,13380608529.0,36592854.0,318186268.0,107468.0,353066076.0,5800.0,4700.0,13417201383.0
20250618,002594.SZ,13415488337.0,37667668.0,353163431.0,108568.0,307531760.0,8400.0,4600.0,13453156005.0
20250617,002594.SZ,13369856666.0,38625376.0,296389351.0,112368.0,230665735.0,11400.0,5200.0,13408482042.0
20250616,002594.SZ,13304133050.0,40838376.0,391605397.0,118568.0,317838522.0,15400.0,6100.0,13344971426.0
20250613,002594.SZ,13230366175.0,44242328.0,602059543.0,127868.0,691547000.0,9500.0,9168.0,13274608503.0
20250612,002594.SZ,13319853632.0,45285368.0,494705848.0,128200.0,417067770.0,4500.0,4200.0,13365139000.0
20250611,002594.SZ,13242215554.0,46515715.0,837617655.0,128500.0,627704867.0,4100.0,6400.0,13288731269.0
20250610,002594.SZ,13032302766.0,44565006.0,736148537.0,126200.0,772897363.0,6700.0,12800.0,13076867772.0
20250609,002594.SZ,13069051592.0,41811614.0,1043523587.0,120100.0,1126164883.0,11200.0,15700.0,13110863206.0
20250606,002594.SZ,13151692888.0,41611376.0,285819145.0,115600.0,347852677.0,10400.0,5700.0,13193304264.0
20250605,002594.SZ,13213726420.0,43398225.0,419176488.0,120300.0,330332751.0,3800.0,9900.0,13257124645.0
20250604,002594.SZ,13124882683.0,41171384.0,504600729.0,114200.0,490165394.0,5300.0,8800.0,13166054067.0
20250603,002594.SZ,13110447348.0,39409200.0,735807710.0,110700.0,460071931.0,6400.0,4800.0,13149856548.0
20250530,002594.SZ,12834711569.0,39563290.0,685087693.0,112300.0,583225018.0,8700.0,2700.0,12874274859.0
20250529,002594.SZ,12732848894.0,42721679.0,726331258.0,118300.0,633988099.0,3000.0,7900.0,12775570573.0
20250528,002594.SZ,12640505735.0,41150592.0,981396912.0,113400.0,668582707.0,6900.0,7400.0,12681656327.0
20250527,002594.SZ,12327691530.0,42045089.0,1364736496.0,112900.0,957165794.0,18300.0,2900.0,12369736619.0
20250526,002594.SZ,11920120828.0,48882300.0,1713882750.0,128300.0,1009249691.0,14300.0,5200.0,11969003128.0
20250523,002594.SZ,11215487769.0,55647000.0,1546411765.0,137400.0,1105753048.0,3200.0,3900.0,11271134769.0
20250522,002594.SZ,10774829052.0,54515960.0,735552391.0,136700.0,734111007.0,1700.0,2800.0,10829345012.0
20250521,002594.SZ,10773387668.0,54240000.0,1239640215.0,135600.0,1175081025.0,1000.0,4400.0,10827627668.0
20250520,002594.SZ,10708828478.0,52192560.0,1027769593.0,132200.0,878722633.0,4000.0,8200.0,10761021038.0
20250519,002594.SZ,10559781518.0,48999680.0,678108131.0,128000.0,503347008.0,7600.0,3900.0,10608781198.0
20250516,002594.SZ,10385020395.0,51253689.0,918948893.0,131700.0,820413923.0,3000.0,9300.0,10436274084.0
20250515,002594.SZ,10286485425.0,47250720.0,785608824.0,125400.0,1115152224.0,2500.0,6300.0,10333736145.0
20250514,002594.SZ,10616028825.0,45368960.0,559045586.0,121600.0,587722033.0,2900.0,7000.0,10661397785.0
20250513,002594.SZ,10644705272.0,43063750.0,536302246.0,117500.0,575554727.0,3800.0,4600.0,10687769022.0
20250512,002594.SZ,10683957753.0,43211676.0,676293337.0,116700.0,696418866.0,9600.0,13700.0,10727169429.0
20250509,002594.SZ,10704083282.0,40898572.0,436807711.0,112600.0,582458448.0,1600.0,12200.0,10744981854.0
20250508,002594.SZ,10849734019.0,36646560.0,267378965.0,102000.0,321572278.0,12700.0,4500.0,10886380579.0
20250507,002594.SZ,10903927332.0,39583840.0,396358711.0,110200.0,337492966.0,3400.0,9300.0,10943511172.0
20250506,002594.SZ,10845061587.0,37543828.0,417853625.0,104300.0,472603492.0,8000.0,5800.0,10882605415.0
20250430,002594.SZ,10899811454.0,37604085.0,407598933.0,106500.0,427048304.0,7000.0,2600.0,10937415539.0
20250429,002594.SZ,10919260825.0,39369500.0,417781665.0,110900.0,392174397.0,16500.0,1500.0,10958630325.0
20250428,002594.SZ,10893653557.0,45324000.0,753249865.0,125900.0,427600600.0,7900.0,3600.0,10938977557.0
20250425,002594.SZ,10568004292.0,48282066.0,631781019.0,130200.0,438237398.0,8900.0,5100.0,10616286358.0
20250424,002594.SZ,10374460671.0,49044000.0,543138586.0,134000.0,815543236.0,4100.0,7200.0,10423504671.0
20250423,002594.SZ,10646865321.0,48693491.0,1094083408.0,130900.0,791752862.0,4000.0,22300.0,10695558812.0
20250422,002594.SZ,10344534775.0,39954984.0,303997783.0,112600.0,289149397.0,700.0,3400.0,10384489759.0
20250421,002594.SZ,10329686389.0,38328724.0,251224199.0,109900.0,223625814.0,3600.0,6300.0,10368015113.0
20250418,002594.SZ,10302088004.0,37091200.0,261537114.0,107200.0,259561737.0,7700.0,6200.0,10339179204.0
20250417,002594.SZ,10300112627.0,38010216.0,317970370.0,108700.0,260576300.0,14000.0,9200.0,10338122843.0
20250416,002594.SZ,10242718557.0,39969025.0,559751295.0,113500.0,451958873.0,11400.0,6500.0,10282687582.0
20250415,002594.SZ,10134926135.0,42620448.0,427416775.0,118400.0,373812697.0,1800.0,4300.0,10177546583.0
20250414,002594.SZ,10081322057.0,41608100.0,609211481.0,115900.0,350168962.0,14200.0,10900.0,10122930157.0
20250411,002594.SZ,9822279538.0,42313616.0,583752770.0,119200.0,711169581.0,5800.0,20400.0,9864593154.0
20250410,002594.SZ,9949696349.0,35187440.0,647706695.0,104600.0,783866777.0,7000.0,14900.0,9984883789.0
20250409,002594.SZ,10085856431.0,31388820.0,517991951.0,96700.0,562147932.0,19400.0,4200.0,10117245251.0
20250408,002594.SZ,10130012412.0,36648369.0,646681107.0,111900.0,660449505.0,7500.0,22600.0,10166660781.0
20250407,002594.SZ,10143780810.0,31146368.0,938844543.0,96800.0,1134568353.0,26709.0,6600.0,10174927178.0
20250403,002594.SZ,10339504620.0,41796137.0,636210674.0,116909.0,346184166.0,5700.0,5300.0,10381300757.0
20250402,002594.SZ,10049478112.0,42289895.0,606146280.0,117309.0,289229004.0,6600.0,3200.0,10091768007.0
20250401,002594.SZ,9732560836.0,44119140.0,586371976.0,120709.0,394910352.0,16000.0,1500.0,9776679976.0
20250331,002594.SZ,9541099212.0,50689854.0,392807566.0,135209.0,441491807.0,4500.0,4400.0,9591789066.0
20250328,002594.SZ,9589783453.0,51755693.0,400905359.0,135309.0,611284951.0,3900.0,600.0,9641539146.0
20250327,002594.SZ,9800163045.0,53572379.0,495643771.0,138609.0,708562372.0,700.0,7900.0,9853735424.0
20250326,002594.SZ,10013081646.0,49411098.0,310087488.0,131409.0,385009947.0,4900.0,4500.0,10062492744.0
20250325,002594.SZ,10088004105.0,48715288.0,474803774.0,131809.0,470656359.0,4400.0,5800.0,10136719393.0
20250324,002594.SZ,10083856690.0,48950322.0,495147120.0,130409.0,368378574.0,3100.0,5700.0,10132807012.0
20250321,002594.SZ,9957088144.0,47544948.0,1478637869.0,127809.0,972433117.0,16500.0,5000.0,10004633092.0
20250320,002594.SZ,9450883392.0,55722207.0,583075642.0,139309.0,618073030.0,4300.0,11000.0,9506605599.0
20250319,002594.SZ,9485880780.0,52655056.0,732037447.0,132609.0,772455598.0,3800.0,10800.0,9538535836.0
20250318,002594.SZ,9526298931.0,48305453.0,769260894.0,125609.0,829796478.0,3000.0,4100.0,9574604384.0
20250317,002594.SZ,9586834515.0,47344547.0,463256592.0,124509.0,423661874.0,1400.0,9200.0,9634179062.0
20250314,002594.SZ,9547239797.0,43875581.0,842075476.0,116709.0,628355783.0,6900.0,11500.0,9591115378.0
20250313,002594.SZ,9333520104.0,39742641.0,261389396.0,112109.0,286306519.0,2700.0,4200.0,9373262745.0
20250312,002594.SZ,9358437227.0,38823759.0,393547234.0,110609.0,313454126.0,3800.0,7600.0,9397260986.0
20250311,002594.SZ,9278344119.0,37423737.0,372787476.0,106809.0,277554498.0,8400.0,4200.0,9315767856.0
20250310,002594.SZ,9183111141.0,38964159.0,283838026.0,111009.0,307443071.0,3000.0,8200.0,9222075300.0
20250307,002594.SZ,9206716186.0,37710328.0,235880239.0,105809.0,306207233.0,2700.0,2700.0,9244426514.0
20250306,002594.SZ,9277043180.0,37978024.0,487918391.0,105809.0,398190754.0,9000.0,3500.0,9315021204.0
20250305,002594.SZ,9187315543.0,39398934.0,502249442.0,111309.0,348965973.0,3900.0,12000.0,9226714477.0
20250304,002594.SZ,9034032074.0,35590592.0,837536582.0,103209.0,916099651.0,13400.0,3100.0,9069622666.0
20250303,002594.SZ,9112595143.0,40887077.0,443414722.0,113509.0,417174371.0,3600.0,6900.0,9153482220.0
20250228,002594.SZ,9086354792.0,39875820.0,557434629.0,110209.0,827594032.0,15400.0,4300.0,9126230612.0
20250227,002594.SZ,9356514195.0,45551530.0,986745873.0,121309.0,584500053.0,11200.0,8100.0,9402065725.0
20250226,002594.SZ,8954268375.0,46292589.0,476056015.0,124409.0,525978886.0,10400.0,8700.0,9000560964.0
20250225,002594.SZ,9004191246.0,46974341.0,748789729.0,126109.0,792534121.0,4300.0,4600.0,9051165587.0
20250224,002594.SZ,9047935638.0,47339411.0,1026730309.0,125809.0,1386036475.0,1700.0,6500.0,9095275049.0
20250221,002594.SZ,9407241804.0,46346447.0,910241240.0,121009.0,950708145.0,12900.0,5800.0,9453588251.0
20250220,002594.SZ,9447708709.0,46475383.0,689011099.0,128109.0,633586950.0,3300.0,2400.0,9494184092.0
20250219,002594.SZ,9392284560.0,46249727.0,471583113.0,129009.0,748945066.0,1400.0,6600.0,9438534287.0
20250218,002594.SZ,9669646513.0,44103242.0,1477323031.0,123809.0,822376734.0,5600.0,16409.0,9713749755.0
20250217,002594.SZ,9014700216.0,39380500.0,1012146065.0,113000.0,1386839129.0,4100.0,6100.0,9054080716.0
20250214,002594.SZ,9389393280.0,39521550.0,1194088631.0,111000.0,1048075952.0,5100.0,6700.0,9428914830.0
20250213,002594.SZ,9243380601.0,37338220.0,1381515171.0,109400.0,845185880.0,1800.0,8500.0,9280718821.0
20250212,002594.SZ,8707051310.0,35436635.0,1066022487.0,102700.0,1048928811.0,17400.0,6100.0,8742487945.0
20250211,002594.SZ,8689957634.0,37608600.0,1139483631.0,114000.0,988707134.0,2100.0,11300.0,8727566234.0
20250210,002594.SZ,8539181137.0,34597624.0,972742830.0,104800.0,778659215.0,1500.0,11600.0,8573778761.0
20250207,002594.SZ,8345097522.0,30957430.0,1467039882.0,94700.0,2000910086.0,14500.0,9400.0,8376054952.0
20250206,002594.SZ,8878967726.0,31045784.0,1737735701.0,99800.0,1100926639.0,9300.0,20900.0,8910013510.0
20250205,002594.SZ,8242158664.0,24942960.0,207063499.0,88200.0,385609140.0,6800.0,14600.0,8267101624.0
20250127,002594.SZ,8420704305.0,22069800.0,174797437.0,80400.0,145225634.0,8100.0,7700.0,8442774105.0
20250124,002594.SZ,8391132502.0,22549664.0,172169046.0,80800.0,270716033.0,6700.0,5100.0,8413682166.0
20250123,002594.SZ,8489679489.0,22833864.0,323573101.0,82400.0,196942230.0,13300.0,6300.0,8512513353.0
20250122,002594.SZ,8363048618.0,25255500.0,162283869.0,89400.0,176202306.0,9000.0,6300.0,8388304118.0
20250121,002594.SZ,8376967055.0,26345205.0,131417169.0,92100.0,190178792.0,3200.0,6000.0,8403312260.0
20250120,002594.SZ,8435728678.0,25399599.0,172663178.0,89300.0,358586546.0,7700.0,7800.0,8461128277.0
20250117,002594.SZ,8621652046.0,24672720.0,157962247.0,89200.0,219535200.0,5500.0,15900.0,8646324766.0
20250116,002594.SZ,8683224999.0,21493488.0,215077250.0,78800.0,106406156.0,8600.0,6100.0,8704718487.0
20250115,002594.SZ,8574553905.0,22332297.0,137300870.0,81300.0,104862371.0,4100.0,8600.0,8596886202.0
20250114,002594.SZ,8542115406.0,21219840.0,167783809.0,76800.0,291852462.0,7800.0,11600.0,8563335246.0
20250113,002594.SZ,8666184059.0,19418000.0,112022787.0,73000.0,119601821.0,9200.0,6200.0,8685602059.0
20250110,002594.SZ,8673763093.0,20217520.0,150130626.0,76000.0,154348522.0,14000.0,10100.0,8693980613.0
20250109,002594.SZ,8677980989.0,21524261.0,147521351.0,79900.0,172013090.0,4900.0,5300.0,8699505250.0
20250108,002594.SZ,8702472728.0,21399810.0,260011043.0,79500.0,223647164.0,11600.0,11700.0,8723872538.0
20250107,002594.SZ,8666108849.0,21757982.0,188630785.0,79400.0,225774423.0,4100.0,9800.0,8687866831.0
20250106,002594.SZ,8703252487.0,19993336.0,168709495.0,73700.0,207296271.0,7200.0,11600.0,8723245823.0
20250103,002594.SZ,8741839263.0,18761589.0,211804463.0,69300.0,267217221.0,4900.0,9100.0,8760600852.0
20250102,002594.SZ,8797252021.0,17648610.0,384696058.0,65100.0,249025508.0,22400.0,3800.0,8814900631.0
20241231,002594.SZ,8661581471.0,23658642.0,190145963.0,83700.0,173961323.0,2700.0,2300.0,8685240113.0
20241230,002594.SZ,8645396831.0,23967659.0,250446561.0,84100.0,183742021.0,6300.0,4500.0,8669364490.0
20241227,002594.SZ,8578692291.0,24591452.0,214645822.0,85900.0,307863359.0,4300.0,5100.0,8603283743.0
20241226,002594.SZ,8671909828.0,24241586.0,188430979.0,85100.0,212461407.0,3600.0,3300.0,8696151414.0
20241225,002594.SZ,8695940256.0,24417568.0,244258766.0,85400.0,282079873.0,2000.0,3800.0,8720357824.0
20241224,002594.SZ,8733761363.0,24111912.0,260485515.0,83600.0,404305218.0,5400.0,3600.0,8757873275.0
20241223,002594.SZ,8877581066.0,23971780.0,187805614.0,85400.0,228832526.0,2000.0,5700.0,8901552846.0
20241220,002594.SZ,8918607978.0,22892340.0,303249870.0,81700.0,201988524.0,4600.0,4000.0,8941500318.0
20241219,002594.SZ,8817346632.0,23488420.0,159061818.0,82300.0,203734257.0,6900.0,5200.0,8840835052.0
20241218,002594.SZ,8862019071.0,23910600.0,189341344.0,84000.0,238615800.0,2400.0,3400.0,8885929671.0
20241217,002594.SZ,8911293527.0,23472400.0,364034438.0,83000.0,433983859.0,8900.0,15700.0,8934765927.0
20241216,002594.SZ,8981242948.0,20951190.0,135297506.0,76200.0,179029470.0,3200.0,6300.0,9002194138.0
20241213,002594.SZ,9024974912.0,20212881.0,222083831.0,73100.0,232372425.0,4700.0,9200.0,9045187793.0
20241212,002594.SZ,9035263506.0,19460448.0,257439996.0,68600.0,209660274.0,8900.0,4500.0,9054723954.0
20241211,002594.SZ,8987483784.0,20496210.0,183054795.0,73000.0,184684307.0,4200.0,7500.0,9007979994.0
20241210,002594.SZ,8989113296.0,19693735.0,457708024.0,69700.0,389744340.0,5800.0,4800.0,9008807031.0
20241209,002594.SZ,8921149612.0,19830643.0,184268084.0,70700.0,209787833.0,4800.0,4900.0,8940980255.0
20241206,002594.SZ,8946669361.0,19787768.0,406941311.0,70600.0,303854778.0,6800.0,7600.0,8966457129.0
20241205,002594.SZ,8843582828.0,19213148.0,198434726.0,69800.0,265999111.0,9100.0,6400.0,8862795976.0
20241204,002594.SZ,8911147213.0,20298550.0,176815465.0,72500.0,173400034.0,4500.0,6500.0,8931445763.0
20241203,002594.SZ,8907731782.0,19926825.0,202548889.0,70500.0,236988926.0,4100.0,10000.0,8927658607.0
20241202,002594.SZ,8942171819.0,18243040.0,373515620.0,64600.0,353579496.0,11900.0,8600.0,8960414859.0
20241129,002594.SZ,8922235695.0,18660957.0,297924044.0,67900.0,336931872.0,14400.0,10200.0,8940896652.0
20241128,002594.SZ,8961243523.0,19797218.0,512662353.0,72100.0,397329274.0,2700.0,19300.0,8981040741.0
20241127,002594.SZ,8845910444.0,15595500.0,281204942.0,55500.0,290616703.0,14300.0,3300.0,8861505944.0
20241126,002594.SZ,8855322205.0,18687165.0,162724979.0,66500.0,198215767.0,6800.0,6800.0,8874009370.0
20241125,002594.SZ,8890812993.0,18819500.0,399948294.0,66500.0,414354119.0,6200.0,14400.0,8909632493.0
20241122,002594.SZ,8905218818.0,16235967.0,392829670.0,58300.0,434067623.0,8800.0,7900.0,8921454785.0
20241121,002594.SZ,8946456771.0,16931200.0,241866509.0,59200.0,212711743.0,4400.0,7500.0,8963387971.0
20241120,002594.SZ,8917302005.0,16182606.0,285480785.0,56100.0,284734802.0,12900.0,7700.0,8933484611.0
20241119,002594.SZ,8916556022.0,17653787.0,271389973.0,61300.0,296646907.0,6200.0,4600.0,8934209809.0
20241118,002594.SZ,8941812956.0,18157972.0,281488092.0,62900.0,325780585.0,6100.0,4300.0,8959970928.0
20241115,002594.SZ,8986105449.0,18763000.0,402010475.0,64700.0,328620781.0,7000.0,5000.0,9004868449.0
20241114,002594.SZ,8912715755.0,19659825.0,285254845.0,66700.0,318321522.0,3100.0,9000.0,8932375580.0
20241113,002594.SZ,8945782432.0,18274656.0,451396120.0,60800.0,387869256.0,4300.0,3100.0,8964057088.0
20241112,002594.SZ,8882255568.0,18650220.0,763645948.0,62000.0,731191138.0,3500.0,6200.0,8900905788.0
20241111,002594.SZ,8849800758.0,17747897.0,546296567.0,59300.0,470807875.0,10500.0,3500.0,8867548655.0
20241108,002594.SZ,8774312066.0,19750770.0,582262121.0,66300.0,455369640.0,2900.0,7700.0,8794062836.0
20241107,002594.SZ,8647419585.0,18559470.0,416472275.0,61500.0,343191084.0,6900.0,3600.0,8665979055.0
20241106,002594.SZ,8574138394.0,19463328.0,642896377.0,64800.0,514690852.0,3100.0,8300.0,8593601722.0
20241105,002594.SZ,8445932869.0,18327000.0,575819651.0,59600.0,498172207.0,6500.0,2900.0,8464259869.0
20241104,002594.SZ,8368285425.0,19401136.0,806212282.0,63200.0,574950843.0,7600.0,8500.0,8387686561.0
20241101,002594.SZ,8137023986.0,18086313.0,302315369.0,62300.0,291702122.0,4200.0,3100.0,8155110299.0
20241031,002594.SZ,8126410739.0,18588246.0,718887235.0,63400.0,502083235.0,9600.0,3100.0,8144998985.0
20241030,002594.SZ,7909606739.0,21357945.0,480013683.0,69900.0,484777020.0,5800.0,5000.0,7930964684.0
20241029,002594.SZ,7914370076.0,21591780.0,384651285.0,70700.0,392146490.0,4500.0,5100.0,7935961856.0
20241028,002594.SZ,7921865281.0,21387510.0,338936580.0,70100.0,254289861.0,3500.0,6600.0,7943252791.0
20241025,002594.SZ,7837218562.0,20645380.0,479068577.0,67000.0,392881456.0,5800.0,3000.0,7857863942.0
20241024,002594.SZ,7751031441.0,21196864.0,252261695.0,69800.0,242870197.0,2200.0,4200.0,7772228305.0
20241023,002594.SZ,7741639943.0,20942064.0,323199991.0,67800.0,388738230.0,1500.0,5600.0,7762582007.0
20241022,002594.SZ,7807178182.0,19412575.0,312072124.0,63700.0,239271577.0,5200.0,2200.0,7826590757.0
20241021,002594.SZ,7734377635.0,20440215.0,292384071.0,66700.0,444158028.0,3700.0,7900.0,7754817850.0
20241018,002594.SZ,7886151592.0,18768750.0,604437270.0,62500.0,485338847.0,7900.0,4000.0,7904920342.0
20241017,002594.SZ,7767053169.0,19217488.0,270661609.0,66400.0,255172742.0,8800.0,5900.0,7786270657.0
20241016,002594.SZ,7751564302.0,20082447.0,425408380.0,69300.0,353032022.0,5900.0,3900.0,7771646749.0
20241015,002594.SZ,7679187944.0,21247400.0,329889401.0,71300.0,438526298.0,5900.0,5200.0,7700435344.0
20241014,002594.SZ,7787824841.0,22104000.0,347986896.0,72000.0,431020064.0,5000.0,4700.0,7809928841.0
20241011,002594.SZ,7870858009.0,21693615.0,731798061.0,72300.0,673875394.0,7900.0,7200.0,7892551624.0
20241010,002594.SZ,7812935342.0,23059970.0,635895478.0,73000.0,756724482.0,3400.0,7400.0,7835995312.0
20241009,002594.SZ,7933764346.0,21092610.0,1267247276.0,69000.0,1118290994.0,5100.0,5400.0,7954856956.0
20241008,002594.SZ,7784808064.0,22491006.0,1947749882.0,68700.0,1358775067.0,10300.0,10400.0,7807299070.0
20240930,002594.SZ,7195833249.0,21081466.0,1270019107.0,68600.0,1070460983.0,6700.0,3500.0,7216914715.0
20240927,002594.SZ,6996275125.0,20390482.0,849394860.0,71800.0,791450598.0,4700.0,4800.0,7016665607.0
20240926,002594.SZ,6938330863.0,19331037.0,409103140.0,71700.0,364696801.0,3000.0,7300.0,6957661900.0
20240925,002594.SZ,6893924524.0,17712720.0,448364540.0,67400.0,587972881.0,4300.0,4300.0,6911637244.0
20240924,002594.SZ,7033532865.0,17139146.0,346242592.0,67400.0,301578412.0,8200.0,5700.0,7050672011.0
20240923,002594.SZ,6988868685.0,17475000.0,219490212.0,69900.0,202734641.0,3800.0,3500.0,7006343685.0
20240920,002594.SZ,6972113114.0,17978220.0,250699416.0,70200.0,222549075.0,900.0,3900.0,6990091334.0
20240919,002594.SZ,6943962773.0,17160192.0,250295842.0,67200.0,147168633.0,6300.0,3000.0,6961122965.0
20240918,002594.SZ,6840835564.0,18219315.0,169058669.0,70500.0,255174161.0,1700.0,5000.0,6859054879.0
20240913,002594.SZ,6926951056.0,17135328.0,125179237.0,67200.0,200940834.0,4300.0,1600.0,6944086384.0
20240912,002594.SZ,7002712653.0,17964999.0,139973591.0,69900.0,239857704.0,2800.0,1800.0,7020677652.0
20240911,002594.SZ,7102596766.0,18299290.0,297485736.0,70900.0,357901141.0,1900.0,3500.0,7120896056.0
20240910,002594.SZ,7163012171.0,17300745.0,150309078.0,69300.0,110987078.0,1700.0,600.0,7180312916.0
20240909,002594.SZ,7123690171.0,17598592.0,142439615.0,70400.0,130086791.0,800.0,1900.0,7141288763.0
20240906,002594.SZ,7111337347.0,17435880.0,285809322.0,69300.0,251776970.0,400.0,2000.0,7128773227.0
20240905,002594.SZ,7077304995.0,17117945.0,256371458.0,67700.0,208714941.0,1500.0,1800.0,7094422940.0
20240904,002594.SZ,7029648478.0,16871568.0,178009167.0,67400.0,170771302.0,1000.0,4000.0,7046520046.0
20240903,002594.SZ,7022410613.0,15911952.0,114808092.0,64400.0,201007880.0,1600.0,5600.0,7038322565.0
20240902,002594.SZ,7108610401.0,14562440.0,257426009.0,60400.0,247308773.0,11300.0,2500.0,7123172841.0
20240830,002594.SZ,7098493165.0,17259864.0,305244562.0,69200.0,404024288.0,7600.0,9500.0,7115753029.0
20240829,002594.SZ,7197272891.0,15805405.0,177963063.0,67300.0,131862111.0,10500.0,3700.0,7213078296.0
20240828,002594.SZ,7151171939.0,17550585.0,205701707.0,74100.0,178477447.0,5000.0,7000.0,7168722524.0
20240827,002594.SZ,7123947679.0,17361680.0,116983446.0,72100.0,97710278.0,3400.0,3300.0,7141309359.0
20240826,002594.SZ,7104674511.0,17285402.0,160149238.0,72200.0,135372995.0,1700.0,2600.0,7121959913.0
20240823,002594.SZ,7079898268.0,17064942.0,89343325.0,71300.0,124315576.0,3200.0,800.0,7096963210.0
20240822,002594.SZ,7114870519.0,17726324.0,270888458.0,73700.0,264885500.0,2900.0,2600.0,7132596843.0
20240821,002594.SZ,7108867561.0,17834000.0,160764674.0,74000.0,268215429.0,15087.0,6600.0,7126701561.0
20240820,002594.SZ,7216318316.0,19506526.0,122708296.0,82487.0,105881303.0,18200.0,4200.0,7235824842.0
20240819,002594.SZ,7199491323.0,22714970.0,133673198.0,96487.0,132840316.0,12900.0,3500.0,7222206293.0
20240816,002594.SZ,7198658441.0,24895093.0,331889447.0,105887.0,284072382.0,3600.0,8000.0,7223553534.0
20240815,002594.SZ,7150841376.0,23493226.0,118287978.0,101487.0,150764242.0,11449.0,5500.0,7174334602.0
20240814,002594.SZ,7183317640.0,24344997.0,75215464.0,107436.0,99259129.0,14400.0,5000.0,7207662637.0
20240813,002594.SZ,7207361305.0,26723899.0,111323618.0,116836.0,121679623.0,5651.0,5500.0,7234085204.0
20240812,002594.SZ,7217717310.0,26953805.0,127958007.0,116987.0,118240648.0,9400.0,8300.0,7244671115.0
20240809,002594.SZ,7207999951.0,27351311.0,288625962.0,118087.0,300534223.0,21649.0,9700.0,7235351262.0
20240808,002594.SZ,7219908212.0,29446652.0,238862687.0,130036.0,136884188.0,8981.0,6600.0,7249354864.0
20240807,002594.SZ,7117929713.0,30316873.0,183278065.0,132417.0,105371340.0,4924.0,5000.0,7148246586.0
20240806,002594.SZ,7040022988.0,30298149.0,271822487.0,132341.0,333205460.0,12046.0,7500.0,7070321137.0
20240805,002594.SZ,7101405961.0,31645537.0,154149722.0,136887.0,262476078.0,8825.0,12200.0,7133051498.0
20240802,002594.SZ,7209732317.0,31345948.0,383486568.0,133512.0,504386041.0,14300.0,1500.0,7241078265.0
20240801,002594.SZ,7330631790.0,35729390.0,368902146.0,146312.0,183170009.0,4700.0,9200.0,7366361180.0
20240731,002594.SZ,7144899653.0,35034654.0,221170453.0,141812.0,216164350.0,10100.0,7400.0,7179934307.0
20240730,002594.SZ,7139893550.0,35247922.0,352910386.0,144512.0,268207339.0,9500.0,14000.0,7175141472.0
20240729,002594.SZ,7055190503.0,34876990.0,198916331.0,140012.0,315224484.0,12100.0,15400.0,7090067493.0
20240726,002594.SZ,7171498656.0,34854725.0,377592631.0,136712.0,373065655.0,9200.0,19000.0,7206353381.0
20240725,002594.SZ,7166971680.0,31777496.0,365992422.0,126912.0,220108852.0,20300.0,4000.0,7198749176.0
20240724,002594.SZ,7021088110.0,35801568.0,252861898.0,143212.0,268825854.0,23200.0,3500.0,7056889678.0
20240723,002594.SZ,7037052066.0,41254206.0,422114386.0,162912.0,356156381.0,19100.0,4400.0,7078306272.0
20240722,002594.SZ,6971094061.0,47175523.0,332222990.0,177612.0,332446625.0,12900.0,10600.0,7018269584.0
20240719,002594.SZ,6971317696.0,47507563.0,307854041.0,179912.0,396703387.0,20300.0,5600.0,7018825259.0
20240718,002594.SZ,7060167042.0,50877415.0,270548653.0,194612.0,300193849.0,48800.0,4900.0,7111044457.0
20240717,002594.SZ,7089812238.0,61896249.0,253522366.0,238512.0,273203115.0,7500.0,3600.0,7151708487.0
20240716,002594.SZ,7109492987.0,62782284.0,314525374.0,242412.0,323175305.0,16500.0,19200.0,7172275271.0
20240715,002594.SZ,7118142918.0,62735028.0,358510303.0,239712.0,248165203.0,5700.0,13400.0,7180877946.0
20240712,002594.SZ,7007797818.0,60930992.0,437706572.0,232012.0,543450507.0,9300.0,19000.0,7068728810.0
20240711,002594.SZ,7113541753.0,56258275.0,350586970.0,222312.0,343842723.0,3900.0,11200.0,7169800028.0
20240710,002594.SZ,7106797506.0,54290531.0,353694650.0,215012.0,287928354.0,8600.0,6400.0,7161088037.0
20240709,002594.SZ,7041031210.0,54867751.0,265407436.0,217212.0,275274522.0,5300.0,10500.0,7095898961.0
20240708,002594.SZ,7050898296.0,51940820.0,227195604.0,212012.0,239725846.0,14300.0,12300.0,7102839116.0
20240705,002594.SZ,7063428538.0,51797325.0,262629737.0,214012.0,308995952.0,19030.0,10400.0,7115225863.0
20240704,002594.SZ,7109794753.0,54464913.0,279724080.0,222642.0,361242818.0,14700.0,13900.0,7164259666.0
20240703,002594.SZ,7191313491.0,54318751.0,249210218.0,223442.0,252495148.0,26800.0,14100.0,7245632242.0
20240702,002594.SZ,7194598421.0,57611563.0,297438941.0,236142.0,418879265.0,15600.0,3900.0,7252209984.0
20240701,002594.SZ,7316038745.0,61167406.0,530991932.0,247842.0,423596093.0,10200.0,11400.0,7377206151.0
20240628,002594.SZ,7208642906.0,61722161.0,278282308.0,246642.0,370014627.0,15000.0,10000.0,7270365067.0
20240627,002594.SZ,7300375225.0,62784680.0,241922930.0,251642.0,312843102.0,5700.0,17400.0,7363159905.0
20240626,002594.SZ,7371295397.0,60638143.0,375587743.0,239942.0,357233062.0,29900.0,11387.0,7431933540.0
20240625,002594.SZ,7352940716.0,65650154.0,584710295.0,258455.0,474806839.0,13500.0,7600.0,7418590870.0
20240624,002594.SZ,7243037260.0,66072889.0,291382088.0,264355.0,273006521.0,9500.0,13000.0,7309110149.0
20240621,002594.SZ,7224661693.0,65388523.0,341638012.0,260855.0,493572388.0,7000.0,19700.0,7290050216.0
20240620,002594.SZ,7376596069.0,62410983.0,280642347.0,248155.0,389799487.0,23400.0,21600.0,7439007052.0
20240619,002594.SZ,7485753209.0,63488570.0,492817579.0,249955.0,345080352.0,5300.0,11630.0,7549241779.0
20240618,002594.SZ,7338015982.0,62280295.0,482161770.0,243625.0,366839028.0,2800.0,14700.0,7400296277.0
20240617,002594.SZ,7222693240.0,59601987.0,522807720.0,231725.0,573281243.0,15700.0,16400.0,7282295227.0
20240614,002594.SZ,7273166763.0,58460876.0,458142494.0,231025.0,532974124.0,16200.0,6500.0,7331627639.0
20240613,002594.SZ,7347998393.0,60901018.0,1004088537.0,240725.0,799969350.0,3900.0,19900.0,7408899411.0
20240612,002594.SZ,7143879206.0,54585703.0,417436496.0,224725.0,319200465.0,5100.0,15300.0,7198464909.0
20240611,002594.SZ,7045643175.0,52479251.0,546302716.0,214525.0,382783044.0,15600.0,11700.0,7098122426.0
20240607,002594.SZ,6882123503.0,51439088.0,364904404.0,218425.0,457776852.0,43600.0,9600.0,6933562591.0
20240606,002594.SZ,6974995951.0,60203363.0,360399894.0,252425.0,475325441.0,18800.0,5600.0,7035199314.0
20240605,002594.SZ,7089921498.0,63959844.0,564231521.0,265625.0,477057038.0,6200.0,6800.0,7153881342.0
20240604,002594.SZ,7002747015.0,63115704.0,233231651.0,265025.0,435816624.0,17500.0,8700.0,7065862719.0
20240603,002594.SZ,7205331988.0,64923908.0,800261334.0,273825.0,730104397.0,29200.0,22800.0,7270255896.0
20240531,002594.SZ,7135175051.0,64177130.0,521812453.0,280225.0,490833473.0,52461.0,30800.0,7199352181.0
20240530,002594.SZ,7104196071.0,68787744.0,560418118.0,301886.0,600870133.0,9900.0,10500.0,7172983815.0
20240529,002594.SZ,7144648086.0,67698965.0,674210715.0,301286.0,580625975.0,9600.0,77900.0,7212347051.0
20240528,002594.SZ,7051063346.0,48316637.0,136151048.0,232986.0,78976005.0,5600.0,18400.0,7099379983.0
20240527,002594.SZ,6993888303.0,45875754.0,135228267.0,220186.0,91930556.0,6500.0,13800.0,7039764057.0
20240524,002594.SZ,6950590592.0,44557041.0,249228823.0,212886.0,158304339.0,16500.0,21400.0,6995147633.0
20240523,002594.SZ,6859666108.0,44706591.0,102237320.0,207986.0,98855025.0,9100.0,9200.0,6904372699.0
20240522,002594.SZ,6856283813.0,45094631.0,317628113.0,207886.0,133975528.0,16400.0,2800.0,6901378444.0
20240521,002594.SZ,6672631228.0,48456707.0,245195685.0,221486.0,128322898.0,9600.0,9900.0,6721087935.0
20240520,002594.SZ,6555758441.0,49295724.0,139191950.0,221186.0,155456036.0,7100.0,6600.0,6605054165.0
20240517,002594.SZ,6572022527.0,48680029.0,148406271.0,221686.0,135366058.0,14900.0,6400.0,6620702556.0
20240516,002594.SZ,6558982314.0,50251906.0,209015215.0,230186.0,156676186.0,20900.0,5100.0,6609234220.0
20240515,002594.SZ,6506643285.0,53905373.0,268391113.0,245986.0,160907367.0,9800.0,7700.0,6560548658.0
20240514,002594.SZ,6399159539.0,55797022.0,126223717.0,248086.0,130811689.0,20600.0,3400.0,6454956561.0
20240513,002594.SZ,6403747511.0,59875051.0,144124548.0,265286.0,229541085.0,16200.0,6000.0,6463622562.0
20240510,002594.SZ,6489164048.0,62755711.0,170322232.0,275486.0,167780018.0,9500.0,5800.0,6551919759.0
20240509,002594.SZ,6486621834.0,63696286.0,227094945.0,279186.0,232200358.0,9300.0,7200.0,6550318120.0
20240508,002594.SZ,6491727247.0,63635332.0,235451410.0,281286.0,237050156.0,12000.0,3500.0,6555362579.0
20240507,002594.SZ,6493325993.0,66616006.0,225057101.0,289786.0,349093643.0,3700.0,3400.0,6559941999.0
20240506,002594.SZ,6617362535.0,65646463.0,340262508.0,290086.0,430252224.0,22200.0,10800.0,6683008998.0
20240430,002594.SZ,6707352251.0,65874692.0,330488624.0,301486.0,213377782.0,11300.0,5300.0,6773226943.0
20240429,002594.SZ,6590241409.0,68071251.0,546098674.0,307486.0,458509476.0,5500.0,41300.0,6658312660.0
20240426,002594.SZ,6502652211.0,59599757.0,279146021.0,271686.0,402169531.0,10900.0,8600.0,6562251968.0
20240425,002594.SZ,6625675721.0,57246635.0,97567267.0,273986.0,130296247.0,9900.0,800.0,6682922356.0
20240424,002594.SZ,6658404701.0,58717699.0,149490335.0,283086.0,148029045.0,11600.0,6600.0,6717122400.0
20240423,002594.SZ,6656943411.0,59069153.0,157359662.0,288086.0,119384074.0,13700.0,12800.0,6716012564.0
20240422,002594.SZ,6618967823.0,60270921.0,114179545.0,288986.0,133740864.0,7200.0,6700.0,6679238744.0
20240419,002594.SZ,6638529142.0,60829693.0,214998250.0,289486.0,220424289.0,14700.0,9700.0,6699358835.0
20240418,002594.SZ,6643955181.0,62902210.0,255593641.0,294486.0,292712118.0,10700.0,7000.0,6706857391.0
20240417,002594.SZ,6681073658.0,63513618.0,161567648.0,298186.0,139591741.0,10800.0,11300.0,6744587276.0
20240416,002594.SZ,6659097751.0,62999289.0,132730678.0,297686.0,163144539.0,10500.0,4200.0,6722097040.0
20240415,002594.SZ,6689511612.0,64937490.0,204266009.0,303986.0,209171634.0,8900.0,2800.0,6754449102.0
20240412,002594.SZ,6694417237.0,65304112.0,195757557.0,310086.0,230062473.0,17000.0,7800.0,6759721349.0
20240411,002594.SZ,6728722153.0,68001532.0,143992594.0,319286.0,168534293.0,12100.0,2800.0,6796723685.0
20240410,002594.SZ,6753263852.0,69607658.0,120134233.0,328586.0,199887083.0,17246.0,14200.0,6822871510.0
20240409,002594.SZ,6833016702.0,70332515.0,128097413.0,331632.0,125455105.0,41900.0,5200.0,6903349217.0
20240408,002594.SZ,6830374394.0,78086384.0,164457800.0,368332.0,170656784.0,10411.0,10200.0,6908460778.0
20240403,002594.SZ,6836573378.0,76715911.0,123488598.0,368543.0,130657920.0,26100.0,24600.0,6913289289.0
20240402,002594.SZ,6843742700.0,78574931.0,170762951.0,370043.0,188056423.0,7500.0,41846.0,6922317631.0
20240401,002594.SZ,6861036172.0,71171121.0,167473099.0,335697.0,232761700.0,110200.0,24800.0,6932207293.0
20240329,002594.SZ,6926324773.0,85507957.0,294971567.0,421097.0,192703850.0,8000.0,7500.0,7011832730.0
20240328,002594.SZ,6824057056.0,87852383.0,321992926.0,421597.0,220766943.0,27886.0,79900.0,6911909439.0
20240327,002594.SZ,6722831073.0,78344203.0,395979484.0,369583.0,332201933.0,7700.0,28186.0,6801175276.0
20240326,002594.SZ,6659053522.0,76661702.0,218314040.0,349097.0,211004360.0,19600.0,13000.0,6735715224.0
20240325,002594.SZ,6651743842.0,76190297.0,134894596.0,355697.0,185169577.0,53900.0,8700.0,6727934139.0
20240322,002594.SZ,6702018823.0,86974604.0,214611757.0,400897.0,241733428.0,14100.0,18100.0,6788993427.0
20240321,002594.SZ,6729140494.0,86900598.0,244874728.0,396897.0,217478989.0,15800.0,12300.0,6816041092.0
20240320,002594.SZ,6701744755.0,87478736.0,192469785.0,400397.0,210887841.0,27399.0,4600.0,6789223491.0
20240319,002594.SZ,6720162811.0,91748893.0,253149253.0,423196.0,256123017.0,17000.0,11300.0,6811911704.0
20240318,002594.SZ,6723136575.0,93512195.0,382832369.0,428896.0,436718828.0,14744.0,63000.0,6816648770.0
20240315,002594.SZ,6777023034.0,79732662.0,270974478.0,380640.0,245934516.0,100880.0,8800.0,6856755696.0
20240314,002594.SZ,6751983072.0,100254458.0,515461578.0,472720.0,493706099.0,8600.0,11100.0,6852237530.0
20240313,002594.SZ,6730227593.0,97034600.0,287307735.0,470220.0,367288408.0,17600.0,17400.0,6827262193.0
20240312,002594.SZ,6810208266.0,96483143.0,511655344.0,470420.0,381576355.0,4100.0,23344.0,6906691409.0
20240311,002594.SZ,6680129277.0,89666718.0,436653877.0,451176.0,421288722.0,32100.0,32211.0,6769795995.0
20240308,002594.SZ,6664764122.0,84840816.0,101882823.0,451065.0,95563653.0,109700.0,12300.0,6749604938.0
20240307,002594.SZ,6658444952.0,103599554.0,155094985.0,548465.0,145089913.0,3200.0,36100.0,6762044506.0
20240306,002594.SZ,6648439880.0,98808031.0,195981611.0,515565.0,214219006.0,44700.0,8700.0,6747247911.0
20240305,002594.SZ,6666677275.0,105249634.0,172404478.0,551565.0,207933277.0,12800.0,136400.0,6771926909.0
20240304,002594.SZ,6702206074.0,81000936.0,167847272.0,427965.0,185725863.0,106400.0,5700.0,6783207010.0
20240301,002594.SZ,6720084665.0,101598840.0,243425361.0,528665.0,284074622.0,93900.0,14000.0,6821683505.0
20240229,002594.SZ,6760733926.0,116357628.0,204031294.0,608565.0,186581478.0,6300.0,127000.0,6877091554.0
20240228,002594.SZ,6743284110.0,91718620.0,389100106.0,487865.0,253114460.0,21300.0,72599.0,6835002730.0
20240227,002594.SZ,6607298464.0,84562835.0,331892419.0,436566.0,387203190.0,152500.0,38900.0,6691861299.0
20240226,002594.SZ,6662609235.0,102330876.0,231687444.0,550166.0,233909856.0,52200.0,25625.0,6764940111.0
20240223,002594.SZ,6664831647.0,105359046.0,144666400.0,576741.0,107929379.0,61800.0,51800.0,6770190693.0
20240222,002594.SZ,6628094626.0,107367735.0,91702016.0,586741.0,146659753.0,22300.0,30200.0,6735462361.0
20240221,002594.SZ,6683052363.0,105927903.0,192542045.0,578841.0,216423922.0,47472.0,78500.0,6788980266.0
20240220,002594.SZ,6706934240.0,98069483.0,164688038.0,547813.0,108311842.0,12800.0,60600.0,6805003723.0
20240219,002594.SZ,6650558044.0,91752386.0,93952284.0,500013.0,164543406.0,33100.0,10900.0,6742310430.0
20240208,002594.SZ,6721149166.0,94609330.0,127192521.0,522213.0,209307756.0,41700.0,1800.0,6815758496.0
20240207,002594.SZ,6803264401.0,100933010.0,193025250.0,562113.0,219929720.0,109700.0,18400.0,6904197411.0
20240206,002594.SZ,6830168871.0,114915745.0,179911529.0,653413.0,201819811.0,438915.0,31000.0,6945084616.0
20240205,002594.SZ,6852077153.0,178303104.0,159453085.0,1061328.0,268145860.0,419343.0,186900.0,7030380257.0
20240202,002594.SZ,6960769928.0,216059757.0,193788212.0,1293771.0,444708461.0,71720.0,109072.0,7176829685.0
20240201,002594.SZ,7211690177.0,214709442.0,124761020.0,1256419.0,216269758.0,259189.0,62300.0,7426399619.0
20240131,002594.SZ,7303198915.0,248123275.0,147216062.0,1453308.0,183254006.0,129200.0,82300.0,7551322190.0
20240130,002594.SZ,7339236859.0,257990770.0,213206300.0,1500208.0,395661108.0,90599.0,291300.0,7597227629.0
20240129,002594.SZ,7521691667.0,231884028.0,251447279.0,1299507.0,249614128.0,64373.0,157800.0,7753575695.0
20240126,002594.SZ,7519858516.0,224162029.0,172112334.0,1206080.0,133030628.0,109311.0,113566.0,7744020545.0
20240125,002594.SZ,7480776810.0,228226568.0,200004214.0,1201825.0,180594826.0,68566.0,75800.0,7709003378.0
20240124,002594.SZ,7461367422.0,225419321.0,134584409.0,1194591.0,163443674.0,57800.0,77800.0,7686786743.0
20240123,002594.SZ,7490226687.0,220646920.0,95974617.0,1174591.0,142568979.0,170700.0,127100.0,7710873607.0
20240122,002594.SZ,7536821049.0,225779520.0,112082489.0,1218191.0,210424662.0,82017.0,45950.0,7762600569.0
20240119,002594.SZ,7635163222.0,237481210.0,99221179.0,1254258.0,91979698.0,45183.0,32600.0,7872644432.0
20240118,002594.SZ,7627921741.0,241307873.0,106035276.0,1266841.0,137475727.0,97700.0,122943.0,7869229614.0
20240117,002594.SZ,7659362192.0,231930506.0,210822167.0,1241598.0,177426022.0,53812.0,216400.0,7891292698.0
20240116,002594.SZ,7625966047.0,210730654.0,102073479.0,1079010.0,134439465.0,51300.0,138100.0,7836696701.0
20240115,002594.SZ,7658332033.0,193093989.0,205246438.0,992210.0,111177333.0,226050.0,66639.0,7851426022.0
20240112,002594.SZ,7564262928.0,225568005.0,130318824.0,1151621.0,127027378.0,55188.0,31975.0,7789830933.0
20240111,002594.SZ,7560971482.0,231183836.0,191730067.0,1174834.0,278456865.0,101634.0,114000.0,7792155318.0
20240110,002594.SZ,7647698280.0,221206036.0,129781995.0,1162468.0,108953829.0,145766.0,34900.0,7868904316.0
20240109,002594.SZ,7626870114.0,245575195.0,135521506.0,1273334.0,186999792.0,111654.0,47600.0,7872445309.0
20240108,002594.SZ,7678348400.0,253301288.0,121287493.0,1337388.0,149442606.0,58300.0,111900.0,7931649688.0
20240105,002594.SZ,7706503513.0,247360272.0,132558836.0,1283788.0,209258215.0,40634.0,78600.0,7953863785.0
20240104,002594.SZ,7783202892.0,240468564.0,129761653.0,1245822.0,117553539.0,28866.0,35700.0,8023671456.0
20240103,002594.SZ,7770994778.0,239335312.0,127837871.0,1238988.0,131509416.0,62400.0,94100.0,8010330090.0
20240102,002594.SZ,7774666323.0,232523668.0,339347535.0,1207288.0,138583359.0,42663.0,171000.0,8007189991.0
20231229,002594.SZ,7573902147.0,213632298.0,132008271.0,1078951.0,146371354.0,37237.0,21600.0,7787534445.0
20231228,002594.SZ,7588265230.0,216783154.0,227724516.0,1094588.0,267580739.0,231241.0,63300.0,7805048384.0
20231227,002594.SZ,7628121453.0,241711177.0,120650721.0,1262529.0,100660172.0,19271.0,72054.0,7869832630.0
20231226,002594.SZ,7608130904.0,231968796.0,75918156.0,1209746.0,77192183.0,55169.0,103900.0,7840099700.0
20231225,002594.SZ,7609404931.0,223123862.0,126620731.0,1161015.0,79263280.0,99695.0,117200.0,7832528793.0
20231222,002594.SZ,7562047480.0,219839800.0,166557549.0,1143510.0,171485415.0,200335.0,94800.0,7781887280.0
20231221,002594.SZ,7566975346.0,236918855.0,129413222.0,1249045.0,155625158.0,102953.0,173400.0,7803894201.0
20231220,002594.SZ,7593187282.0,217899199.0,123613137.0,1178598.0,185382807.0,146339.0,99812.0,7811086481.0
20231219,002594.SZ,7654956952.0,230323500.0,80987551.0,1225125.0,176727067.0,41007.0,61900.0,7885280452.0
20231218,002594.SZ,7750696468.0,227672102.0,95297513.0,1204232.0,171480379.0,51211.0,108600.0,7978368570.0
20231215,002594.SZ,7826879334.0,221661814.0,116564911.0,1146843.0,112282009.0,37447.0,48700.0,8048541148.0
20231214,002594.SZ,7822596432.0,217102097.0,105197314.0,1135590.0,115058320.0,25155.0,124075.0,8039698529.0
20231213,002594.SZ,7832457438.0,198833306.0,109074437.0,1036670.0,209581136.0,49171.0,114200.0,8031290744.0
20231212,002594.SZ,7932964137.0,190762277.0,158111235.0,971641.0,122725428.0,62315.0,34600.0,8123726414.0
20231211,002594.SZ,7897578330.0,199061721.0,106948543.0,999356.0,183050406.0,80473.0,26400.0,8096640051.0
20231208,002594.SZ,7973680193.0,209158329.0,90191850.0,1053429.0,185019037.0,34973.0,27700.0,8182838522.0
20231207,002594.SZ,8068507380.0,211557015.0,129424490.0,1060702.0,210308974.0,311411.0,40500.0,8280064395.0
20231206,002594.SZ,8149391864.0,267907220.0,341733200.0,1331613.0,237291975.0,126333.0,281100.0,8417299084.0
20231205,002594.SZ,8044950639.0,231061944.0,268010004.0,1176846.0,211049535.0,101148.0,103090.0,8276012583.0
20231204,002594.SZ,7987990170.0,230739396.0,150529477.0,1174904.0,261766084.0,71188.0,48400.0,8218729566.0
20231201,002594.SZ,8099226777.0,236005208.0,233113163.0,1197692.0,365529943.0,81573.0,147700.0,8335231985.0
20231130,002594.SZ,8231643557.0,225351169.0,166470689.0,1131565.0,697147151.0,66700.0,60400.0,8456994726.0
20231129,002594.SZ,8762320019.0,229825972.0,272025071.0,1137865.0,430268479.0,75001.0,135800.0,8992145991.0
20231128,002594.SZ,8920563427.0,226086924.0,155010177.0,1077066.0,215850106.0,41290.0,84100.0,9146650351.0
20231127,002594.SZ,8981403356.0,216056079.0,299982405.0,1034256.0,355972236.0,91500.0,75401.0,9197459435.0
20231124,002594.SZ,9037393187.0,227769482.0,573897265.0,1050355.0,633673624.0,59270.0,88589.0,9265162669.0
20231123,002594.SZ,9097169546.0,233643668.0,282570505.0,1021036.0,296810692.0,177220.0,44700.0,9330813214.0
20231122,002594.SZ,9111409733.0,265317880.0,183104413.0,1153556.0,299260967.0,24200.0,31100.0,9376727613.0
20231121,002594.SZ,9227566287.0,268546835.0,229967766.0,1146656.0,178177685.0,23800.0,183370.0,9496113122.0
20231120,002594.SZ,9175776206.0,231965210.0,161737031.0,987086.0,195219153.0,26600.0,18700.0,9407741416.0
20231117,002594.SZ,9209258328.0,235572885.0,142412980.0,994986.0,130889623.0,18400.0,21601.0,9444831213.0
20231116,002594.SZ,9197734971.0,236342366.0,135800947.0,991785.0,122458531.0,16500.0,24400.0,9434077337.0
20231115,002594.SZ,9184392555.0,234794317.0,168625730.0,983885.0,208109540.0,17584.0,48700.0,9419186872.0
20231114,002594.SZ,9223876365.0,226406497.0,131655683.0,952769.0,106505057.0,42700.0,36500.0,9450282862.0
20231113,002594.SZ,9198725739.0,227390729.0,162117568.0,958969.0,152502385.0,23900.0,56400.0,9426116468.0
20231110,002594.SZ,9189110556.0,219536094.0,211136787.0,926469.0,199885881.0,37900.0,132100.0,9408646650.0
20231109,002594.SZ,9177859650.0,199161972.0,165808350.0,832269.0,219136582.0,16400.0,15100.0,9377021622.0
20231108,002594.SZ,9231187882.0,200056560.0,204756055.0,833569.0,202585836.0,36845.0,13500.0,9431244442.0
20231107,002594.SZ,9229017663.0,206490567.0,232969146.0,856914.0,155350427.0,20100.0,16400.0,9435508230.0
20231106,002594.SZ,9151398944.0,209043141.0,279756019.0,860614.0,350370325.0,55200.0,22200.0,9360442085.0
20231103,002594.SZ,9222013250.0,213260981.0,132210585.0,893614.0,195862449.0,30900.0,63300.0,9435274231.0
20231102,002594.SZ,9285665114.0,202213047.0,200388094.0,861214.0,184275209.0,34600.0,159200.0,9487878161.0
20231101,002594.SZ,9269552229.0,173988227.0,184333483.0,736614.0,142544273.0,76000.0,20100.0,9443540456.0
20231031,002594.SZ,9227763019.0,189046290.0,344719289.0,792514.0,134663869.0,33100.0,39000.0,9416809309.0
20231030,002594.SZ,9017707599.0,192405784.0,309955484.0,786614.0,269463798.0,21655.0,37900.0,9210113383.0
20231027,002594.SZ,8977215913.0,186390780.0,195050245.0,770369.0,204902951.0,36134.0,22900.0,9163606693.0
20231026,002594.SZ,8987068619.0,186975512.0,149014072.0,783603.0,151621208.0,43300.0,42300.0,9174044131.0
20231025,002594.SZ,8989675755.0,186264753.0,128661852.0,784603.0,165733314.0,36224.0,50500.0,9175940508.0
20231024,002594.SZ,9026747217.0,181450525.0,178755892.0,770327.0,159895347.0,44500.0,71400.0,9208197742.0
20231023,002594.SZ,9007886672.0,177418854.0,168360416.0,743427.0,177208046.0,22100.0,54900.0,9185305526.0
20231020,002594.SZ,9016734302.0,169981979.0,165786828.0,710627.0,123544077.0,45361.0,64900.0,9186716281.0
20231019,002594.SZ,8974491551.0,166275773.0,309242341.0,691088.0,246040716.0,50200.0,19800.0,9140767324.0
20231018,002594.SZ,8911289926.0,179701016.0,537076514.0,721488.0,772486227.0,154882.0,66000.0,9090990942.0
20231017,002594.SZ,9146699639.0,192868060.0,88287516.0,810370.0,152780111.0,9300.0,20200.0,9339567699.0
20231016,002594.SZ,9211192234.0,189882120.0,82831138.0,799470.0,134529227.0,114700.0,118000.0,9401074354.0
20231013,002594.SZ,9262890323.0,191367421.0,122513736.0,796170.0,134121606.0,44800.0,6700.0,9454257744.0
20231012,002594.SZ,9274498193.0,203937301.0,203521174.0,834270.0,248391347.0,9800.0,47100.0,9478435494.0
20231011,002594.SZ,9319368366.0,190149073.0,118499176.0,796970.0,127610311.0,17900.0,212682.0,9509517439.0
20231010,002594.SZ,9328479501.0,143266547.0,117561427.0,602188.0,165783967.0,14400.0,98400.0,9471746048.0
20231009,002594.SZ,9376702041.0,123313199.0,238262959.0,518188.0,163797717.0,21300.0,60600.0,9500015240.0
20230928,002594.SZ,9302236799.0,113352790.0,232493367.0,478888.0,156120324.0,69900.0,15900.0,9415589589.0
20230927,002594.SZ,9225863756.0,126736752.0,234955175.0,532888.0,101151817.0,28500.0,42600.0,9352600508.0
20230926,002594.SZ,9092060398.0,123730939.0,235997888.0,518788.0,123171366.0,102901.0,20200.0,9215791337.0
20230925,002594.SZ,8979233876.0,147845996.0,116235417.0,601489.0,89167505.0,41200.0,47000.0,9127079872.0
