indiv_din_ts_code,indiv_din_trade_date,indiv_din_close,indiv_din_turnover_rate,indiv_din_turnover_rate_f,indiv_din_volume_ratio,indiv_din_pe,indiv_din_pe_ttm,indiv_din_pb,indiv_din_ps,indiv_din_ps_ttm,indiv_din_dv_ratio,indiv_din_dv_ttm,indiv_din_total_share,indiv_din_float_share,indiv_din_free_share,indiv_din_total_mv,indiv_din_circ_mv
002594.SZ,20251023,103.69,1.0857,1.5408,0.88,23.4847,22.4372,4.492,1.2165,1.1158,0.9958,1.2775,911719.7565,348724.1823,245715.3663,94536221.5515,36159210.4627
002594.SZ,20251022,103.78,1.0262,1.4565,0.79,23.5051,22.4567,4.4959,1.2176,1.1168,0.995,1.2764,911719.7565,348724.1823,245715.3663,94618276.3296,36190595.6391
002594.SZ,20251021,104.76,0.8576,1.2172,0.54,23.7271,22.6688,4.5384,1.2291,1.1273,0.9857,1.2645,911719.7565,348724.1823,245715.3663,95511761.6909,36532345.3377
002594.SZ,20251020,104.52,1.0198,1.4473,0.57,23.6727,22.6168,4.528,1.2263,1.1247,0.9879,1.2674,911719.7565,348724.1823,245715.3663,95292948.9494,36448651.534
002594.SZ,20251017,104.43,1.7943,2.5465,1.01,23.6523,22.5974,4.5241,1.2252,1.1238,0.9888,1.2685,911719.7565,348724.1823,245715.3663,95210894.1713,36417266.3576
002594.SZ,20251016,106.96,1.5,2.1289,0.73,24.2253,23.1448,4.6337,1.2549,1.151,0.9654,1.2385,911719.7565,348724.1823,245715.3663,97517545.1552,37299538.5388
002594.SZ,20251015,107.1,1.3644,1.9364,0.65,24.2571,23.1751,4.6398,1.2565,1.1525,0.9641,1.2369,911719.7565,348724.1823,245715.3663,97645185.9212,37348359.9243
002594.SZ,20251014,105.99,2.2017,3.1247,1.09,24.0057,22.9349,4.5917,1.2435,1.1405,0.9742,1.2498,911719.7565,348724.1823,245715.3663,96633176.9914,36961276.082
002594.SZ,20251013,105.69,2.1347,3.0296,1.05,23.9377,22.87,4.5787,1.24,1.1373,0.977,1.2534,911719.7565,348724.1823,245715.3663,96359661.0645,36856658.8273
002594.SZ,20251010,107.79,1.6922,2.4016,0.81,24.4133,23.3244,4.6697,1.2646,1.1599,0.958,1.2289,911719.7565,348724.1823,245715.3663,98274272.5531,37588979.6101
002594.SZ,20251009,110.6,2.8926,4.1052,1.59,25.0498,23.9325,4.7914,1.2976,1.1901,0.9336,1.1977,911719.7565,348724.1823,245715.3663,100836205.0689,38568894.5624
002594.SZ,20250930,109.21,1.6281,2.3106,0.87,24.7349,23.6317,4.7312,1.2813,1.1752,0.9455,1.213,911719.7565,348724.1823,245715.3663,99568914.6074,38084167.949
002594.SZ,20250929,108.61,1.7607,2.4988,0.98,24.5991,23.5019,4.7052,1.2742,1.1687,0.9507,1.2197,911719.7565,348724.1823,245715.3663,99021882.7535,37874933.4396
002594.SZ,20250926,107.29,2.1697,3.0792,1.32,24.3001,23.2162,4.648,1.2588,1.1545,0.9624,1.2347,911719.7565,348724.1823,245715.3663,97818412.6749,37414617.519
002594.SZ,20250925,107.5,1.9886,2.8223,1.12,24.3477,23.2617,4.6571,1.2612,1.1568,0.9605,1.2322,911719.7565,348724.1823,245715.3663,98009873.8238,37487849.5973
002594.SZ,20250924,105.71,1.5719,2.2309,0.78,23.9422,22.8743,4.5795,1.2402,1.1375,0.9768,1.2531,911719.7565,348724.1823,245715.3663,96377895.4596,36863633.3109
002594.SZ,20250923,105.6,1.8667,2.6493,0.95,23.9173,22.8505,4.5748,1.2389,1.1363,0.9778,1.2544,911719.7565,348724.1823,245715.3663,96277606.2864,36825273.6509
002594.SZ,20250922,107.99,1.4096,2.0005,0.63,24.4586,23.3677,4.6783,1.267,1.1621,0.9562,1.2267,911719.7565,348724.1823,245715.3663,98456616.5044,37658724.4466
002594.SZ,20250919,109.09,1.3563,1.9249,0.61,24.7078,23.6057,4.726,1.2799,1.1739,0.9465,1.2143,911719.7565,348724.1823,245715.3663,99459508.2366,38042321.0471
002594.SZ,20250918,109.71,2.6784,3.8012,1.34,24.8482,23.7399,4.7528,1.2872,1.1806,0.9412,1.2074,911719.7565,348724.1823,245715.3663,100024774.4856,38258530.0401
002594.SZ,20250917,110.99,2.8138,3.9934,1.74,25.1381,24.0169,4.8083,1.3022,1.1943,0.9303,1.1935,911719.7565,348724.1823,245715.3663,101191775.7739,38704896.9935
002594.SZ,20250916,107.8,1.5289,2.1698,1.0,24.4156,23.3266,4.6701,1.2647,1.16,0.9579,1.2288,911719.7565,348724.1823,245715.3663,98283389.7507,37592466.8519
002594.SZ,20250915,108.7,2.7953,3.9672,2.16,24.6194,23.5213,4.7091,1.2753,1.1697,0.9499,1.2186,911719.7565,348724.1823,245715.3663,99103937.5316,37906318.616
002594.SZ,20250912,105.91,1.3074,1.8554,0.88,23.9875,22.9176,4.5882,1.2426,1.1397,0.975,1.2507,911719.7565,348724.1823,245715.3663,96560239.4109,36933378.1474
002594.SZ,20250911,106.59,1.5421,2.1886,0.94,24.1415,23.0648,4.6177,1.2505,1.147,0.9688,1.2428,911719.7565,348724.1823,245715.3663,97180208.8453,37170510.5914
002594.SZ,20250910,105.2,0.9244,1.312,0.49,23.8267,22.764,4.5574,1.2342,1.132,0.9816,1.2592,911719.7565,348724.1823,245715.3663,95912918.3838,36685783.978
002594.SZ,20250909,105.49,1.0944,1.5532,0.52,23.8924,22.8267,4.57,1.2376,1.1352,0.9789,1.2557,911719.7565,348724.1823,245715.3663,96177317.1132,36786913.9908
002594.SZ,20250908,106.25,1.5942,2.2625,0.63,24.0645,22.9912,4.6029,1.2466,1.1433,0.9719,1.2467,911719.7565,348724.1823,245715.3663,96870224.1281,37051944.3694
002594.SZ,20250905,107.26,2.2583,3.205,0.82,24.2933,23.2097,4.6467,1.2584,1.1542,0.9627,1.235,911719.7565,348724.1823,245715.3663,97791061.0822,37404155.7935
002594.SZ,20250904,104.0,2.3392,3.3199,0.86,23.5549,22.5043,4.5055,1.2202,1.1191,0.9929,1.2737,911719.7565,348724.1823,245715.3663,94818854.676,36267314.9592
002594.SZ,20250903,107.21,2.1083,2.9922,0.78,24.282,23.1989,4.6445,1.2578,1.1537,0.9631,1.2356,911719.7565,348724.1823,245715.3663,97745475.0944,37386719.5844
002594.SZ,20250902,110.02,2.2173,3.1468,0.84,24.9184,23.807,4.7663,1.2908,1.1839,0.9385,1.204,911719.7565,348724.1823,245715.3663,100307407.6101,38366634.5366
002594.SZ,20250901,109.7,3.8135,5.4122,1.7,24.8459,23.7377,4.7524,1.287,1.1805,0.9413,1.2075,911719.7565,348724.1823,245715.3663,100015657.2881,38255042.7983
002594.SZ,20250829,114.06,3.2831,4.6595,1.63,25.8334,23.1912,5.1633,1.3382,1.2643,0.9053,1.1614,911719.7565,348724.1823,245715.3663,103990755.4264,39775480.2331
002594.SZ,20250828,109.32,2.1866,3.1033,1.19,24.7599,22.2275,4.9487,1.2826,1.2118,0.9446,1.2117,911719.7565,348724.1823,245715.3663,99669203.7806,38122527.609
002594.SZ,20250827,110.68,1.9779,2.8071,1.19,25.0679,22.504,5.0103,1.2985,1.2268,0.933,1.1968,911719.7565,348724.1823,245715.3663,100909142.6494,38596792.497
002594.SZ,20250826,113.75,1.987,2.82,1.33,25.7632,23.1282,5.1492,1.3345,1.2609,0.9078,1.1645,911719.7565,348724.1823,245715.3663,103708122.3019,39667375.7366
002594.SZ,20250825,111.61,1.7539,2.4892,1.17,25.2785,22.6931,5.0524,1.3094,1.2371,0.9252,1.1869,911719.7565,348724.1823,245715.3663,101757042.023,38921105.9865
002594.SZ,20250822,110.66,2.1883,3.1057,1.73,25.0634,22.4999,5.0094,1.2983,1.2266,0.9331,1.1971,911719.7565,348724.1823,245715.3663,100890908.2543,38589818.0133
002594.SZ,20250821,107.1,1.2889,1.8292,1.03,24.2571,21.7761,4.8482,1.2565,1.1871,0.9641,1.2369,911719.7565,348724.1823,245715.3663,97645185.9212,37348359.9243
002594.SZ,20250820,108.25,1.1042,1.5671,0.86,24.5175,22.0099,4.9003,1.27,1.1999,0.9539,1.2237,911719.7565,348724.1823,245715.3663,98693663.6411,37749392.734
002594.SZ,20250819,107.63,1.1176,1.5861,0.9,24.3771,21.8839,4.8722,1.2627,1.193,0.9594,1.2308,911719.7565,348724.1823,245715.3663,98128397.3921,37533183.7409
002594.SZ,20250818,108.37,1.7758,2.5202,1.62,24.5447,22.0343,4.9057,1.2714,1.2012,0.9528,1.2224,911719.7565,348724.1823,245715.3663,98803070.0119,37791239.6359
002594.SZ,20250815,106.07,1.0362,1.4706,0.96,24.0238,21.5667,4.8016,1.2444,1.1757,0.9735,1.2489,911719.7565,348724.1823,245715.3663,96706114.572,36989174.0166
002594.SZ,20250814,106.37,1.2031,1.7075,1.11,24.0917,21.6277,4.8152,1.248,1.1791,0.9708,1.2453,911719.7565,348724.1823,245715.3663,96979630.4989,37093791.2713
002594.SZ,20250813,106.83,1.3186,1.8714,1.33,24.1959,21.7212,4.836,1.2534,1.1842,0.9666,1.24,911719.7565,348724.1823,245715.3663,97399021.5869,37254204.3951
002594.SZ,20250812,105.67,0.8952,1.2706,0.89,23.9332,21.4853,4.7835,1.2398,1.1713,0.9772,1.2536,911719.7565,348724.1823,245715.3663,96341426.6694,36849684.3436
002594.SZ,20250811,105.52,1.0229,1.4517,0.98,23.8992,21.4548,4.7767,1.238,1.1696,0.9786,1.2554,911719.7565,348724.1823,245715.3663,96204668.7059,36797375.7163
002594.SZ,20250808,103.93,0.9366,1.3292,0.88,23.5391,21.1316,4.7047,1.2193,1.152,0.9935,1.2746,911719.7565,348724.1823,245715.3663,94755034.293,36242904.2664
002594.SZ,20250807,105.33,1.2295,1.745,1.06,23.8562,21.4162,4.7681,1.2358,1.1675,0.9803,1.2576,911719.7565,348724.1823,245715.3663,96031441.9521,36731118.1217
002594.SZ,20250806,104.35,0.8764,1.2438,0.68,23.6342,21.217,4.7237,1.2243,1.1567,0.9895,1.2694,911719.7565,348724.1823,245715.3663,95137956.5908,36389368.423
002594.SZ,20250805,104.86,0.9703,1.377,0.74,23.7497,21.3206,4.7468,1.2302,1.1623,0.9847,1.2633,911719.7565,348724.1823,245715.3663,95602933.6666,36567217.756
002594.SZ,20250804,104.88,1.1841,1.6805,1.04,23.7542,21.3247,4.7477,1.2305,1.1625,0.9845,1.263,911719.7565,348724.1823,245715.3663,95621168.0617,36574192.2396
002594.SZ,20250801,105.8,1.039,1.4746,1.01,23.9626,21.5118,4.7894,1.2413,1.1727,0.976,1.252,911719.7565,348724.1823,245715.3663,96459950.2377,36895018.4873
002594.SZ,20250731,105.24,1.7191,2.4398,2.18,23.8358,21.3979,4.764,1.2347,1.1665,0.9812,1.2587,911719.7565,348724.1823,245715.3663,95949387.1741,36699732.9453
002594.SZ,20250730,108.7,1.505,2.1359,2.6,24.6194,22.1014,4.9206,1.2753,1.2049,0.9499,1.2186,911719.7565,348724.1823,245715.3663,99103937.5316,37906318.616
002594.SZ,20250729,111.42,1.1108,1.5765,2.32,25.2355,22.6545,5.0438,1.3072,1.235,0.9268,1.1889,911719.7565,348724.1823,245715.3663,101583815.2692,38854848.3919
002594.SZ,20250728,337.0,1.007,1.4292,0.67,46.0001,41.2953,8.6738,2.3828,2.2513,0.9192,0.9192,549466.5855,116241.3941,81905.1221,185170239.3135,39173349.8117
002594.SZ,20250725,337.93,1.351,1.9173,0.92,46.127,41.4092,8.6977,2.3894,2.2575,0.9167,0.9167,549466.5855,116241.3941,81905.1221,185681243.238,39281454.3082
002594.SZ,20250724,342.72,1.6265,2.3083,1.15,46.7808,41.9962,8.821,2.4233,2.2895,0.9039,0.9039,549466.5855,116241.3941,81905.1221,188313188.1826,39838250.586
002594.SZ,20250723,338.07,1.367,1.9401,1.03,46.1461,41.4264,8.7013,2.3904,2.2584,0.9163,0.9163,549466.5855,116241.3941,81905.1221,185758168.56,39297728.1034
002594.SZ,20250722,341.69,1.8424,2.6148,1.48,46.6402,41.87,8.7945,2.416,2.2826,0.9066,0.9066,549466.5855,116241.3941,81905.1221,187747237.5995,39718521.95
002594.SZ,20250721,334.12,1.3244,1.8796,1.04,45.6069,40.9424,8.5997,2.3625,2.232,0.9271,0.9271,549466.5855,116241.3941,81905.1221,183587775.5473,38838574.5967
002594.SZ,20250718,329.11,1.1774,1.671,0.89,44.9231,40.3285,8.4707,2.327,2.1986,0.9413,0.9413,549466.5855,116241.3941,81905.1221,180834947.9539,38256205.2123
002594.SZ,20250717,328.02,1.3497,1.9155,0.95,44.7743,40.1949,8.4427,2.3193,2.1913,0.9444,0.9444,549466.5855,116241.3941,81905.1221,180236029.3757,38129502.0927
002594.SZ,20250716,323.72,0.9528,1.3523,0.66,44.1874,39.668,8.332,2.2889,2.1625,0.9569,0.9569,549466.5855,116241.3941,81905.1221,177873323.0581,37629664.0981
002594.SZ,20250715,323.05,1.4005,1.9876,1.03,44.0959,39.5859,8.3148,2.2842,2.1581,0.9589,0.9589,549466.5855,116241.3941,81905.1221,177505180.4458,37551782.364
002594.SZ,20250714,318.49,1.4823,2.1038,1.22,43.4735,39.0271,8.1974,2.252,2.1276,0.9726,0.9726,549466.5855,116241.3941,81905.1221,174999612.8159,37021721.6069
002594.SZ,20250711,323.91,1.4476,2.0544,1.31,44.2133,39.6913,8.3369,2.2903,2.1638,0.9564,0.9564,549466.5855,116241.3941,81905.1221,177977721.7093,37651749.9629
002594.SZ,20250710,321.23,1.8068,2.5642,1.89,43.8475,39.3629,8.2679,2.2713,2.1459,0.9643,0.9643,549466.5855,116241.3941,81905.1221,176505151.2602,37340223.0267
002594.SZ,20250709,325.8,1.0464,1.485,1.16,44.4713,39.9229,8.3855,2.3036,2.1764,0.9508,0.9508,549466.5855,116241.3941,81905.1221,179016213.5559,37871446.1978
002594.SZ,20250708,326.88,1.0058,1.4275,1.17,44.6187,40.0552,8.4133,2.3113,2.1837,0.9477,0.9477,549466.5855,116241.3941,81905.1221,179609637.4682,37996986.9034
002594.SZ,20250707,328.59,0.7588,1.0769,0.8,44.8521,40.2647,8.4573,2.3234,2.1951,0.9427,0.9427,549466.5855,116241.3941,81905.1221,180549225.3294,38195759.6873
002594.SZ,20250704,331.0,0.8956,1.271,0.89,45.1811,40.56,8.5194,2.3404,2.2112,0.9359,0.9359,549466.5855,116241.3941,81905.1221,181873439.8005,38475901.4471
002594.SZ,20250703,334.56,1.0624,1.5078,0.92,45.667,40.9963,8.611,2.3656,2.235,0.9259,0.9259,549466.5855,116241.3941,81905.1221,183829540.8449,38889720.8101
002594.SZ,20250702,330.66,0.8024,1.1388,0.66,45.1347,40.5184,8.5106,2.338,2.2089,0.9368,0.9368,549466.5855,116241.3941,81905.1221,181686621.1614,38436379.3731
002594.SZ,20250701,331.34,0.7615,1.0807,0.58,45.2275,40.6017,8.5281,2.3428,2.2134,0.9349,0.9349,549466.5855,116241.3941,81905.1221,182060258.4396,38515423.5211
002594.SZ,20250630,331.91,1.2388,1.7582,1.02,45.3053,40.6716,8.5428,2.3468,2.2173,0.9333,0.9333,549466.5855,116241.3941,81905.1221,182373454.3933,38581681.1157
002594.SZ,20250627,334.24,1.1925,1.6924,1.08,45.6233,40.9571,8.6028,2.3633,2.2328,0.9268,0.9268,549466.5855,116241.3941,81905.1221,183653711.5375,38852523.564
002594.SZ,20250626,337.44,1.763,2.5021,1.9,46.0601,41.3492,8.6851,2.3859,2.2542,0.918,0.918,549466.5855,116241.3941,81905.1221,185412004.6111,39224496.0251
002594.SZ,20250625,349.27,1.0817,1.5352,1.22,47.6749,42.7988,8.9896,2.4696,2.3332,0.8869,0.8869,549466.5855,116241.3941,81905.1221,191912194.3176,40599631.7173
002594.SZ,20250624,343.38,1.2449,1.7668,1.64,46.8709,42.0771,8.838,2.4279,2.2939,0.9021,0.9021,549466.5855,116241.3941,81905.1221,188675836.129,39914969.9061
002594.SZ,20250623,338.2,0.8138,1.1549,1.05,46.1639,41.4423,8.7047,2.3913,2.2593,0.916,0.916,549466.5855,116241.3941,81905.1221,185829599.2161,39312839.4846
002594.SZ,20250620,340.25,0.6326,0.8978,0.63,46.4437,41.6935,8.7575,2.4058,2.273,0.9104,0.9104,549466.5855,116241.3941,81905.1221,186956005.7164,39551134.3425
002594.SZ,20250619,340.5,0.8636,1.2256,0.8,46.4778,41.7242,8.7639,2.4076,2.2746,0.9098,0.9098,549466.5855,116241.3941,81905.1221,187093372.3628,39580194.6911
002594.SZ,20250618,346.95,0.8852,1.2563,0.71,47.3582,42.5145,8.9299,2.4532,2.3177,0.8929,0.8929,549466.5855,116241.3941,81905.1221,190637431.8392,40329951.683
002594.SZ,20250617,343.74,0.6026,0.8552,0.42,46.9201,42.1212,8.8473,2.4305,2.2963,0.9012,0.9012,549466.5855,116241.3941,81905.1221,188873644.0998,39956816.8079
002594.SZ,20250616,344.43,0.8799,1.2488,0.52,47.0142,42.2057,8.865,2.4354,2.3009,0.8994,0.8994,549466.5855,116241.3941,81905.1221,189252776.0438,40037023.3699
002594.SZ,20250613,346.0,1.8086,2.5669,1.22,47.2285,42.3981,8.9055,2.4465,2.3114,0.8953,0.8953,549466.5855,116241.3941,81905.1221,190115438.583,40219522.3586
002594.SZ,20250612,353.24,1.2392,1.7587,0.87,48.2168,43.2853,9.0918,2.4977,2.3597,0.877,0.877,549466.5855,116241.3941,81905.1221,194093576.662,41061110.0519
002594.SZ,20250611,361.99,1.7473,2.4798,1.32,49.4112,44.3575,9.317,2.5595,2.4182,0.8558,0.8558,549466.5855,116241.3941,81905.1221,198901409.2851,42078222.2503
002594.SZ,20250610,353.13,1.4778,2.0974,1.1,26.6601,23.9334,4.9147,1.381,1.3048,0.8772,0.8772,303906.5855,116241.3941,81905.1221,107318532.5376,41048323.4985
002594.SZ,20250609,348.14,2.1945,3.1145,1.78,26.2834,23.5952,4.8453,1.3615,1.2863,0.8898,0.8898,303906.5855,116241.3941,81905.1221,105802038.676,40468278.942
002594.SZ,20250606,359.96,0.7717,1.0951,0.55,27.1758,24.3963,5.0098,1.4077,1.33,0.8606,0.8606,303906.5855,116241.3941,81905.1221,109394214.5166,41842252.2202
002594.SZ,20250605,360.75,0.9344,1.3261,0.61,27.2354,24.4498,5.0208,1.4108,1.3329,0.8587,0.8587,303906.5855,116241.3941,81905.1221,109634300.7191,41934082.9216
002594.SZ,20250604,360.52,1.2638,1.7936,0.76,27.218,24.4342,5.0176,1.4099,1.3321,0.8593,0.8593,303906.5855,116241.3941,81905.1221,109564402.2045,41907347.4009
002594.SZ,20250603,356.0,1.5648,2.2208,0.83,26.8768,24.1279,4.9547,1.3922,1.3154,0.8702,0.8702,303906.5855,116241.3941,81905.1221,108190744.438,41381936.2996
002594.SZ,20250530,352.3,1.6393,2.3266,0.83,26.5974,23.8771,4.9032,1.3778,1.3017,0.8793,0.8793,303906.5855,116241.3941,81905.1221,107066290.0717,40951843.1414
002594.SZ,20250529,361.13,1.6523,2.3449,0.87,27.2641,24.4756,5.0261,1.4123,1.3343,0.8578,0.8578,303906.5855,116241.3941,81905.1221,109749785.2216,41978254.6513
002594.SZ,20250528,362.88,1.5292,2.1702,0.79,27.3962,24.5942,5.0504,1.4191,1.3408,0.8537,0.8537,303906.5855,116241.3941,81905.1221,110281621.7462,42181677.091
002594.SZ,20250527,372.41,1.981,2.8115,1.08,28.1157,25.2401,5.1831,1.4564,1.376,0.8318,0.8318,303906.5855,116241.3941,81905.1221,113177851.5061,43289457.5768
002594.SZ,20250526,381.0,2.663,3.7794,1.69,28.7642,25.8223,5.3026,1.49,1.4077,0.8131,0.8131,303906.5855,116241.3941,81905.1221,115788409.0755,44287971.1521
002594.SZ,20250523,405.0,2.0266,2.8762,1.3,30.5761,27.4489,5.6366,1.5839,1.4964,0.7649,0.7649,303906.5855,116241.3941,81905.1221,123082167.1275,47077764.6105
002594.SZ,20250522,398.8,1.2591,1.787,0.75,30.108,27.0287,5.5503,1.5596,1.4735,0.7768,0.7768,303906.5855,116241.3941,81905.1221,121197946.2974,46357067.9671
002594.SZ,20250521,400.0,1.7161,2.4355,1.1,30.1986,27.11,5.567,1.5643,1.4779,0.7744,0.7744,303906.5855,116241.3941,81905.1221,121562634.2,46496557.64
002594.SZ,20250520,394.8,1.4805,2.1012,0.99,29.8061,26.7576,5.4947,1.544,1.4587,0.7846,0.7846,303906.5855,116241.3941,81905.1221,119982319.9554,45892102.3907
002594.SZ,20250519,382.81,1.3883,1.9702,0.93,28.9008,25.9449,5.3278,1.4971,1.4144,0.8092,0.8092,303906.5855,116241.3941,81905.1221,116338479.9953,44498368.0754
002594.SZ,20250516,389.17,1.9729,2.7999,1.47,29.381,26.376,5.4163,1.522,1.4379,0.796,0.796,303906.5855,116241.3941,81905.1221,118271325.879,45237663.3419
002594.SZ,20250515,376.8,1.7963,2.5493,1.59,28.4471,25.5376,5.2442,1.4736,1.3922,0.8221,0.8221,303906.5855,116241.3941,81905.1221,114512001.4164,43799757.2969
002594.SZ,20250514,373.1,1.1673,1.6567,1.08,28.1678,25.2868,5.1927,1.4591,1.3785,0.8303,0.8303,303906.5855,116241.3941,81905.1221,113387547.0501,43369664.1387
002594.SZ,20250513,366.5,1.1336,1.6088,1.02,27.6695,24.8395,5.1008,1.4333,1.3542,0.8452,0.8452,303906.5855,116241.3941,81905.1221,111381763.5858,42602470.9377
002594.SZ,20250512,370.28,1.3882,1.9702,1.31,27.9549,25.0957,5.1534,1.4481,1.3681,0.8366,0.8366,303906.5855,116241.3941,81905.1221,112530530.4789,43041863.4073
002594.SZ,20250509,363.22,1.2364,1.7548,1.22,27.4219,24.6172,5.0552,1.4205,1.342,0.8529,0.8529,303906.5855,116241.3941,81905.1221,110384949.9853,42221199.165
002594.SZ,20250508,359.28,0.7173,1.018,0.61,27.1244,24.3502,5.0003,1.4051,1.3275,0.8622,0.8622,303906.5855,116241.3941,81905.1221,109187558.0384,41763208.0722
002594.SZ,20250507,359.2,0.9363,1.3289,0.76,27.1184,24.3448,4.9992,1.4047,1.3272,0.8624,0.8624,303906.5855,116241.3941,81905.1221,109163245.5116,41753908.7607
002594.SZ,20250506,359.96,1.2757,1.8106,1.04,27.1758,24.3963,5.0098,1.4077,1.33,0.8606,0.8606,303906.5855,116241.3941,81905.1221,109394214.5166,41842252.2202
002594.SZ,20250430,353.09,1.1225,1.5931,0.78,26.6571,23.9307,4.9142,1.3809,1.3046,0.8773,0.8773,303906.5855,116241.3941,81905.1221,107306376.2742,41043673.8428
002594.SZ,20250429,355.0,1.0236,1.4527,0.72,26.8013,24.0601,4.9407,1.3883,1.3117,0.8726,0.8726,303906.5855,116241.3941,81905.1221,107886837.8525,41265694.9055
002594.SZ,20250428,360.0,1.5466,2.195,1.25,27.1788,24.399,5.0103,1.4079,1.3301,0.8605,0.8605,303906.5855,116241.3941,81905.1221,109406370.78,41846901.876
002594.SZ,20250425,370.83,1.1517,1.6344,1.01,27.9964,27.9964,6.6154,1.4502,1.4502,0.8354,0.8354,303906.5855,116241.3941,81905.1221,112697679.101,43105796.1741
002594.SZ,20250424,366.0,1.2981,1.8423,1.27,27.6318,27.6318,6.5292,1.4313,1.4313,0.8464,0.8464,303906.5855,116241.3941,81905.1221,111229810.293,42544350.2406
002594.SZ,20250423,371.99,2.1329,3.027,2.59,28.084,28.084,6.6361,1.4548,1.4548,0.8328,0.8328,303906.5855,116241.3941,81905.1221,113050210.7401,43240636.1913
002594.SZ,20250422,354.84,0.9646,1.3689,1.16,26.7892,26.7892,6.3301,1.3877,1.3877,0.873,0.873,303906.5855,116241.3941,81905.1221,107838212.7988,41247096.2824
002594.SZ,20250421,348.76,0.6448,0.9151,0.68,26.3302,26.3302,6.2217,1.3639,1.3639,0.8882,0.8882,303906.5855,116241.3941,81905.1221,105990460.759,40540348.6063
002594.SZ,20250418,346.0,0.6354,0.9018,0.55,26.1218,26.1218,6.1724,1.3531,1.3531,0.8953,0.8953,303906.5855,116241.3941,81905.1221,105151678.583,40219522.3586
002594.SZ,20250417,349.68,0.7337,1.0413,0.54,26.3996,26.3996,6.2381,1.3675,1.3675,0.8859,0.8859,303906.5855,116241.3941,81905.1221,106270054.8176,40647290.6889
002594.SZ,20250416,352.15,1.1341,1.6095,0.76,26.5861,26.5861,6.2822,1.3772,1.3772,0.8797,0.8797,303906.5855,116241.3941,81905.1221,107020704.0838,40934406.9323
002594.SZ,20250415,359.97,1.0024,1.4226,0.57,27.1765,27.1765,6.4217,1.4078,1.4078,0.8606,0.8606,303906.5855,116241.3941,81905.1221,109397253.5824,41843414.6342
002594.SZ,20250414,359.0,1.2222,1.7346,0.61,27.1033,27.1033,6.4044,1.404,1.404,0.8629,0.8629,303906.5855,116241.3941,81905.1221,109102464.1945,41730660.4819
002594.SZ,20250411,354.98,1.6341,2.3191,0.89,26.7998,26.7998,6.3326,1.3882,1.3882,0.8727,0.8727,303906.5855,116241.3941,81905.1221,107880759.7208,41263370.0776
002594.SZ,20250410,336.4,1.8143,2.5749,1.08,25.3971,25.3971,6.0012,1.3156,1.3156,0.9209,0.9209,303906.5855,116241.3941,81905.1221,102234175.3622,39103604.9752
002594.SZ,20250409,324.6,1.8233,2.5876,1.15,24.5062,24.5062,5.7907,1.2694,1.2694,0.9543,0.9543,303906.5855,116241.3941,81905.1221,98648077.6533,37731956.5249
002594.SZ,20250408,327.51,2.3627,3.3532,1.8,24.7259,24.7259,5.8426,1.2808,1.2808,0.9459,0.9459,303906.5855,116241.3941,81905.1221,99532445.8171,38070218.9817
002594.SZ,20250407,321.76,2.3528,3.3392,2.27,24.2918,24.2918,5.74,1.2583,1.2583,0.9628,0.9628,303906.5855,116241.3941,81905.1221,97784982.9505,37401830.9656
002594.SZ,20250403,357.51,0.8691,1.2334,0.78,26.9908,26.9908,6.3778,1.3981,1.3981,0.8665,0.8665,303906.5855,116241.3941,81905.1221,108649643.3821,41557460.8047
002594.SZ,20250402,360.5,1.0074,1.4297,0.9,27.2165,27.2165,6.4311,1.4098,1.4098,0.8593,0.8593,303906.5855,116241.3941,81905.1221,109558324.0728,41905022.5731
002594.SZ,20250401,365.5,1.3254,1.8811,1.25,27.594,27.594,6.5203,1.4294,1.4294,0.8475,0.8475,303906.5855,116241.3941,81905.1221,111077857.0003,42486229.5436
002594.SZ,20250331,374.9,0.9961,1.4136,0.89,28.3037,28.3037,6.688,1.4661,1.4661,0.8263,0.8263,303906.5855,116241.3941,81905.1221,113934578.904,43578898.6481
002594.SZ,20250328,382.5,0.9888,1.4033,0.7,28.8774,28.8774,6.8236,1.4959,1.4959,0.8099,0.8099,303906.5855,116241.3941,81905.1221,116244268.9538,44462333.2433
002594.SZ,20250327,386.5,1.2422,1.7629,0.87,29.1794,29.1794,6.8949,1.5115,1.5115,0.8015,0.8015,303906.5855,116241.3941,81905.1221,117459895.2958,44927298.8197
002594.SZ,20250326,376.01,1.0341,1.4676,0.67,28.3875,28.3875,6.7078,1.4705,1.4705,0.8239,0.8239,303906.5855,116241.3941,81905.1221,114271915.2139,43707926.5955
002594.SZ,20250325,369.59,1.0589,1.5028,0.65,27.9028,27.9028,6.5933,1.4454,1.4454,0.8382,0.8382,303906.5855,116241.3941,81905.1221,112320834.9349,42961656.8454
002594.SZ,20250324,375.36,1.2723,1.8056,0.79,37.9731,33.6383,7.3377,1.8939,1.6719,0.8253,0.8253,303906.5855,116245.7516,81909.4796,114074375.9333,43634005.3206
002594.SZ,20250321,372.0,2.4268,3.4441,1.6,37.6332,33.3372,7.2721,1.877,1.657,0.8327,0.8327,303906.5855,116245.7516,81909.4796,113053249.806,43243419.5952
002594.SZ,20250320,399.99,1.3713,1.9462,0.97,40.4648,35.8456,7.8192,2.0182,1.7816,0.7745,0.7745,303906.5855,116245.7516,81909.4796,121559595.1341,46497138.1825
002594.SZ,20250319,397.07,1.6203,2.2995,1.23,40.1694,35.5839,7.7621,2.0035,1.7686,0.7802,0.7802,303906.5855,116245.7516,81909.4796,120672187.9045,46157700.5878
002594.SZ,20250318,384.57,1.4911,2.1162,1.27,38.9049,34.4637,7.5178,1.9404,1.713,0.8055,0.8055,303906.5855,116245.7516,81909.4796,116873355.5857,44704628.6928
002594.SZ,20250317,380.25,1.1447,1.6246,1.02,38.4678,34.0765,7.4333,1.9186,1.6937,0.8147,0.8147,303906.5855,116245.7516,81909.4796,115560479.1364,44202447.0459
002594.SZ,20250314,375.94,1.9329,2.7432,2.19,38.0318,33.6903,7.3491,1.8969,1.6745,0.824,0.824,303906.5855,116245.7516,81909.4796,114250641.7529,43701427.8565
002594.SZ,20250313,354.5,0.8793,1.2479,0.97,35.8628,31.7689,6.93,1.7887,1.579,0.8738,0.8738,303906.5855,116245.7516,81909.4796,107734884.5598,41209118.9422
002594.SZ,20250312,351.0,1.1141,1.5811,1.21,35.5088,31.4553,6.8615,1.771,1.5634,0.8826,0.8826,303906.5855,116245.7516,81909.4796,106671211.5105,40802258.8116
002594.SZ,20250311,350.38,0.8204,1.1643,0.68,33.9321,30.0586,6.5569,1.6924,1.494,0.8841,0.8841,290926.5855,116245.7516,81909.4796,101934857.0275,40730186.4456
002594.SZ,20250310,351.0,0.8532,1.2108,0.66,33.9922,30.1118,6.5685,1.6954,1.4967,0.8826,0.8826,290926.5855,116245.7516,81909.4796,102115231.5105,40802258.8116
002594.SZ,20250307,356.4,0.7534,1.0693,0.48,34.5151,30.5751,6.6695,1.7215,1.5197,0.8692,0.8692,290926.5855,116245.7516,81909.4796,103686235.0722,41429985.8702
002594.SZ,20250306,358.93,0.9859,1.3991,0.6,34.7601,30.7921,6.7169,1.7337,1.5305,0.8631,0.8631,290926.5855,116245.7516,81909.4796,104422279.3335,41724087.6218
002594.SZ,20250305,353.96,1.1963,1.6978,0.72,34.2788,30.3657,6.6239,1.7097,1.5093,0.8752,0.8752,290926.5855,116245.7516,81909.4796,102976374.2036,41146346.2363
002594.SZ,20250304,344.84,2.2663,3.2164,1.53,33.3956,29.5833,6.4532,1.6656,1.4704,0.8983,0.8983,290926.5855,116245.7516,81909.4796,100323123.7438,40086184.9817
002594.SZ,20250303,360.21,1.3082,1.8567,0.84,34.8841,30.9019,6.7408,1.7399,1.5359,0.86,0.86,290926.5855,116245.7516,81909.4796,104794665.363,41872882.1838
002594.SZ,20250228,361.82,2.0586,2.9216,1.32,35.04,31.04,6.771,1.7476,1.5428,0.8562,0.8562,290926.5855,116245.7516,81909.4796,105263057.1656,42060037.8439
002594.SZ,20250227,375.5,1.4491,2.0565,0.94,36.3648,32.2136,7.027,1.8137,1.6011,0.825,0.825,290926.5855,116245.7516,81909.4796,109242932.8553,43650279.7258
002594.SZ,20250226,372.1,1.1917,1.6912,0.75,36.0356,31.9219,6.9633,1.7973,1.5866,0.8325,0.8325,290926.5855,116245.7516,81909.4796,108253782.4646,43255044.1704
002594.SZ,20250225,372.49,1.3859,1.9668,0.8,36.0733,31.9554,6.9706,1.7992,1.5883,0.8316,0.8316,290926.5855,116245.7516,81909.4796,108367243.8329,43300380.0135
002594.SZ,20250224,376.28,1.7154,2.4345,0.96,36.4404,32.2805,7.0416,1.8175,1.6044,0.8233,0.8233,290926.5855,116245.7516,81909.4796,109469855.5919,43740951.412
002594.SZ,20250221,383.0,2.0585,2.9214,1.14,37.0912,32.857,7.1673,1.8499,1.6331,0.8088,0.8088,290926.5855,116245.7516,81909.4796,111424882.2465,44522122.8628
002594.SZ,20250220,362.78,1.35,1.916,0.72,35.133,31.1224,6.7889,1.7523,1.5469,0.8539,0.8539,290926.5855,116245.7516,81909.4796,105542346.6877,42171633.7654
002594.SZ,20250219,358.5,1.3929,1.9768,0.67,34.7185,30.7552,6.7088,1.7316,1.5286,0.8641,0.8641,290926.5855,116245.7516,81909.4796,104297180.9018,41674101.9486
002594.SZ,20250218,356.22,2.1661,3.0741,1.02,34.4977,30.5596,6.6662,1.7206,1.5189,0.8696,0.8696,290926.5855,116245.7516,81909.4796,103633868.2868,41409061.635
002594.SZ,20250217,348.5,1.9959,2.8326,0.91,33.7501,29.8973,6.5217,1.6833,1.486,0.8889,0.8889,290926.5855,116245.7516,81909.4796,101387915.0468,40511644.4326
002594.SZ,20250214,356.05,2.0959,2.9746,0.8,34.4812,30.545,6.663,1.7198,1.5182,0.87,0.87,290926.5855,116245.7516,81909.4796,103584410.7673,41389299.8572
002594.SZ,20250213,341.3,1.7191,2.4398,0.59,33.0528,29.2797,6.387,1.6485,1.4553,0.9076,0.9076,290926.5855,116245.7516,81909.4796,99293243.6312,39674675.0211
002594.SZ,20250212,345.05,2.4032,3.4106,0.89,33.4159,29.6014,6.4571,1.6666,1.4713,0.8978,0.8978,290926.5855,116245.7516,81909.4796,100384218.3268,40110596.5896
002594.SZ,20250211,329.9,2.4118,3.4228,1.04,31.9488,28.3017,6.1736,1.5935,1.4067,0.939,0.939,290926.5855,116245.7516,81909.4796,95976680.5565,38349473.4528
002594.SZ,20250210,330.13,2.346,3.3294,1.19,31.971,28.3214,6.1779,1.5946,1.4077,0.9383,0.9383,290926.5855,116245.7516,81909.4796,96043593.6711,38376209.9757
002594.SZ,20250207,326.9,4.19,5.9465,3.23,31.6582,28.0443,6.1175,1.579,1.3939,0.9476,0.9476,290926.5855,116245.7516,81909.4796,95103900.8,38000736.198
002594.SZ,20250206,311.08,3.2815,4.6571,4.2,30.1262,26.6871,5.8214,1.5026,1.3264,0.9958,0.9958,290926.5855,116245.7516,81909.4796,90501442.2173,36161728.4077
002594.SZ,20250205,282.8,1.2504,1.7745,1.89,27.3874,24.261,5.2922,1.366,1.2058,1.0954,1.0954,290926.5855,116245.7516,81909.4796,82274038.3794,32874298.5525
002594.SZ,20250127,274.5,0.5455,0.7741,0.69,26.5836,23.549,5.1369,1.3259,1.1705,1.1285,1.1285,290926.5855,116245.7516,81909.4796,79859347.7198,31909458.8142
002594.SZ,20250124,279.08,0.5862,0.8319,0.72,27.0272,23.9419,5.2226,1.348,1.19,1.11,1.11,290926.5855,116245.7516,81909.4796,81191791.4813,32441864.3565
002594.SZ,20250123,277.11,0.8273,1.1741,1.06,26.8364,23.7729,5.1857,1.3385,1.1816,1.1179,1.1179,290926.5855,116245.7516,81909.4796,80618666.1079,32212860.2259
002594.SZ,20250122,282.5,0.6973,0.9896,0.94,27.3584,24.2353,5.2866,1.3645,1.2046,1.0966,1.0966,290926.5855,116245.7516,81909.4796,82186760.4038,32839424.827
002594.SZ,20250121,286.05,0.6576,0.9332,0.79,27.7022,24.5398,5.353,1.3817,1.2197,1.0829,1.0829,290926.5855,116245.7516,81909.4796,83219549.7823,33252097.2452
002594.SZ,20250120,284.43,1.1682,1.6579,1.64,27.5453,24.4009,5.3227,1.3738,1.2128,1.0891,1.0891,290926.5855,116245.7516,81909.4796,82748248.7138,33063779.1276
002594.SZ,20250117,276.6,0.741,1.0517,1.05,26.787,23.7291,5.1762,1.336,1.1794,1.1199,1.1199,290926.5855,116245.7516,81909.4796,80470293.5493,32153574.8926
002594.SZ,20250116,272.76,0.6243,0.886,0.9,26.4151,23.3997,5.1043,1.3175,1.163,1.1357,1.1357,290926.5855,116245.7516,81909.4796,79353135.461,31707191.2064
002594.SZ,20250115,274.69,0.5362,0.761,0.7,26.602,23.5653,5.1404,1.3268,1.1713,1.1277,1.1277,290926.5855,116245.7516,81909.4796,79914623.771,31931545.507
002594.SZ,20250114,276.3,1.0821,1.5357,1.5,26.7579,23.7034,5.1706,1.3346,1.1781,1.1212,1.1212,290926.5855,116245.7516,81909.4796,80383015.5737,32118701.1671
002594.SZ,20250113,266.0,0.5782,0.8206,0.78,25.7604,22.8198,4.9778,1.2848,1.1342,1.1646,1.1646,290926.5855,116245.7516,81909.4796,77386471.743,30921369.9256
002594.SZ,20250110,266.02,0.6929,0.9834,0.89,25.7624,22.8215,4.9782,1.2849,1.1343,1.1645,1.1645,290926.5855,116245.7516,81909.4796,77392290.2747,30923694.8406
002594.SZ,20250109,269.39,0.5644,0.801,0.59,26.0887,23.1106,5.0413,1.3012,1.1487,1.1499,1.1499,290926.5855,116245.7516,81909.4796,78372712.8678,31315443.0235
002594.SZ,20250108,269.18,0.9384,1.3317,1.04,26.0684,23.0926,5.0373,1.3002,1.1478,1.1508,1.1508,290926.5855,116245.7516,81909.4796,78311618.2849,31291031.4157
002594.SZ,20250107,274.03,0.8234,1.1686,0.94,26.5381,23.5087,5.1281,1.3236,1.1685,1.1305,1.1305,290926.5855,116245.7516,81909.4796,79722612.2246,31854823.3109
002594.SZ,20250106,271.28,0.7092,1.0066,0.81,26.2718,23.2727,5.0766,1.3103,1.1567,1.1419,1.1419,290926.5855,116245.7516,81909.4796,78922564.1144,31535147.494
002594.SZ,20250103,270.73,0.8548,1.2131,1.04,26.2185,23.2255,5.0663,1.3077,1.1544,1.1442,1.1442,290926.5855,116245.7516,81909.4796,78762554.4924,31471212.3307
002594.SZ,20250102,271.1,1.452,2.0606,2.16,26.2544,23.2573,5.0733,1.3095,1.156,1.1427,1.1427,290926.5855,116245.7516,81909.4796,78870197.3291,31514223.2588
002594.SZ,20241231,282.66,0.6677,0.9476,0.85,27.3739,24.249,5.2896,1.3653,1.2053,0.4044,1.0959,290926.5855,116245.7516,81909.4796,82233308.6574,32858024.1473
002594.SZ,20241230,284.99,0.7135,1.0127,0.91,27.5995,24.4489,5.3332,1.3765,1.2152,0.4011,1.087,290926.5855,116245.7516,81909.4796,82911167.6016,33128876.7485
002594.SZ,20241227,286.28,0.6769,0.9606,0.83,27.7244,24.5596,5.3573,1.3828,1.2207,0.3993,1.0821,290926.5855,116245.7516,81909.4796,83286462.8969,33278833.768
002594.SZ,20241226,284.86,0.5816,0.8254,0.69,27.5869,24.4377,5.3308,1.3759,1.2146,0.4013,1.0875,290926.5855,116245.7516,81909.4796,82873347.1455,33113764.8008
002594.SZ,20241225,285.92,0.7174,1.0181,0.85,27.6896,24.5287,5.3506,1.381,1.2192,0.3998,1.0834,290926.5855,116245.7516,81909.4796,83181729.3262,33236985.2975
002594.SZ,20241224,288.42,1.224,1.7371,1.36,27.9317,24.7432,5.3974,1.3931,1.2298,0.3964,1.074,290926.5855,116245.7516,81909.4796,83909045.7899,33527599.6765
002594.SZ,20241223,280.7,0.7012,0.9952,0.79,27.1841,24.0809,5.2529,1.3558,1.1969,0.4073,1.1036,290926.5855,116245.7516,81909.4796,81663092.5499,32630182.4741
002594.SZ,20241220,280.2,0.8319,1.1807,0.91,27.1356,24.038,5.2436,1.3534,1.1948,0.408,1.1056,290926.5855,116245.7516,81909.4796,81517629.2571,32572059.5983
002594.SZ,20241219,285.4,0.7461,1.0588,0.8,27.6392,24.4841,5.3409,1.3785,1.2169,0.4006,1.0854,290926.5855,116245.7516,81909.4796,83030447.5017,33176537.5066
002594.SZ,20241218,284.65,0.7235,1.0268,0.76,27.5666,24.4197,5.3268,1.3749,1.2137,0.4016,1.0883,290926.5855,116245.7516,81909.4796,82812252.5626,33089353.1929
002594.SZ,20241217,282.8,1.5113,2.1448,1.59,27.3874,24.261,5.2922,1.366,1.2058,0.4042,1.0954,290926.5855,116245.7516,81909.4796,82274038.3794,32874298.5525
002594.SZ,20241216,274.95,0.615,0.8728,0.62,26.6272,23.5876,5.1453,1.328,1.1724,0.4158,1.1267,290926.5855,116245.7516,81909.4796,79990264.6832,31961769.4024
002594.SZ,20241213,276.51,0.9666,1.3717,0.96,26.7783,23.7214,5.1745,1.3356,1.179,0.4134,1.1203,290926.5855,116245.7516,81909.4796,80444110.1566,32143112.7749
002594.SZ,20241212,283.68,0.8614,1.2225,0.87,27.4726,24.3365,5.3087,1.3702,1.2096,0.403,1.092,290926.5855,116245.7516,81909.4796,82530053.7746,32976594.8139
002594.SZ,20241211,280.77,0.8031,1.1398,0.82,27.1908,24.0869,5.2542,1.3562,1.1972,0.4072,1.1033,290926.5855,116245.7516,81909.4796,81683457.4108,32638319.6767
002594.SZ,20241210,282.55,1.5134,2.1478,1.82,27.3632,24.2396,5.2875,1.3648,1.2048,0.4046,1.0964,290926.5855,116245.7516,81909.4796,82201306.733,32845237.1146
002594.SZ,20241209,280.49,0.7927,1.1251,0.85,27.1637,24.0628,5.249,1.3548,1.196,0.4076,1.1044,290926.5855,116245.7516,81909.4796,81601997.9669,32605770.8663
002594.SZ,20241206,280.28,1.0727,1.5224,1.14,27.1434,24.0448,5.2451,1.3538,1.1951,0.4079,1.1052,290926.5855,116245.7516,81909.4796,81540903.3839,32581359.2584
002594.SZ,20241205,275.26,0.7765,1.102,0.73,26.6572,23.6142,5.1511,1.3295,1.1737,0.4153,1.1254,290926.5855,116245.7516,81909.4796,80080451.9247,31997805.5854
002594.SZ,20241204,279.98,0.7313,1.0379,0.66,27.1143,24.0191,5.2394,1.3523,1.1938,0.4083,1.1064,290926.5855,116245.7516,81909.4796,81453625.4083,32546485.533
002594.SZ,20241203,282.65,0.7867,1.1165,0.71,27.3729,24.2482,5.2894,1.3652,1.2052,0.4045,1.096,290926.5855,116245.7516,81909.4796,82230399.3916,32856861.6897
002594.SZ,20241202,282.4,1.302,1.8479,1.14,27.3487,24.2267,5.2847,1.364,1.2041,0.4048,1.0969,290926.5855,116245.7516,81909.4796,82157667.7452,32827800.2518
002594.SZ,20241129,274.83,1.1012,1.5628,0.96,26.6156,23.5773,5.1431,1.3275,1.1719,0.416,1.1272,290926.5855,116245.7516,81909.4796,79955353.493,31947819.9122
002594.SZ,20241128,274.58,1.3643,1.9362,1.32,26.5914,23.5558,5.1384,1.3263,1.1708,0.4163,1.1282,290926.5855,116245.7516,81909.4796,79882621.8466,31918758.4743
002594.SZ,20241127,281.0,0.9463,1.343,0.92,27.2131,24.1066,5.2585,1.3573,1.1982,0.4068,1.1024,290926.5855,116245.7516,81909.4796,81750370.5255,32665056.1996
002594.SZ,20241126,281.01,0.819,1.1623,0.75,27.2141,24.1075,5.2587,1.3573,1.1982,0.4068,1.1024,290926.5855,116245.7516,81909.4796,81753279.7914,32666218.6571
002594.SZ,20241125,283.0,1.5014,2.1308,1.52,27.4068,24.2782,5.296,1.3669,1.2067,0.404,1.0946,290926.5855,116245.7516,81909.4796,82332223.6965,32897547.7028
002594.SZ,20241122,278.49,1.0765,1.5278,1.04,26.97,23.8913,5.2116,1.3451,1.1875,0.4105,1.1123,290926.5855,116245.7516,81909.4796,81020144.7959,32373279.3631
002594.SZ,20241121,286.0,0.8218,1.1663,0.76,27.6973,24.5355,5.3521,1.3814,1.2195,0.3997,1.0831,290926.5855,116245.7516,81909.4796,83205003.453,33246284.9576
002594.SZ,20241120,288.46,0.912,1.2943,0.79,27.9356,24.7466,5.3981,1.3933,1.23,0.3963,1.0739,290926.5855,116245.7516,81909.4796,83920682.8533,33532249.5065
002594.SZ,20241119,287.99,1.1351,1.6109,0.84,27.89,24.7063,5.3893,1.391,1.228,0.397,1.0757,290926.5855,116245.7516,81909.4796,83783947.3581,33477614.0033
002594.SZ,20241118,288.68,0.9997,1.4187,0.68,27.9569,24.7655,5.4023,1.3944,1.2309,0.396,1.0731,290926.5855,116245.7516,81909.4796,83984686.7021,33557823.5719
002594.SZ,20241115,290.0,1.3182,1.8708,0.89,28.0847,24.8787,5.427,1.4007,1.2365,0.3942,1.0682,290926.5855,116245.7516,81909.4796,84368709.795,33711267.964
002594.SZ,20241114,294.75,1.0717,1.521,0.7,28.5447,25.2862,5.5158,1.4237,1.2568,0.3878,1.051,290926.5855,116245.7516,81909.4796,85750611.0761,34263435.2841
002594.SZ,20241113,300.57,1.2484,1.7717,0.78,29.1083,25.7855,5.6248,1.4518,1.2816,0.3803,1.0306,290926.5855,116245.7516,81909.4796,87443803.8037,34939985.5584
002594.SZ,20241112,300.81,2.121,3.0101,1.45,29.1316,25.8061,5.6292,1.453,1.2826,0.38,1.0298,290926.5855,116245.7516,81909.4796,87513626.1843,34967884.5388
002594.SZ,20241111,299.29,1.5558,2.208,1.02,28.9844,25.6757,5.6008,1.4456,1.2762,0.382,1.035,290926.5855,116245.7516,81909.4796,87071417.7743,34791190.9964
002594.SZ,20241108,297.9,1.4342,2.0354,0.97,28.8498,25.5564,5.5748,1.4389,1.2702,0.3837,1.0399,290926.5855,116245.7516,81909.4796,86667029.8205,34629609.4016
002594.SZ,20241107,301.78,1.2962,1.8395,0.79,29.2255,25.8893,5.6474,1.4576,1.2868,0.3788,1.0265,290926.5855,116245.7516,81909.4796,87795824.9722,35080642.9178
002594.SZ,20241106,300.36,1.5903,2.2569,1.05,29.088,25.7675,5.6208,1.4508,1.2807,0.3806,1.0314,290926.5855,116245.7516,81909.4796,87382709.2208,34915573.9506
002594.SZ,20241105,307.5,1.4437,2.0488,1.01,29.7795,26.38,5.7544,1.4853,1.3112,0.3718,1.0074,290926.5855,116245.7516,81909.4796,89459925.0413,35745568.617
002594.SZ,20241104,306.98,1.8695,2.6532,1.51,29.7291,26.3354,5.7447,1.4828,1.309,0.3724,1.0091,290926.5855,116245.7516,81909.4796,89308643.2168,35685120.8262
002594.SZ,20241101,290.31,1.2305,1.7463,1.0,28.1147,24.9053,5.4328,1.4022,1.2379,0.3938,1.0671,290926.5855,116245.7516,81909.4796,84458897.0365,33747304.147
002594.SZ,20241031,293.19,2.0719,2.9405,2.1,28.3936,25.1524,5.4866,1.4161,1.2502,0.3899,1.0566,290926.5855,116245.7516,81909.4796,85296765.6027,34082091.9116
002594.SZ,20241030,305.55,0.9329,1.324,0.92,29.5906,27.1694,6.2255,1.4758,1.3818,0.3741,1.0138,290926.5855,116245.7516,81909.4796,88892618.1995,35518889.4014
002594.SZ,20241029,305.4,1.0198,1.4473,1.03,29.5761,27.1561,6.2225,1.4751,1.3811,0.3743,1.0143,290926.5855,116245.7516,81909.4796,88848979.2117,35501452.5386
002594.SZ,20241028,305.1,0.9405,1.3347,0.87,29.547,27.1294,6.2164,1.4737,1.3797,0.3747,1.0153,290926.5855,116245.7516,81909.4796,88761701.2361,35466578.8132
002594.SZ,20241025,308.14,1.2028,1.707,1.03,29.8414,27.3997,6.2783,1.4884,1.3935,0.371,1.0053,290926.5855,116245.7516,81909.4796,89646118.056,35819965.898
002594.SZ,20241024,303.68,0.8335,1.1828,0.71,29.4095,27.0031,6.1874,1.4668,1.3733,0.3764,1.0201,290926.5855,116245.7516,81909.4796,88348585.4846,35301509.8459
002594.SZ,20241023,308.88,1.0899,1.5468,0.9,29.9131,27.4655,6.2934,1.4919,1.3968,0.3701,1.0029,290926.5855,116245.7516,81909.4796,89861403.7292,35905987.7542
002594.SZ,20241022,304.75,0.8924,1.2664,0.72,29.5131,27.0983,6.2092,1.472,1.3782,0.3751,1.0165,290926.5855,116245.7516,81909.4796,88659876.9311,35425892.8001
002594.SZ,20241021,306.45,1.3576,1.9267,1.07,29.6778,27.2494,6.2439,1.4802,1.3859,0.373,1.0109,290926.5855,116245.7516,81909.4796,89154452.1265,35623510.5778
002594.SZ,20241018,300.3,1.6439,2.333,1.3,29.0822,26.7026,6.1186,1.4505,1.358,0.3807,1.0316,290926.5855,116245.7516,81909.4796,87365253.6257,34908599.2055
002594.SZ,20241017,289.42,0.8814,1.2509,0.58,28.0285,25.7351,5.8969,1.3979,1.3088,0.395,1.0703,290926.5855,116245.7516,81909.4796,84199972.3754,33643845.4281
002594.SZ,20241016,289.79,1.2931,1.8352,0.71,28.0644,25.768,5.9044,1.3997,1.3105,0.3945,1.069,290926.5855,116245.7516,81909.4796,84307615.212,33686856.3562
002594.SZ,20241015,298.0,1.0508,1.4913,0.44,28.8594,26.4981,6.0717,1.4394,1.3476,0.3836,1.0395,290926.5855,116245.7516,81909.4796,86696122.479,34641233.9768
002594.SZ,20241014,307.0,1.4828,2.1043,0.54,29.731,27.2983,6.2551,1.4829,1.3883,0.3724,1.009,290926.5855,116245.7516,81909.4796,89314461.7485,35687445.7412
002594.SZ,20241011,300.05,1.6037,2.2759,0.54,29.058,26.6803,6.1135,1.4493,1.3569,0.381,1.0324,290926.5855,116245.7516,81909.4796,87292521.9793,34879537.7676
002594.SZ,20241010,315.89,2.1521,3.0542,0.77,30.592,28.0888,6.4362,1.5258,1.4285,0.3619,0.9806,290926.5855,116245.7516,81909.4796,91900799.0936,36720870.4729
002594.SZ,20241009,305.69,2.8037,3.979,1.09,29.6042,27.1818,6.2284,1.4765,1.3824,0.374,1.0134,290926.5855,116245.7516,81909.4796,88933347.9215,35535163.8066
002594.SZ,20241008,327.38,3.8147,5.4138,1.83,31.7047,29.1105,6.6703,1.5813,1.4805,0.3492,0.9462,290926.5855,116245.7516,81909.4796,95243545.561,38056534.1588
002594.SZ,20240930,307.31,3.3447,4.7468,2.09,29.7611,27.3259,6.2614,1.4843,1.3897,0.372,1.008,290926.5855,116245.7516,81909.4796,89404648.99,35723481.9242
002594.SZ,20240927,283.99,2.6661,3.7837,2.19,27.5027,25.2523,5.7862,1.3717,1.2843,0.4025,1.0908,290926.5855,116245.7516,81909.4796,82620241.0161,33012630.9969
002594.SZ,20240926,269.61,1.2823,1.8199,1.15,26.1101,23.9736,5.4933,1.3023,1.2193,0.424,1.149,290926.5855,116245.7516,81909.4796,78436716.7167,31341017.0889
002594.SZ,20240925,262.8,1.7696,2.5114,2.01,25.4505,23.3681,5.3545,1.2694,1.1885,0.435,1.1788,290926.5855,116245.7516,81909.4796,76455506.6694,30549383.5205
002594.SZ,20240924,254.29,1.3462,1.9106,1.9,24.6264,22.6114,5.1811,1.2283,1.15,0.4496,1.2182,290926.5855,116245.7516,81909.4796,73979721.4268,29560132.1744
002594.SZ,20240923,250.0,0.9255,1.3134,1.41,24.2109,22.2299,5.0937,1.2075,1.1306,0.4573,1.2391,290926.5855,116245.7516,81909.4796,72731646.375,29061437.9
002594.SZ,20240920,256.1,0.7733,1.0975,1.0,24.8017,22.7723,5.218,1.237,1.1582,0.4464,1.2096,290926.5855,116245.7516,81909.4796,74506298.5466,29770536.9848
002594.SZ,20240919,255.36,0.7832,1.1115,1.09,24.73,22.7065,5.2029,1.2334,1.1548,0.4477,1.2131,290926.5855,116245.7516,81909.4796,74291012.8733,29684515.1286
002594.SZ,20240918,258.43,0.5748,0.8158,0.79,25.0273,22.9795,5.2655,1.2483,1.1687,0.4424,1.1987,290926.5855,116245.7516,81909.4796,75184157.4908,30041389.586
002594.SZ,20240913,254.99,0.4903,0.6958,0.64,24.6942,22.6736,5.1954,1.2316,1.1531,0.4483,1.2149,290926.5855,116245.7516,81909.4796,74183370.0366,29641504.2005
002594.SZ,20240912,257.01,0.6645,0.9431,0.83,24.8898,22.8532,5.2365,1.2414,1.1623,0.4448,1.2053,290926.5855,116245.7516,81909.4796,74771041.7394,29876320.6187
002594.SZ,20240911,258.1,1.3365,1.8967,1.89,24.9954,22.9502,5.2587,1.2467,1.1672,0.4429,1.2002,290926.5855,116245.7516,81909.4796,75088151.7176,30003028.488
002594.SZ,20240910,249.65,0.5269,0.7478,0.68,24.1771,22.1988,5.0866,1.2058,1.129,0.4579,1.2408,290926.5855,116245.7516,81909.4796,72629822.0701,29020751.8869
002594.SZ,20240909,249.98,0.6095,0.865,0.74,24.209,22.2281,5.0933,1.2074,1.1305,0.4573,1.2392,290926.5855,116245.7516,81909.4796,72725827.8433,29059112.985
002594.SZ,20240906,251.6,0.6722,0.954,0.65,24.3659,22.3722,5.1263,1.2153,1.1378,0.4544,1.2312,290926.5855,116245.7516,81909.4796,73197128.9118,29247431.1026
002594.SZ,20240905,252.85,0.8613,1.2224,0.87,24.487,22.4833,5.1518,1.2213,1.1435,0.4521,1.2251,290926.5855,116245.7516,81909.4796,73560787.1437,29392738.2921
002594.SZ,20240904,250.32,0.8655,1.2283,0.89,24.2419,22.2584,5.1002,1.2091,1.132,0.4567,1.2375,290926.5855,116245.7516,81909.4796,72824742.8824,29098636.5405
002594.SZ,20240903,247.08,0.8759,1.2431,0.99,23.9282,21.9703,5.0342,1.1934,1.1174,0.4627,1.2538,290926.5855,116245.7516,81909.4796,71882140.7453,28722000.3053
002594.SZ,20240902,241.1,0.87,1.2347,1.08,23.349,21.4385,4.9124,1.1645,1.0903,0.4742,1.2848,290926.5855,116245.7516,81909.4796,70142399.7641,28026850.7108
002594.SZ,20240830,249.42,1.6605,2.3566,2.96,24.1548,22.1783,5.0819,1.2047,1.1279,0.4583,1.242,290926.5855,116245.7516,81909.4796,72562908.9554,28994015.3641
002594.SZ,20240829,234.85,0.6829,0.9691,1.29,22.7438,20.8828,5.1111,1.1344,1.0621,0.4868,1.319,290926.5855,116245.7516,81915.6646,68324108.6047,27300314.7633
002594.SZ,20240828,236.85,0.766,1.087,1.35,22.9375,22.6073,5.1546,1.144,1.135,0.4827,1.3079,290926.5855,116247.0566,81915.6646,68905961.7757,27533115.3557
002594.SZ,20240827,240.8,0.4381,0.6217,0.74,23.32,22.9843,5.2406,1.1631,1.154,0.4747,1.2865,290926.5855,116247.0566,81915.6646,70055121.7884,27992291.2293
002594.SZ,20240826,239.41,0.4861,0.6899,0.79,23.1854,22.8516,5.2103,1.1564,1.1473,0.4775,1.2939,290926.5855,116247.0566,81915.6646,69650733.8346,27830707.8206
002594.SZ,20240823,239.34,0.4283,0.6078,0.61,23.1786,22.845,5.2088,1.156,1.147,0.4776,1.2943,290926.5855,116247.0566,81915.6646,69630368.9736,27822570.5266
002594.SZ,20240822,240.52,0.5375,0.7628,0.72,23.2929,22.9576,5.2345,1.1617,1.1526,0.4753,1.2879,290926.5855,116247.0566,81915.6646,69973662.3445,27959742.0534
002594.SZ,20240821,241.0,0.9552,1.3556,1.46,23.3394,23.0034,5.2449,1.1641,1.1549,0.4743,1.2854,290926.5855,116247.0566,81915.6646,70113307.1055,28015540.6406
002594.SZ,20240820,236.48,0.5375,0.7628,0.83,22.9016,22.572,5.1466,1.1422,1.1333,0.4834,1.31,290926.5855,116247.0566,81915.6646,68798318.939,27490103.9448
002594.SZ,20240819,235.42,0.6037,0.8568,0.97,22.799,22.4708,5.1235,1.1371,1.1282,0.4856,1.3158,290926.5855,116247.0566,81915.6646,68489936.7584,27366882.0648
002594.SZ,20240816,235.11,0.8793,1.2479,1.35,22.7689,22.4412,5.1168,1.1356,1.1267,0.4862,1.3176,290926.5855,116247.0566,81915.6646,68399749.5169,27330845.4772
002594.SZ,20240815,231.49,0.7617,1.0809,1.18,22.4184,22.0957,5.038,1.1181,1.1093,0.4938,1.3382,290926.5855,116247.0566,81915.6646,67346595.2774,26910031.1323
002594.SZ,20240814,226.6,0.4846,0.6877,0.7,21.9448,21.6289,4.9315,1.0945,1.0859,0.5045,1.3671,290926.5855,116247.0566,81915.6646,65923964.2743,26341583.0256
002594.SZ,20240813,228.73,0.5199,0.7378,0.64,22.1511,21.8322,4.9779,1.1048,1.0961,0.4998,1.3543,290926.5855,116247.0566,81915.6646,66543637.9014,26589189.2561
002594.SZ,20240812,230.4,0.4626,0.6565,0.52,22.3128,21.9916,5.0142,1.1129,1.1041,0.4962,1.3445,290926.5855,116247.0566,81915.6646,67029485.2992,26783321.8406
002594.SZ,20240809,231.62,1.031,1.4631,1.09,22.431,22.1081,5.0408,1.1188,1.11,0.4936,1.3374,290926.5855,116247.0566,81915.6646,67384415.7335,26925143.2497
002594.SZ,20240808,226.45,0.7343,1.042,0.75,21.9303,21.6146,4.9283,1.0938,1.0852,0.5048,1.368,290926.5855,116247.0566,81915.6646,65880325.2865,26324145.9671
002594.SZ,20240807,228.95,0.7056,1.0013,0.72,22.1724,21.8532,4.9827,1.1059,1.0972,0.4993,1.353,290926.5855,116247.0566,81915.6646,66607641.7502,26614763.6086
002594.SZ,20240806,228.94,1.1106,1.576,1.17,22.1714,21.8523,4.9825,1.1058,1.0971,0.4993,1.3531,290926.5855,116247.0566,81915.6646,66604732.4844,26613601.138
002594.SZ,20240805,231.18,0.9056,1.2851,1.0,22.3883,22.0661,5.0312,1.1166,1.1079,0.4945,1.34,290926.5855,116247.0566,81915.6646,67256408.0359,26873994.5448
002594.SZ,20240802,234.78,1.2531,1.7783,1.44,22.737,22.4097,5.1096,1.134,1.1251,0.4869,1.3194,290926.5855,116247.0566,81915.6646,68303743.7437,27292483.9485
002594.SZ,20240801,244.2,0.8915,1.2651,1.03,23.6493,23.3088,5.3146,1.1795,1.1703,0.4681,1.2685,290926.5855,116247.0566,81915.6646,71044272.1791,28387531.2217
002594.SZ,20240731,247.05,0.7526,1.0681,0.82,23.9253,23.5809,5.3766,1.1933,1.1839,0.4627,1.2539,290926.5855,116247.0566,81915.6646,71873412.9478,28718835.333
002594.SZ,20240730,243.91,0.9496,1.3476,0.93,23.6212,23.2812,5.3083,1.1781,1.1689,0.4687,1.27,290926.5855,116247.0566,81915.6646,70959903.4693,28353819.5753
002594.SZ,20240729,249.1,0.6784,0.9627,0.64,24.1238,23.7765,5.4212,1.2032,1.1937,0.4589,1.2436,290926.5855,116247.0566,81915.6646,72469812.4481,28957141.7991
002594.SZ,20240726,254.95,1.0739,1.524,1.0,24.6903,24.3349,5.1981,1.2314,1.2218,0.4484,0.4484,290926.5855,116247.0566,81915.6646,74171732.9732,29637187.0802
002594.SZ,20240725,250.39,0.8697,1.2342,0.82,24.2487,23.8997,5.1051,1.2094,1.1999,0.4566,0.4566,290926.5855,116247.0566,81915.6646,72845107.7433,29107100.5021
002594.SZ,20240724,249.99,1.0206,1.4483,0.98,24.21,23.8615,5.097,1.2075,1.198,0.4573,0.4573,290926.5855,116247.0566,81915.6646,72728737.1091,29060601.6794
002594.SZ,20240723,253.23,1.4401,2.0437,1.51,24.5238,24.1708,5.163,1.2231,1.2135,0.4514,0.4514,290926.5855,116247.0566,81915.6646,73671339.2462,29437242.1428
002594.SZ,20240722,265.61,0.8667,1.2299,0.91,25.7227,25.3524,5.4154,1.2829,1.2729,0.4304,0.4304,290926.5855,116247.0566,81915.6646,77273010.3747,30876380.7035
002594.SZ,20240719,264.06,1.1718,1.6629,1.12,25.5726,25.2045,5.3838,1.2754,1.2654,0.4329,0.4329,290926.5855,116247.0566,81915.6646,76822074.1671,30696197.7658
002594.SZ,20240718,261.43,0.82,1.1637,0.78,25.3179,24.9534,5.3302,1.2627,1.2528,0.4373,0.4373,290926.5855,116247.0566,81915.6646,76056937.2473,30390468.0069
002594.SZ,20240717,259.51,0.9049,1.2841,0.86,25.1319,24.7702,5.2911,1.2535,1.2436,0.4405,0.4405,290926.5855,116247.0566,81915.6646,75498358.2031,30167273.6583
002594.SZ,20240716,258.99,1.0115,1.4355,0.92,25.0816,24.7205,5.2805,1.251,1.2411,0.4414,0.4414,290926.5855,116247.0566,81915.6646,75347076.3786,30106825.1888
002594.SZ,20240715,261.71,0.8492,1.2051,0.77,25.345,24.9802,5.3359,1.2641,1.2542,0.4368,0.4368,290926.5855,116247.0566,81915.6646,76138396.6912,30423017.1828
002594.SZ,20240712,262.62,1.6247,2.3056,1.71,25.4331,25.067,5.3545,1.2685,1.2585,0.4353,0.4353,290926.5855,116247.0566,81915.6646,76403139.884,30528802.0043
002594.SZ,20240711,253.06,0.8633,1.2252,0.91,24.5073,24.1545,5.1596,1.2223,1.2127,0.4517,0.4517,290926.5855,116247.0566,81915.6646,73621881.7266,29417480.1432
002594.SZ,20240710,252.5,0.9401,1.3341,1.02,24.4531,24.1011,5.1481,1.2196,1.21,0.4527,0.4527,290926.5855,116247.0566,81915.6646,73458962.8388,29352381.7915
002594.SZ,20240709,252.6,1.2109,1.7184,1.41,24.4627,24.1106,5.1502,1.2201,1.2105,0.4526,0.4526,290926.5855,116247.0566,81915.6646,73488055.4973,29364006.4972
002594.SZ,20240708,244.99,0.9065,1.2864,1.01,23.7258,23.3842,4.995,1.1833,1.174,0.4666,0.4666,290926.5855,116247.0566,81915.6646,71274104.1816,28479366.3964
002594.SZ,20240705,242.03,0.8229,1.1678,0.92,23.4391,23.1017,4.9347,1.169,1.1599,0.4723,0.4723,290926.5855,116247.0566,81915.6646,70412961.4886,28135275.1089
002594.SZ,20240704,244.63,0.8533,1.211,0.98,23.6909,23.3499,4.9877,1.1816,1.1723,0.4673,0.4673,290926.5855,116247.0566,81915.6646,71169370.6109,28437517.4561
002594.SZ,20240703,243.1,0.8308,1.1789,0.93,23.5427,23.2038,4.9565,1.1742,1.165,0.4703,0.4703,290926.5855,116247.0566,81915.6646,70724252.9351,28259659.4595
002594.SZ,20240702,243.97,0.8828,1.2528,0.84,23.627,23.2869,4.9742,1.1784,1.1691,0.4686,0.4686,290926.5855,116247.0566,81915.6646,70977359.0644,28360794.3987
002594.SZ,20240701,246.8,1.1121,1.5781,1.09,23.901,23.557,5.0319,1.1921,1.1827,0.4632,0.4632,290926.5855,116247.0566,81915.6646,71800681.3014,28689773.5689
002594.SZ,20240628,250.25,0.7999,1.1351,0.76,24.2352,23.8863,5.1023,1.2087,1.1992,0.4568,0.4568,290926.5855,116247.0566,81915.6646,72804378.0214,29090825.9142
002594.SZ,20240627,249.5,0.7132,1.0121,0.64,24.1625,23.8147,5.087,1.2051,1.1956,0.4582,0.4582,290926.5855,116247.0566,81915.6646,72586183.0823,29003640.6217
002594.SZ,20240626,252.72,0.9627,1.3662,0.88,24.4744,24.1221,5.1526,1.2207,1.2111,0.4524,0.4524,290926.5855,116247.0566,81915.6646,73522966.6876,29377956.144
002594.SZ,20240625,254.01,1.6839,2.3896,1.72,24.5993,24.2452,5.1789,1.2269,1.2173,0.4501,0.4501,290926.5855,116247.0566,81915.6646,73898261.9829,29527914.847
002594.SZ,20240624,249.94,0.9327,1.3236,0.81,24.2051,23.8567,5.0959,1.2072,1.1978,0.4574,0.4574,290926.5855,116247.0566,81915.6646,72714190.7799,29054789.3266
002594.SZ,20240621,250.67,1.0007,1.4201,0.77,24.2758,23.9264,5.1108,1.2108,1.2013,0.4561,0.4561,290926.5855,116247.0566,81915.6646,72926567.1873,29139649.6779
002594.SZ,20240620,251.5,0.9996,1.4185,0.62,24.3562,24.0056,5.1278,1.2148,1.2052,0.4545,0.4545,290926.5855,116247.0566,81915.6646,73168036.2533,29236134.7349
002594.SZ,20240619,254.0,0.8526,1.2099,0.49,24.5983,24.2442,5.1787,1.2269,1.2172,0.4501,0.4501,290926.5855,116247.0566,81915.6646,73895352.717,29526752.3764
002594.SZ,20240618,255.64,1.1079,1.5722,0.58,24.7571,24.4008,5.2122,1.2348,1.2251,0.4472,0.4472,290926.5855,116247.0566,81915.6646,74372472.3172,29717397.5492
002594.SZ,20240617,257.21,1.7949,2.5471,0.96,24.9092,24.5506,5.2442,1.2424,1.2326,0.4445,0.4445,290926.5855,116247.0566,81915.6646,74829227.0565,29899905.4281
002594.SZ,20240614,253.05,1.7429,2.4734,0.96,24.5063,24.1536,5.1594,1.2223,1.2127,0.4518,0.4518,290926.5855,116247.0566,81915.6646,73618972.4608,29416317.6726
002594.SZ,20240613,252.99,2.5164,3.571,1.52,24.5005,24.1478,5.1581,1.222,1.2124,0.4519,0.4519,290926.5855,116247.0566,81915.6646,73601516.8656,29409342.8492
002594.SZ,20240612,242.9,1.6115,2.2869,1.01,23.5234,23.1848,4.9524,1.1732,1.164,0.4706,0.4706,290926.5855,116247.0566,81915.6646,70666067.618,28236410.0481
002594.SZ,20240611,244.63,1.9063,2.7052,1.13,23.6909,23.3499,4.9877,1.1816,1.1723,0.4673,0.4673,290926.5855,116247.0566,81915.6646,71169370.6109,28437517.4561
002594.SZ,20240607,235.5,1.5707,2.229,0.93,22.8067,22.4784,4.8015,1.1375,1.1286,0.4854,0.4854,290926.5855,116247.0566,81915.6646,68513210.8853,27376181.8293
002594.SZ,20240606,238.5,1.5129,2.1469,0.85,23.0972,22.7648,4.8627,1.152,1.1429,0.4793,0.4793,290926.5855,116247.0566,81915.6646,69385990.6418,27724922.9991
002594.SZ,20240605,240.79,1.6726,2.3736,0.85,23.319,22.9834,4.9094,1.163,1.1539,0.4748,0.4748,290926.5855,116247.0566,81915.6646,70052212.5225,27991128.7587
002594.SZ,20240604,238.15,1.3543,1.9218,0.75,23.0633,22.7314,4.8556,1.1503,1.1413,0.48,0.48,290926.5855,116247.0566,81915.6646,69284166.3368,27684236.5293
002594.SZ,20240603,237.1,2.3239,3.2979,1.59,22.9617,22.6311,4.8342,1.1452,1.1362,0.4822,0.4822,290926.5855,116247.0566,81915.6646,68978693.4221,27562177.1199
002594.SZ,20240531,229.02,1.5951,2.2637,1.21,22.1792,21.8599,4.6694,1.1062,1.0975,0.4992,0.4992,290926.5855,116247.0566,81915.6646,66628006.6112,26622900.9025
002594.SZ,20240530,227.86,1.9251,2.732,1.85,22.0668,21.7492,4.6458,1.1006,1.0919,0.5017,0.5017,290926.5855,116247.0566,81915.6646,66290531.772,26488054.3169
002594.SZ,20240529,224.7,2.6035,3.6946,3.87,21.7608,21.4476,4.5813,1.0853,1.0768,0.5088,0.5088,290926.5855,116247.0566,81915.6646,65371203.7619,26120713.618
002594.SZ,20240528,207.38,0.5243,0.744,0.74,20.0835,19.7944,4.2282,1.0017,0.9938,0.5513,0.5513,290926.5855,116247.0566,81915.6646,60332355.301,24107314.5977
002594.SZ,20240527,208.35,0.6542,0.9283,0.92,20.1774,19.887,4.248,1.0064,0.9985,0.5487,0.5487,290926.5855,116247.0566,81915.6646,60614554.0889,24220074.2426
002594.SZ,20240524,209.3,0.885,1.2559,1.35,20.2694,19.9776,4.2674,1.0109,1.003,0.5462,0.5462,290926.5855,116247.0566,81915.6646,60890934.3452,24330508.9464
002594.SZ,20240523,214.95,0.5358,0.7604,0.77,20.8166,20.5169,4.3825,1.0382,1.0301,0.5318,0.5318,290926.5855,116247.0566,81915.6646,62534669.5532,24987304.8162
002594.SZ,20240522,216.92,0.7604,1.0791,1.06,21.0074,20.705,4.4227,1.0478,1.0395,0.527,0.527,290926.5855,116247.0566,81915.6646,63107794.9267,25216311.5177
002594.SZ,20240521,218.78,0.7233,1.0264,1.06,21.1875,20.8825,4.4606,1.0567,1.0484,0.5225,0.5225,290926.5855,116247.0566,81915.6646,63648918.3757,25432531.0429
002594.SZ,20240520,222.87,0.6534,0.9273,0.94,21.5836,21.2729,4.544,1.0765,1.068,0.5129,0.5129,290926.5855,116247.0566,81915.6646,64838808.1104,25907981.5044
002594.SZ,20240517,219.59,0.615,0.8727,0.87,21.2659,20.9598,4.4772,1.0606,1.0523,0.5206,0.5206,290926.5855,116247.0566,81915.6646,63884568.9099,25526691.1588
002594.SZ,20240516,218.31,0.7498,1.064,1.08,21.142,20.8376,4.4511,1.0545,1.0462,0.5237,0.5237,290926.5855,116247.0566,81915.6646,63512182.8805,25377894.9263
002594.SZ,20240515,219.14,0.8579,1.2175,1.26,21.2223,20.9169,4.468,1.0585,1.0502,0.5217,0.5217,290926.5855,116247.0566,81915.6646,63753651.9465,25474379.9833
002594.SZ,20240514,224.91,0.5387,0.7644,0.66,21.7811,21.4676,4.5856,1.0863,1.0778,0.5083,0.5083,290926.5855,116247.0566,81915.6646,65432298.3448,26145125.4999
002594.SZ,20240513,225.7,0.7084,1.0046,0.71,21.8717,21.5569,4.5918,1.0909,1.0823,0.506,0.506,291114.2855,116434.7566,82103.3646,65704494.2374,26279324.5646
002594.SZ,20240510,227.8,0.6923,0.9819,0.65,22.0752,21.7575,4.6345,1.101,1.0924,0.5013,0.5013,291114.2855,116434.7566,82103.3646,66315834.2369,26523837.5535
002594.SZ,20240509,228.15,0.6786,0.9623,0.54,22.1092,21.7909,4.6417,1.1027,1.094,0.5005,0.5005,291114.2855,116434.7566,82103.3646,66417724.2368,26564589.7183
002594.SZ,20240508,226.23,0.7827,1.11,0.51,21.9231,21.6075,4.6026,1.0934,1.0848,0.5048,0.5048,291114.2855,116434.7566,82103.3646,65858784.8087,26341034.9856
002594.SZ,20240507,229.88,1.2384,1.7562,0.86,22.2768,21.9562,4.6769,1.1111,1.1023,0.4968,0.4968,291114.2855,116434.7566,82103.3646,66921351.9507,26766021.8472
002594.SZ,20240506,226.3,1.6042,2.2749,1.28,21.9299,21.6142,4.604,1.0938,1.0852,0.5046,0.5046,291114.2855,116434.7566,82103.3646,65879162.8087,26349185.4186
002594.SZ,20240430,218.5,0.9925,1.4076,0.82,21.174,20.8692,4.4453,1.0561,1.0478,0.5227,0.5227,291114.2855,116434.7566,82094.8131,63608471.3818,25440994.3171
002594.SZ,20240429,221.38,1.6463,2.3348,1.67,21.4531,21.4531,4.6428,1.07,1.07,0.5159,0.5159,291114.2855,116426.2051,82094.8131,64446880.524,25774433.285
002594.SZ,20240426,219.37,2.1769,3.0873,2.92,21.2583,21.2583,4.6007,1.0603,1.0603,0.5206,0.5206,291114.2855,116426.2051,82094.8131,63861740.8101,25540416.6128
002594.SZ,20240425,208.94,0.8133,1.1533,1.0,20.2476,20.2476,4.3819,1.0099,1.0099,0.5466,0.5466,291114.2855,116426.2051,82094.8131,60825418.8124,24326091.2936
002594.SZ,20240424,207.42,0.644,0.9133,0.76,20.1003,20.1003,4.35,1.0025,1.0025,0.5506,0.5506,291114.2855,116426.2051,82094.8131,60382925.0984,24149123.4618
002594.SZ,20240423,205.04,0.7498,1.0634,0.86,19.8697,19.8697,4.3001,0.991,0.991,0.557,0.557,291114.2855,116426.2051,82094.8131,59690073.0989,23872029.0937
002594.SZ,20240422,208.56,0.5557,0.788,0.58,20.2108,20.2108,4.3739,1.008,1.008,0.5476,0.5476,291114.2855,116426.2051,82094.8131,60714795.3839,24281849.3357
002594.SZ,20240419,210.13,0.96,1.3615,1.0,20.3629,20.3629,4.4069,1.0156,1.0156,0.5435,0.5435,291114.2855,116426.2051,82094.8131,61171844.8121,24464638.4777
002594.SZ,20240418,213.6,1.1509,1.6322,1.28,20.6992,20.6992,4.4796,1.0324,1.0324,0.5346,0.5346,291114.2855,116426.2051,82094.8131,62182011.3828,24868637.4094
002594.SZ,20240417,213.0,0.8325,1.1806,0.97,20.641,20.641,4.4671,1.0295,1.0295,0.5362,0.5362,291114.2855,116426.2051,82094.8131,62007342.8115,24798781.6863
002594.SZ,20240416,211.63,0.8445,1.1977,1.01,20.5083,20.5083,4.4383,1.0229,1.0229,0.5396,0.5396,291114.2855,116426.2051,82094.8131,61608516.2404,24639277.7853
002594.SZ,20240415,213.62,0.9734,1.3798,1.13,20.7011,20.7011,4.4801,1.0325,1.0325,0.5346,0.5346,291114.2855,116426.2051,82139.1731,62187833.6685,24870965.9335
002594.SZ,20240412,210.6,0.987,1.3991,1.22,20.4085,20.4085,4.4167,1.0179,1.0179,0.5423,0.5423,291114.2855,116426.2051,82139.1731,61308668.5263,24519358.7941
002594.SZ,20240411,212.98,0.8662,1.2278,1.06,20.6391,20.6391,4.4666,1.0294,1.0294,0.5362,0.5362,291114.2855,116426.2051,82139.1731,62001520.5258,24796453.1622
002594.SZ,20240410,211.84,0.6219,0.8816,0.66,20.5286,20.5286,4.4427,1.0239,1.0239,0.5391,0.5391,291114.2855,116426.2051,82139.1731,61669650.2403,24663727.2884
002594.SZ,20240409,212.08,0.7233,1.0252,0.7,20.5519,20.5519,4.4478,1.025,1.025,0.5385,0.5385,291114.2855,116426.2051,82139.1731,61739517.6688,24691669.5776
002594.SZ,20240408,212.0,1.1014,1.5611,1.01,20.5441,20.5441,4.4461,1.0246,1.0246,0.5387,0.5387,291114.2855,116426.2051,82139.1731,61716228.526,24682355.4812
002594.SZ,20240403,208.16,0.7183,1.0182,0.56,20.172,20.172,4.3656,1.0061,1.0061,0.5486,0.5486,291114.2855,116426.2051,82139.1731,60598349.6697,24235278.8536
002594.SZ,20240402,212.34,0.9241,1.3098,0.7,20.5771,20.5771,4.4532,1.0263,1.0263,0.5378,0.5378,291114.2855,116426.2051,82139.1731,61815207.3831,24721940.3909
002594.SZ,20240401,212.01,1.2275,1.7398,0.99,20.5451,20.5451,4.4463,1.0247,1.0247,0.5387,0.5387,291114.2855,116426.2051,82139.1731,61719139.6689,24683519.7433
002594.SZ,20240329,203.06,1.2143,1.7212,1.03,19.6778,19.6778,4.2586,0.9814,0.9814,0.5624,0.5624,291114.2855,116426.2051,82139.1731,59113666.8136,23641505.2076
002594.SZ,20240328,208.38,1.3694,1.941,1.3,20.1933,20.1933,4.3702,1.0072,1.0072,0.548,0.548,291114.2855,116426.2051,82139.1731,60662394.8125,24260892.6187
002594.SZ,20240327,211.98,1.622,2.2991,1.81,20.5422,20.5422,4.4457,1.0246,1.0246,0.5387,0.5387,291114.2855,116426.2051,82139.1731,61710406.2403,24680026.9571
002594.SZ,20240326,219.6,1.1282,1.6043,1.22,38.4593,22.292,4.9231,1.5075,1.1048,0.52,0.52,291114.2855,116426.2051,81869.3161,63928697.0958,25567194.64
002594.SZ,20240325,214.2,0.8513,1.2106,0.78,37.5135,21.7438,4.802,1.4705,1.0776,0.5331,0.5331,291114.2855,116426.2051,81869.3161,62356679.9541,24938493.1324
002594.SZ,20240322,216.95,0.899,1.2785,0.77,37.9952,22.023,4.8636,1.4893,1.0915,0.5264,0.5264,291114.2855,116426.2051,81869.3161,63157244.2392,25258665.1964
002594.SZ,20240321,218.95,0.7616,1.083,0.56,38.3454,22.226,4.9085,1.5031,1.1015,0.5216,0.5216,291114.2855,116426.2051,81869.3161,63739472.8102,25491517.6066
002594.SZ,20240320,218.48,0.8315,1.1824,0.55,38.2631,22.1783,4.8979,1.4998,1.0992,0.5227,0.5227,291114.2855,116426.2051,81869.3161,63602649.096,25436797.2902
002594.SZ,20240319,216.8,1.2624,1.7952,0.75,37.9689,22.0078,4.8603,1.4883,1.0907,0.5268,0.5268,291114.2855,116426.2051,81869.3161,63113577.0964,25241201.2657
002594.SZ,20240318,218.03,1.6919,2.4061,0.93,38.1843,22.1326,4.8879,1.4968,1.0969,0.5238,0.5238,291114.2855,116426.2051,81869.3161,63471647.6676,25384405.498
002594.SZ,20240315,209.47,1.2594,1.791,0.75,36.6852,21.2637,4.696,1.438,1.0538,0.5452,0.5452,291114.2855,116426.2051,81869.3161,60979709.3837,24387797.1823
002594.SZ,20240314,212.08,1.8153,2.5816,1.22,37.1423,21.5286,4.7545,1.4559,1.067,0.5385,0.5385,291114.2855,116426.2051,81869.3161,61739517.6688,24691669.5776
002594.SZ,20240313,206.36,1.5273,2.1719,1.12,36.1405,20.948,4.6262,1.4166,1.0382,0.5534,0.5534,291114.2855,116426.2051,81869.3161,60074343.9558,24025711.6844
002594.SZ,20240312,205.1,2.1046,2.9929,1.76,35.9198,20.8201,4.598,1.408,1.0318,0.5568,0.5568,291114.2855,116426.2051,81869.3161,59707539.9561,23879014.666
002594.SZ,20240311,198.74,2.3885,3.3966,2.55,34.806,20.1745,4.4554,1.3643,0.9998,0.5746,0.5746,291114.2855,116426.2051,81869.3161,57856053.1003,23138544.0016
002594.SZ,20240308,188.09,0.5768,0.8202,0.56,32.9408,19.0934,4.2167,1.2912,0.9463,0.6072,0.6072,291114.2855,116426.2051,81869.3161,54755685.9597,21898604.9173
002594.SZ,20240307,188.89,0.8703,1.2377,0.82,33.0809,19.1746,4.2346,1.2967,0.9503,0.6046,0.6046,291114.2855,116426.2051,81869.3161,54988577.3881,21991745.8813
002594.SZ,20240306,191.65,0.8594,1.2219,0.73,33.5643,19.4547,4.2965,1.3157,0.9642,0.5959,0.5959,291114.2855,116476.4604,81919.5714,55792052.8161,22322713.6357
002594.SZ,20240305,190.82,1.2846,1.8265,1.0,33.4189,19.3705,4.2779,1.31,0.96,0.5985,0.5985,291114.2855,116476.4604,81919.5714,55550427.9591,22226038.1735
002594.SZ,20240304,189.27,1.0892,1.5487,0.82,33.1475,19.2131,4.2431,1.2993,0.9522,0.6034,0.6034,291114.2855,116476.4604,81919.5714,55099200.8166,22045499.6599
002594.SZ,20240301,192.18,1.0488,1.4912,0.82,33.6571,19.5085,4.3083,1.3193,0.9668,0.5942,0.5942,291114.2855,116476.4604,81919.5714,55946343.3874,22384446.1597
002594.SZ,20240229,191.2,1.0505,1.4937,0.87,33.4855,19.4091,4.2864,1.3126,0.9619,0.5973,0.5973,291114.2855,116476.4604,81919.5714,55661051.3876,22270299.2285
002594.SZ,20240228,188.0,1.4449,2.0544,1.23,32.925,19.0842,4.2146,1.2906,0.9458,0.6074,0.6074,291114.2855,116476.4604,81919.5714,54729485.674,21897574.5552
002594.SZ,20240227,193.7,1.7715,2.5188,1.75,33.9233,19.6628,4.3424,1.3297,0.9745,0.5896,0.5896,291114.2855,116476.4604,81919.5714,56388837.1014,22561490.3795
002594.SZ,20240226,186.0,1.3347,1.8977,1.41,32.5748,18.8812,4.1698,1.2769,0.9358,0.614,0.614,291114.2855,116476.4604,81919.5714,54147257.103,21664621.6344
002594.SZ,20240223,182.68,0.7828,1.113,0.78,31.9933,18.5442,4.0954,1.2541,0.9191,0.6251,0.6251,291114.2855,116476.4604,81919.5714,53180757.6751,21277919.7859
002594.SZ,20240222,182.99,0.6946,0.9876,0.61,32.0476,18.5756,4.1023,1.2562,0.9206,0.6241,0.6241,291114.2855,116476.4604,81919.5714,53271003.1036,21314027.4886
002594.SZ,20240221,183.0,1.268,1.8029,1.07,32.0494,18.5767,4.1025,1.2563,0.9207,0.624,0.624,291114.2855,116476.4604,81919.5714,53273914.2465,21315192.2532
002594.SZ,20240220,179.02,0.9732,1.3838,0.74,31.3523,18.1726,4.0133,1.229,0.9006,0.6379,0.6379,291114.2855,116476.4604,81919.5714,52115279.3902,20851615.9408
002594.SZ,20240219,183.5,1.0276,1.461,0.76,32.1369,18.6274,4.1138,1.2597,0.9232,0.6223,0.6223,291114.2855,116476.4604,81919.5714,53419471.3893,21373430.4834
002594.SZ,20240208,181.17,1.0238,1.4556,0.76,31.7289,18.3909,4.0615,1.2437,0.9115,0.6303,0.6303,291114.2855,116476.4604,81919.5714,52741175.104,21102040.3307
002594.SZ,20240207,179.56,1.3745,1.9543,1.06,31.4469,18.2275,4.0254,1.2327,0.9034,0.636,0.636,291114.2855,116476.4604,81919.5714,52272481.1044,20914513.2294
002594.SZ,20240206,175.87,1.5127,2.1508,1.15,30.8007,17.8529,3.9427,1.2073,0.8848,0.6493,0.6493,291114.2855,116476.4604,81919.5714,51198269.3909,20484715.0905
002594.SZ,20240205,168.0,1.5987,2.2732,1.28,29.4224,17.054,3.7663,1.1533,0.8452,0.6798,0.6798,291114.2855,116476.4604,81919.5714,48907199.964,19568045.3472
002594.SZ,20240202,167.0,1.2706,1.8065,1.07,29.2472,16.9525,3.7439,1.1464,0.8402,0.6838,0.6838,291114.2855,116476.4604,81919.5714,48616085.6785,19451568.8868
002594.SZ,20240201,170.89,1.0015,1.424,0.82,29.9285,17.3474,3.8311,1.1731,0.8597,0.6683,0.6683,291114.2855,116476.4604,81919.5714,49748520.2491,19904662.3178
002594.SZ,20240131,170.73,1.0763,1.5304,0.92,29.9005,17.3311,3.8275,1.172,0.8589,0.6689,0.6689,291114.2855,116476.4604,81919.5714,49701941.9634,19886026.0841
002594.SZ,20240130,171.97,1.6378,2.3286,1.59,30.1177,17.457,3.8553,1.1806,0.8652,0.6641,0.6641,291114.2855,116476.4604,81919.5714,50062923.6774,20030456.895
002594.SZ,20240129,178.44,1.2538,1.7828,1.25,31.2508,18.1138,4.0003,1.225,0.8977,0.64,0.64,291114.2855,116476.4604,81919.5714,51946433.1046,20784059.5938
002594.SZ,20240126,185.86,0.9947,1.4142,1.05,32.5503,18.867,4.1667,1.2759,0.9351,0.6144,0.6144,291114.2855,116476.4604,81919.5714,54106501.103,21648314.9299
002594.SZ,20240125,189.9,1.1227,1.5963,1.22,33.2578,19.2771,4.2572,1.3036,0.9554,0.6014,0.6014,291114.2855,116476.4604,81919.5714,55282602.8165,22118879.83
002594.SZ,20240124,188.7,0.8297,1.1797,0.81,33.0476,19.1553,4.2303,1.2954,0.9493,0.6052,0.6052,291114.2855,116476.4604,81919.5714,54933265.6739,21979108.0775
002594.SZ,20240123,187.85,0.9506,1.3516,0.97,32.8988,19.069,4.2113,1.2896,0.9451,0.6079,0.6079,291114.2855,116476.4604,81919.5714,54685818.5312,21880103.0861
002594.SZ,20240122,185.34,1.1353,1.6143,1.3,32.4592,18.8142,4.155,1.2723,0.9324,0.6162,0.6162,291114.2855,116476.4604,81919.5714,53955121.6746,21587747.1705
002594.SZ,20240119,189.34,0.6946,0.9876,0.78,33.1597,19.2202,4.2447,1.2998,0.9526,0.6031,0.6031,291114.2855,116476.4604,81919.5714,55119578.8166,22053653.0121
002594.SZ,20240118,190.48,0.9838,1.3988,1.02,33.3594,19.336,4.2702,1.3076,0.9583,0.5995,0.5995,291114.2855,116476.4604,81919.5714,55451449.102,22186436.177
002594.SZ,20240117,186.8,1.3805,1.9628,1.7,32.7149,18.9624,4.1877,1.2824,0.9398,0.6113,0.6113,291114.2855,116476.4604,81919.5714,54380148.5314,21757802.8027
002594.SZ,20240116,195.3,0.7195,1.0231,0.84,34.2035,19.8253,4.3783,1.3407,0.9825,0.5847,0.5847,291114.2855,116476.4604,81919.5714,56854619.9582,22747852.7161
002594.SZ,20240115,194.61,0.6029,0.8572,0.69,34.0827,19.7552,4.3628,1.336,0.9791,0.5868,0.5868,291114.2855,116476.4604,81919.5714,56653751.1012,22667483.9584
002594.SZ,20240112,195.87,0.7471,1.0623,0.81,34.3033,19.8831,4.3911,1.3446,0.9854,0.583,0.583,291114.2855,116476.4604,81919.5714,57020555.1009,22814244.2985
002594.SZ,20240111,196.78,1.3725,1.9514,1.71,34.4627,19.9755,4.4115,1.3509,0.99,0.5803,0.5803,291114.2855,116476.4604,81919.5714,57285469.1007,22920237.8775
002594.SZ,20240110,190.29,0.6131,0.8718,0.74,33.3261,19.3167,4.266,1.3063,0.9573,0.6001,0.6001,291114.2855,116476.4604,81919.5714,55396137.3878,22164305.6495
002594.SZ,20240109,192.86,0.9632,1.3695,1.16,33.7762,19.5776,4.3236,1.324,0.9703,0.5921,0.5921,291114.2855,116476.4604,81919.5714,56144301.1015,22463650.1527
002594.SZ,20240108,189.4,0.6961,0.9897,0.84,33.1702,19.2263,4.246,1.3002,0.9529,0.603,0.603,291114.2855,116476.4604,81919.5714,55137045.6737,22060641.5998
002594.SZ,20240105,192.68,0.965,1.3721,1.11,33.7447,19.5593,4.3196,1.3227,0.9694,0.5927,0.5927,291114.2855,116476.4604,81919.5714,56091900.5301,22442684.3899
002594.SZ,20240104,193.02,0.7716,1.0971,0.94,33.8042,19.5938,4.3272,1.3251,0.9711,0.5916,0.5916,291114.2855,116476.4604,81919.5714,56190879.3872,22482286.3864
002594.SZ,20240103,193.17,0.7253,1.0313,0.97,33.8305,19.609,4.3305,1.3261,0.9718,0.5912,0.5912,291114.2855,116476.4604,81919.5714,56234546.53,22499757.8555
002594.SZ,20240102,192.6,0.9781,1.3907,1.52,33.7307,19.5512,4.3178,1.3222,0.969,0.5929,0.5929,291114.2855,116476.4604,81919.5714,56068611.3873,22433366.273
002594.SZ,20231229,198.0,0.69,0.9811,0.97,34.6764,20.0993,4.4388,1.3593,0.9961,0.053,0.5768,291114.2855,116476.4604,81919.5714,57640628.529,23062339.1592
002594.SZ,20231228,198.05,1.1915,1.6941,1.7,34.6851,20.1044,4.4399,1.3596,0.9964,0.053,0.5766,291114.2855,116476.4604,81919.5714,57655184.2433,23068162.9822
002594.SZ,20231227,191.45,0.5268,0.7491,0.71,33.5293,19.4344,4.292,1.3143,0.9632,0.0548,0.5965,291114.2855,116476.4604,81919.5714,55733829.959,22299418.3436
002594.SZ,20231226,191.75,0.3553,0.5051,0.44,33.5818,19.4649,4.2987,1.3163,0.9647,0.0548,0.5956,291114.2855,116476.4604,81919.5714,55821164.2446,22334361.2817
002594.SZ,20231225,192.18,0.4616,0.6564,0.52,33.6571,19.5085,4.3083,1.3193,0.9668,0.0546,0.5942,291114.2855,116476.4604,81919.5714,55946343.3874,22384446.1597
002594.SZ,20231222,192.25,1.0131,1.4404,1.18,33.6694,19.5156,4.3099,1.3198,0.9672,0.0546,0.594,291114.2855,116476.4604,81919.5714,55966721.3874,22392599.5119
002594.SZ,20231221,189.68,1.1431,1.6254,1.45,33.2193,19.2548,4.2523,1.3021,0.9543,0.0554,0.6021,291114.2855,116476.4604,81919.5714,55218557.6736,22093255.0087
002594.SZ,20231220,184.88,0.7291,1.0367,0.86,32.3786,18.7675,4.1447,1.2692,0.9301,0.0568,0.6177,291114.2855,116476.4604,81919.5714,53821209.1032,21534167.9988
002594.SZ,20231219,188.0,0.6814,0.9689,0.81,32.925,19.0842,4.2146,1.2906,0.9458,0.0559,0.6074,291114.2855,116476.4604,81919.5714,54729485.674,21897574.5552
002594.SZ,20231218,189.06,0.8629,1.227,1.02,33.1107,19.1918,4.2384,1.2979,0.9511,0.0555,0.604,291114.2855,116476.4604,81919.5714,55038066.8166,22021039.6032
002594.SZ,20231215,193.28,0.8744,1.2432,1.09,33.8497,19.6202,4.333,1.3269,0.9724,0.0543,0.5909,291114.2855,116476.4604,81919.5714,56266569.1014,22512570.2661
002594.SZ,20231214,191.18,0.7941,1.1291,0.96,33.482,19.407,4.2859,1.3124,0.9618,0.0549,0.5973,291114.2855,116476.4604,81919.5714,55655229.1019,22267969.6993
002594.SZ,20231213,191.8,1.0091,1.4348,1.09,33.5906,19.47,4.2998,1.3167,0.9649,0.0547,0.5954,291114.2855,116476.4604,81919.5714,55835719.9589,22340185.1047
002594.SZ,20231212,196.33,0.6851,0.9741,0.65,34.3839,19.9298,4.4014,1.3478,0.9877,0.0535,0.5817,291114.2855,116476.4604,81919.5714,57154467.6722,22867823.4703
002594.SZ,20231211,199.19,0.8679,1.234,0.81,34.8848,20.2201,4.4655,1.3674,1.0021,0.0527,0.5733,291114.2855,116476.4604,81919.5714,57987054.5287,23200946.1471
002594.SZ,20231208,198.55,0.6671,0.9485,0.52,34.7727,20.1552,4.4512,1.363,0.9989,0.0529,0.5752,291114.2855,116476.4604,81919.5714,57800741.386,23126401.2124
002594.SZ,20231207,199.45,0.8858,1.2594,0.62,34.9303,20.2465,4.4713,1.3692,1.0034,0.0526,0.5726,291114.2855,116476.4604,81919.5714,58062744.243,23231230.0268
002594.SZ,20231206,201.19,1.514,2.1527,1.01,35.2351,20.4232,4.5103,1.3812,1.0122,0.0522,0.5676,291114.2855,116476.4604,81919.5714,58569283.0997,23433899.0679
002594.SZ,20231205,196.34,1.3082,1.86,0.91,34.3857,19.9308,4.4016,1.3479,0.9878,0.0535,0.5816,291114.2855,116476.4604,81919.5714,57157378.8151,22868988.2349
002594.SZ,20231204,196.39,1.0098,1.4357,0.63,34.3944,19.9359,4.4027,1.3482,0.988,0.0535,0.5815,291114.2855,116476.4604,81919.5714,57171934.5293,22874812.058
002594.SZ,20231201,197.05,1.6672,2.3705,0.95,34.51,20.0029,4.4175,1.3527,0.9913,0.0533,0.5795,291114.2855,116476.4604,81919.5714,57364069.9578,22951686.5218
002594.SZ,20231130,199.15,1.6076,2.2857,0.99,34.8778,20.2161,4.4646,1.3671,1.0019,0.0527,0.5734,291114.2855,116476.4604,81919.5714,57975409.9573,23196287.0887
002594.SZ,20231129,201.98,1.8823,2.6764,1.32,35.3734,20.5034,4.528,1.3866,1.0161,0.052,0.5654,291114.2855,116476.4604,81919.5714,58799263.3853,23525915.4716
002594.SZ,20231128,209.91,1.0492,1.4918,0.77,36.7622,21.3083,4.7058,1.441,1.056,0.05,0.544,291114.2855,116476.4604,81919.5714,61107799.6693,24449573.8026
002594.SZ,20231127,208.9,1.85,2.6304,1.65,36.5853,21.2058,4.6832,1.4341,1.051,0.0503,0.5467,291114.2855,116476.4604,81919.5714,60813774.241,24331932.5776
002594.SZ,20231124,216.85,2.4096,3.426,3.26,37.9776,22.0128,4.8614,1.4887,1.091,0.0484,0.5266,291114.2855,116476.4604,81919.5714,63128132.8107,25257920.4377
002594.SZ,20231123,228.83,0.908,1.2911,1.37,40.0757,23.2289,5.13,1.5709,1.1512,0.0459,0.4991,291114.2855,116476.4604,81919.5714,66615681.951,26653308.4333
002594.SZ,20231122,230.0,0.9064,1.2887,1.47,40.2806,23.3477,5.1562,1.5789,1.1571,0.0457,0.4965,291114.2855,116476.4604,81919.5714,66956285.665,26789585.892
002594.SZ,20231121,234.2,0.7073,1.0057,1.24,41.0162,23.7741,5.2504,1.6078,1.1782,0.0448,0.4876,291114.2855,116476.4604,81919.5714,68178965.6641,27278787.0257
002594.SZ,20231120,235.0,0.6591,0.9372,1.18,41.1563,23.8553,5.2683,1.6133,1.1823,0.0447,0.486,291114.2855,116476.4604,81919.5714,68411857.0925,27371968.194
002594.SZ,20231117,236.76,0.5105,0.7259,0.86,41.4645,24.0339,5.3078,1.6253,1.1911,0.0443,0.4823,291114.2855,116476.4604,81919.5714,68924218.235,27576966.7643
002594.SZ,20231116,238.3,0.5296,0.7531,0.86,41.7342,24.1903,5.3423,1.6359,1.1989,0.0441,0.4792,291114.2855,116476.4604,81919.5714,69372534.2347,27756340.5133
002594.SZ,20231115,238.64,0.6756,0.9606,1.09,41.7938,24.2248,5.3499,1.6382,1.2006,0.044,0.4785,291114.2855,116476.4604,81919.5714,69471513.0917,27795942.5099
002594.SZ,20231114,237.63,0.4741,0.674,0.69,41.6169,24.1222,5.3273,1.6313,1.1955,0.0442,0.4806,291114.2855,116476.4604,81919.5714,69177487.6634,27678301.2849
002594.SZ,20231113,237.12,0.5987,0.8513,0.74,41.5276,24.0705,5.3158,1.6278,1.1929,0.0443,0.4816,291114.2855,116476.4604,81919.5714,69029019.3778,27618898.29
002594.SZ,20231110,236.96,0.7032,0.9998,0.85,41.4996,24.0542,5.3122,1.6267,1.1921,0.0443,0.4819,291114.2855,116476.4604,81919.5714,68982441.0921,27600262.0564
002594.SZ,20231109,239.3,0.6283,0.8933,0.74,41.9094,24.2918,5.3647,1.6428,1.2039,0.0439,0.4772,291114.2855,116476.4604,81919.5714,69663648.5202,27872816.9737
002594.SZ,20231108,240.0,0.6879,0.9781,0.79,42.032,24.3628,5.3804,1.6476,1.2074,0.0438,0.4758,291114.2855,116476.4604,81919.5714,69867428.52,27954350.496
002594.SZ,20231107,240.97,0.8114,1.1537,0.87,42.2019,24.4613,5.4021,1.6542,1.2123,0.0436,0.4739,291114.2855,116476.4604,81919.5714,70149809.3769,28067332.6626
002594.SZ,20231106,242.9,1.2324,1.7523,1.4,42.5399,24.6572,5.4454,1.6675,1.222,0.0432,0.4702,291114.2855,116476.4604,81919.5714,70711659.948,28292132.2312
002594.SZ,20231103,238.65,0.7785,1.1069,0.86,41.7955,24.2258,5.3501,1.6383,1.2006,0.044,0.4785,291114.2855,116476.4604,81919.5714,69474424.2346,27797107.2745
002594.SZ,20231102,234.8,0.7333,1.0427,0.83,41.1213,23.835,5.2638,1.6119,1.1813,0.0447,0.4864,291114.2855,116476.4604,81919.5714,68353634.2354,27348672.9019
002594.SZ,20231101,236.2,0.8018,1.14,0.93,41.3665,23.9771,5.2952,1.6215,1.1883,0.0445,0.4835,291114.2855,116476.4604,81919.5714,68761194.2351,27511739.9465
002594.SZ,20231031,238.54,1.0921,1.5486,1.3,41.7763,24.2146,5.3477,1.6376,1.2001,0.044,0.4787,291114.2855,116476.4604,82140.1884,69442401.6632,27784294.8638
002594.SZ,20231030,244.6,1.007,1.428,1.32,42.8376,29.6925,5.9505,1.6792,1.3345,0.0429,0.4669,291114.2855,116476.4604,82140.1884,71206554.2333,28490142.2138
002594.SZ,20231027,241.95,0.8861,1.2565,1.21,42.3735,29.3708,5.886,1.661,1.3201,0.0434,0.472,291114.2855,116476.4604,82140.1884,70435101.3767,28181479.5938
002594.SZ,20231026,238.61,0.6284,0.8912,0.73,41.7885,28.9654,5.8047,1.638,1.3018,0.044,0.4786,291114.2855,116476.4604,82140.1884,69462779.6632,27792448.216
002594.SZ,20231025,237.4,0.7184,1.0187,0.58,41.5766,28.8185,5.7753,1.6297,1.2952,0.0442,0.481,291114.2855,116476.4604,82140.1884,69110531.3777,27651511.699
002594.SZ,20231024,235.55,0.9511,1.3487,0.83,41.2526,28.5939,5.7303,1.617,1.2851,0.0446,0.4848,291114.2855,116476.4604,82140.1884,68571969.9495,27436030.2472
002594.SZ,20231023,238.65,0.6313,0.8953,0.56,41.7955,28.9702,5.8057,1.6383,1.302,0.044,0.4785,291114.2855,116476.4604,82140.1884,69474424.2346,27797107.2745
002594.SZ,20231020,239.2,0.7354,1.0428,0.67,41.8919,29.037,5.8191,1.6421,1.3051,0.0439,0.4774,291114.2855,116476.4604,82140.1884,69634537.0916,27861169.3277
002594.SZ,20231019,240.6,1.2685,1.7988,1.17,42.1371,29.2069,5.8532,1.6517,1.3127,0.0436,0.4746,291114.2855,116476.4604,82140.1884,70042097.0913,28024236.3722
002594.SZ,20231018,249.07,2.6431,3.748,3.87,43.6204,30.2351,6.0592,1.7098,1.3589,0.0422,0.4585,291114.2855,116476.4604,82140.1884,72507835.0895,29010791.9918
002594.SZ,20231017,238.0,0.4221,0.5985,0.6,41.6817,28.8913,5.7899,1.6339,1.2985,0.0441,0.4798,291114.2855,116476.4604,82140.1884,69285199.949,27721397.5752
002594.SZ,20231016,237.51,0.5668,0.8038,0.75,41.5959,28.8318,5.778,1.6305,1.2958,0.0442,0.4808,291114.2855,116476.4604,82140.1884,69142553.9491,27664324.1096
002594.SZ,20231013,240.36,0.5705,0.8089,0.73,42.095,29.1778,5.8473,1.6501,1.3114,0.0437,0.4751,291114.2855,116476.4604,82140.1884,69972229.6628,27996282.0217
002594.SZ,20231012,244.45,1.1963,1.6964,1.77,42.8113,29.6743,5.9468,1.6781,1.3337,0.043,0.4672,291114.2855,116476.4604,82140.1884,71162887.0905,28472670.7448
002594.SZ,20231011,238.59,0.6584,0.9336,0.88,41.785,28.9629,5.8043,1.6379,1.3017,0.044,0.4786,291114.2855,116476.4604,82140.1884,69456957.3774,27790118.6868
002594.SZ,20231010,237.91,0.5489,0.7784,0.73,41.6659,28.8804,5.7877,1.6332,1.298,0.0441,0.48,291114.2855,116476.4604,82140.1884,69258999.6633,27710914.6938
002594.SZ,20231009,237.97,0.7881,1.1175,1.04,41.6765,28.8877,5.7892,1.6336,1.2983,0.0441,0.4799,291114.2855,116476.4604,82140.1884,69276466.5204,27717903.2814
002594.SZ,20230928,236.7,0.732,1.038,0.95,41.454,28.7335,5.7583,1.6249,1.2914,0.0444,0.4825,291114.2855,116476.4604,82140.1884,68906751.3779,27569978.1767
002594.SZ,20230927,237.83,0.6502,0.922,0.89,41.6519,28.8707,5.7858,1.6327,1.2976,0.0441,0.4802,291114.2855,116476.4604,82140.1884,69235710.5205,27701596.5769
002594.SZ,20230926,238.5,1.0171,1.4422,1.59,41.7693,28.952,5.8021,1.6373,1.3012,0.044,0.4788,291114.2855,116476.4604,82140.1884,69430757.0918,27779635.8054
002594.SZ,20230925,245.8,0.5562,0.7887,0.8,43.0477,29.8382,5.9797,1.6874,1.3411,0.0427,0.4646,291114.2855,116476.4604,82140.1884,71555891.3759,28629913.9663
