indiv_d_ts_code,indiv_d_trade_date,indiv_d_open,indiv_d_high,indiv_d_low,indiv_d_close,indiv_d_pre_close,indiv_d_change,indiv_d_pct_chg,indiv_d_vol,indiv_d_amount
600036.SH,20251023,265.13,268.54,264.05,266.96,265.13,1.829999999999984,0.69,713173.73,3004975.799
600036.SH,20251022,265.32,266.71,263.74,265.13,265.32,-0.18999999999999773,-0.07,551333.64,2311324.892
600036.SH,20251021,262.22,266.08,262.22,265.32,261.78,3.5400000000000205,1.35,759931.24,3184239.228
600036.SH,20251020,262.98,264.12,259.76,261.78,262.85,-1.07000000000005,-0.41,649477.29,2694843.445
600036.SH,20251017,264.69,266.83,261.53,262.85,265.0,-2.1499999999999773,-0.81,829827.05,3470670.301
600036.SH,20251016,262.28,265.38,259.95,265.0,262.28,2.7200000000000273,1.04,1062487.76,4427156.848
600036.SH,20251015,260.7,262.73,259.19,262.28,260.77,1.509999999999991,0.58,1062767.02,4392820.738
600036.SH,20251014,253.37,262.22,251.73,260.77,253.5,7.269999999999982,2.87,1733826.68,7102543.598
600036.SH,20251013,251.29,254.7,250.91,253.5,253.94,-0.4399999999999977,-0.17,1065936.17,4266014.498
600036.SH,20251010,254.7,256.91,253.63,253.94,254.89,-0.9499999999999886,-0.37,955049.79,3852817.637
600036.SH,20251009,254.13,255.58,251.67,254.89,255.4,-0.5100000000000193,-0.2,972319.53,3900217.891
600036.SH,20250930,256.91,257.8,255.4,255.4,257.1,-1.700000000000017,-0.66,700025.2,2836889.513
600036.SH,20250929,257.67,260.96,255.08,257.1,257.86,-0.7599999999999909,-0.29,835550.55,3407163.055
600036.SH,20250926,257.92,259.12,254.7,257.86,257.99,-0.12999999999999545,-0.05,682766.67,2773964.882
600036.SH,20250925,261.15,261.4,257.92,257.99,261.15,-3.159999999999968,-1.21,666948.87,2730478.547
600036.SH,20250924,262.28,264.75,260.96,261.15,262.6,-1.4500000000000455,-0.55,643899.51,2672303.416
600036.SH,20250923,259.0,263.86,256.79,262.6,258.62,3.980000000000018,1.54,938850.81,3891395.841
600036.SH,20250922,260.07,261.46,257.86,258.62,259.12,-0.5,-0.19,656110.3,2688228.051
600036.SH,20250919,257.86,262.47,256.28,259.12,258.05,1.0699999999999932,0.41,836563.07,3440376.826
600036.SH,20250918,264.05,264.43,257.86,258.05,263.93,-5.8799999999999955,-2.23,1003522.4,4131887.418
600036.SH,20250917,263.93,266.65,263.55,263.93,263.86,0.06999999999999318,0.03,572362.58,2392440.771
600036.SH,20250916,267.47,268.16,263.3,263.86,266.83,-2.9699999999999704,-1.11,859050.78,3600259.578
600036.SH,20250915,268.48,270.44,266.14,266.83,268.86,-2.0300000000000296,-0.76,699491.06,2964121.228
600036.SH,20250912,274.17,274.73,268.1,268.86,273.66,-4.800000000000011,-1.75,823140.03,3521647.843
600036.SH,20250911,272.59,273.85,270.37,273.66,271.76,1.900000000000034,0.7,650730.72,2804175.734
600036.SH,20250910,270.5,272.71,268.98,271.76,270.69,1.0699999999999932,0.4,471386.94,2022413.171
600036.SH,20250909,268.1,271.01,267.97,270.69,268.16,2.5299999999999727,0.94,589526.53,2515896.773
600036.SH,20250908,269.87,272.4,267.78,268.16,270.25,-2.089999999999975,-0.77,851681.62,3635065.671
600036.SH,20250905,271.76,271.89,268.79,270.25,272.08,-1.829999999999984,-0.67,572328.38,2449941.047
600036.SH,20250904,270.56,273.79,266.33,272.08,271.13,0.9499999999999886,0.35,935363.28,3997574.925
600036.SH,20250903,274.55,275.37,269.87,271.13,274.55,-3.420000000000016,-1.25,818405.6,3528703.354
600036.SH,20250902,264.56,274.92,264.56,274.55,265.32,9.230000000000018,3.48,1452141.14,6232062.12
600036.SH,20250901,269.36,269.49,264.69,265.32,271.07,-5.75,-2.12,1276333.29,5381676.513
600036.SH,20250829,271.64,278.02,271.07,271.07,271.64,-0.5699999999999932,-0.21,1360878.99,5896873.9
600036.SH,20250828,271.89,273.66,269.24,271.64,271.76,-0.12000000000000455,-0.04,822425.57,3530397.264
600036.SH,20250827,274.92,275.94,271.76,271.76,275.05,-3.2900000000000205,-1.2,758140.78,3280973.424
600036.SH,20250826,277.39,278.21,274.42,275.05,277.26,-2.2099999999999795,-0.8,755722.31,3296532.147
600036.SH,20250825,273.79,277.26,272.46,277.26,273.41,3.849999999999966,1.41,907389.9,3956212.555
600036.SH,20250822,274.73,274.8,272.02,273.41,274.73,-1.3199999999999932,-0.48,794496.25,3432029.283
600036.SH,20250821,274.92,275.49,273.22,274.73,274.61,0.12000000000000455,0.04,578540.02,2512170.016
600036.SH,20250820,273.66,275.75,272.71,274.61,274.29,0.3199999999999932,0.12,547240.13,2374776.328
600036.SH,20250819,274.61,276.19,273.6,274.29,274.99,-0.6999999999999886,-0.25,574118.52,2493609.522
600036.SH,20250818,272.4,276.0,271.07,274.99,273.66,1.329999999999984,0.49,926397.38,4005818.986
600036.SH,20250815,275.94,276.44,273.66,273.66,276.69,-3.0299999999999727,-1.1,932956.84,4051326.297
600036.SH,20250814,275.24,277.71,274.92,276.69,275.18,1.509999999999991,0.55,676351.68,2959763.586
600036.SH,20250813,278.97,279.66,274.86,275.18,278.08,-2.8999999999999773,-1.04,876737.36,3837405.883
600036.SH,20250812,278.91,281.12,278.08,278.08,278.72,-0.6400000000000432,-0.23,562252.43,2482688.843
600036.SH,20250811,281.43,282.07,278.72,278.72,281.43,-2.7099999999999795,-0.96,536723.71,2375089.438
600036.SH,20250808,285.67,286.17,281.43,281.43,285.35,-3.920000000000016,-1.37,456421.53,2044145.472
600036.SH,20250807,285.16,288.2,284.15,285.35,285.16,0.18999999999999773,0.07,440643.25,1995029.89
600036.SH,20250806,286.24,289.02,285.1,285.16,285.98,-0.8199999999999932,-0.29,430296.4,1951697.829
600036.SH,20250805,283.01,286.93,282.13,285.98,283.77,2.2100000000000364,0.78,555258.3,2502003.95
600036.SH,20250804,280.04,284.21,280.04,283.77,280.74,3.0299999999999727,1.08,498008.32,2231447.773
600036.SH,20250801,281.24,284.21,280.3,280.74,281.12,-0.37999999999999545,-0.14,594620.94,2651723.323
600036.SH,20250731,280.61,281.62,277.14,281.12,280.74,0.37999999999999545,0.14,733195.17,3247588.211
600036.SH,20250730,279.16,282.82,277.64,280.74,278.97,1.7699999999999818,0.63,725460.85,3222441.776
600036.SH,20250729,280.87,283.14,278.97,278.97,280.87,-1.8999999999999773,-0.68,785812.82,3487013.44
600036.SH,20250728,283.14,285.42,280.68,280.87,283.33,-2.4599999999999795,-0.87,635127.2,2838575.467
600036.SH,20250725,283.39,285.48,282.82,283.33,283.65,-0.3199999999999932,-0.11,696264.23,3129427.563
600036.SH,20250724,285.73,286.68,283.14,283.65,285.16,-1.5100000000000477,-0.53,826620.13,3724435.789
600036.SH,20250723,284.21,288.83,284.15,285.16,284.03,1.1300000000000523,0.4,853249.05,3864679.805
600036.SH,20250722,283.46,284.28,279.41,284.03,283.46,0.5699999999999932,0.2,922319.06,4111116.85
600036.SH,20250721,284.72,285.86,283.33,283.46,284.72,-1.2600000000000477,-0.44,566412.01,2546034.189
600036.SH,20250718,284.72,285.42,282.76,284.72,284.4,0.32000000000005,0.11,543430.57,2445283.609
600036.SH,20250717,285.04,286.49,283.84,284.4,285.1,-0.7000000000000455,-0.25,416895.06,1877218.807
600036.SH,20250716,286.05,287.82,283.65,285.1,285.79,-0.6899999999999977,-0.24,468186.39,2112241.748
600036.SH,20250715,289.27,290.22,283.14,285.79,288.01,-2.2199999999999704,-0.77,666206.26,3018332.344
600036.SH,20250714,288.51,291.29,287.19,288.01,288.45,-0.4399999999999977,-0.15,648484.37,2969040.141
600036.SH,20250711,292.49,293.88,288.32,288.45,292.24,-3.7900000000000205,-1.3,1184442.84,5446393.735
600036.SH,20250710,285.34,294.12,285.34,292.24,285.52,6.720000000000027,2.35,1219784.04,5860161.557
600036.SH,20250709,287.76,289.4,285.52,285.52,288.49,-2.9700000000000273,-1.03,614566.35,2912999.773
600036.SH,20250708,286.43,288.79,285.34,288.49,285.94,2.5500000000000114,0.89,637421.01,3025850.416
600036.SH,20250707,285.15,286.55,282.91,285.94,285.15,0.7900000000000205,0.28,567427.42,2672021.321
600036.SH,20250704,282.31,287.76,281.1,285.15,282.37,2.7799999999999727,0.98,678948.32,3190053.518
600036.SH,20250703,284.12,284.43,280.73,282.37,284.12,-1.75,-0.62,556225.76,2595710.465
600036.SH,20250702,282.91,285.7,281.4,284.12,281.4,2.7200000000000273,0.97,518563.18,2429269.829
600036.SH,20250701,278.43,282.73,278.19,281.4,278.37,3.0299999999999727,1.09,450613.09,2089060.872
600036.SH,20250630,279.46,280.43,277.28,278.37,280.01,-1.6399999999999864,-0.59,624613.63,2870068.037
600036.SH,20250627,289.88,290.0,278.91,280.01,290.06,-10.050000000000011,-3.46,954143.2,4461309.935
600036.SH,20250626,287.7,290.06,285.03,290.06,287.76,2.3000000000000114,0.8,590200.64,2807185.76
600036.SH,20250625,283.22,287.76,282.25,287.76,283.22,4.539999999999964,1.6,607679.87,2862914.073
600036.SH,20250624,280.55,284.73,279.76,283.22,280.19,3.0300000000000296,1.08,655814.61,3058493.531
600036.SH,20250623,278.07,280.73,275.22,280.19,278.61,1.579999999999984,0.57,538931.48,2475802.504
600036.SH,20250620,277.04,279.76,275.95,278.61,276.43,2.180000000000007,0.79,448156.52,2059058.897
600036.SH,20250619,277.7,279.04,274.86,276.43,277.76,-1.329999999999984,-0.48,513454.3,2342843.184
600036.SH,20250618,278.19,279.1,276.55,277.76,278.55,-0.7900000000000205,-0.28,426428.59,1957406.403
600036.SH,20250617,277.95,278.98,276.92,278.55,277.34,1.2100000000000364,0.44,474209.01,2177741.322
600036.SH,20250616,273.1,277.52,272.31,277.34,273.7,3.6399999999999864,1.33,414474.35,1885267.746
600036.SH,20250613,274.07,274.73,272.31,273.7,274.01,-0.3100000000000023,-0.11,474080.56,2141145.231
600036.SH,20250612,275.04,276.55,273.22,274.01,274.49,-0.4800000000000182,-0.17,452390.7,2050510.492
600036.SH,20250611,270.92,276.73,270.92,274.49,270.62,3.8700000000000045,1.43,776761.08,3518360.401
600036.SH,20250610,270.01,272.92,269.28,270.62,270.19,0.4300000000000068,0.16,528348.92,2364300.624
600036.SH,20250609,270.19,270.68,267.83,270.19,269.4,0.7900000000000205,0.29,474774.46,2111750.061
600036.SH,20250606,269.28,270.86,268.37,269.4,268.8,0.5999999999999659,0.22,373498.95,1660462.752
600036.SH,20250605,266.92,269.1,266.56,268.8,266.92,1.8799999999999955,0.7,421316.8,1865235.666
600036.SH,20250604,266.86,268.19,265.95,266.92,266.37,0.5500000000000114,0.21,373416.67,1644649.609
600036.SH,20250603,263.53,269.16,263.53,266.37,263.1,3.269999999999982,1.24,503685.13,2216746.052
600036.SH,20250530,263.83,265.83,262.62,263.1,263.35,-0.25,-0.09,571391.44,2491890.458
600036.SH,20250529,264.74,266.25,263.22,263.35,264.62,-1.2699999999999818,-0.48,492989.7,2152530.686
600036.SH,20250528,265.22,266.86,264.13,264.62,264.98,-0.36000000000001364,-0.14,300355.24,1313730.557
600036.SH,20250527,265.34,267.47,264.56,264.98,265.34,-0.3599999999999568,-0.14,363750.01,1594752.084
600036.SH,20250526,265.89,267.59,264.31,265.34,266.86,-1.5200000000000387,-0.57,456099.75,2000068.964
600036.SH,20250523,269.65,270.68,265.95,266.86,269.65,-2.7899999999999636,-1.03,541460.09,2395482.582
600036.SH,20250522,265.95,269.95,265.04,269.65,265.95,3.6999999999999886,1.39,565655.62,2503244.591
600036.SH,20250521,266.25,268.8,265.59,265.95,265.95,0.0,0.0,499200.35,2199193.618
600036.SH,20250520,266.74,270.25,265.77,265.95,265.59,0.36000000000001364,0.14,500534.83,2210731.576
600036.SH,20250519,267.77,269.34,265.04,265.59,268.19,-2.6000000000000227,-0.97,502817.01,2213557.25
600036.SH,20250516,271.1,272.49,266.74,268.19,272.13,-3.9399999999999977,-1.45,619655.35,2743750.956
600036.SH,20250515,271.58,274.92,270.49,272.13,271.46,0.6700000000000159,0.25,684600.48,3080577.618
600036.SH,20250514,269.89,274.43,268.49,271.46,269.95,1.509999999999991,0.56,712790.18,3194543.663
600036.SH,20250513,267.1,270.49,265.65,269.95,265.34,4.610000000000014,1.74,699124.17,3099990.42
600036.SH,20250512,263.22,268.98,261.16,265.34,263.41,1.92999999999995,0.73,848974.09,3724155.034
600036.SH,20250509,259.29,264.13,259.29,263.41,259.29,4.1200000000000045,1.59,668154.72,2897563.045
600036.SH,20250508,254.5,263.04,254.44,259.29,254.56,4.730000000000018,1.86,833809.64,3581050.505
600036.SH,20250507,253.17,255.83,250.26,254.56,250.62,3.9399999999999977,1.57,712913.88,2985699.306
600036.SH,20250506,247.78,250.87,245.41,250.62,246.81,3.8100000000000023,1.54,666409.99,2734586.584
600036.SH,20250430,252.26,252.26,245.41,246.81,254.44,-7.6299999999999955,-3.0,1172682.1,4782474.914
600036.SH,20250429,256.56,258.38,254.44,254.44,256.56,-2.1200000000000045,-0.83,457698.53,1933096.299
600036.SH,20250428,255.35,257.83,254.62,256.56,254.92,1.6400000000000148,0.64,386973.17,1639160.75
600036.SH,20250425,256.2,257.77,254.68,254.92,255.71,-0.7900000000000205,-0.31,424349.93,1792844.933
600036.SH,20250424,254.44,256.74,254.14,255.71,254.38,1.3300000000000125,0.52,413651.85,1747384.624
600036.SH,20250423,256.26,256.26,253.05,254.38,254.5,-0.12000000000000455,-0.05,467743.59,1965588.261
600036.SH,20250422,256.32,257.71,254.5,254.5,256.14,-1.6399999999999864,-0.64,433788.13,1831804.304
600036.SH,20250421,258.44,260.98,256.14,256.14,258.98,-2.840000000000032,-1.1,416465.85,1774479.138
600036.SH,20250418,255.23,259.23,254.74,258.98,255.17,3.8100000000000307,1.49,435001.28,1849158.562
600036.SH,20250417,255.17,256.62,253.53,255.17,255.95,-0.7800000000000011,-0.3,405792.88,1711632.454
600036.SH,20250416,254.32,257.95,253.35,255.95,255.05,0.8999999999999773,0.35,576293.58,2425842.589
600036.SH,20250415,251.35,256.2,251.11,255.05,251.29,3.7600000000000193,1.5,614563.86,2578602.435
600036.SH,20250414,252.5,253.89,250.87,251.29,251.47,-0.18000000000000682,-0.07,482159.84,2006762.053
600036.SH,20250411,249.05,252.56,247.23,251.47,248.99,2.4799999999999898,1.0,583056.91,2404586.566
600036.SH,20250410,248.32,251.11,245.66,248.99,245.11,3.8799999999999955,1.58,743788.75,3057795.208
600036.SH,20250409,245.96,248.5,244.14,245.11,249.29,-4.179999999999978,-1.68,973969.35,3956703.949
600036.SH,20250408,247.05,249.59,244.99,249.29,247.35,1.9399999999999977,0.78,1610477.36,6562173.34
600036.SH,20250407,248.02,254.44,238.63,247.35,258.38,-11.030000000000001,-4.27,1815632.92,7360169.684
600036.SH,20250403,254.56,259.59,254.56,258.38,258.86,-0.4800000000000182,-0.19,464165.5,1977833.089
600036.SH,20250402,259.71,261.41,258.56,258.86,259.71,-0.8499999999999659,-0.33,331201.89,1420244.308
600036.SH,20250401,262.19,262.26,258.98,259.71,262.26,-2.5500000000000114,-0.97,389360.35,1671945.743
600036.SH,20250331,261.77,265.22,258.14,262.26,261.83,0.4300000000000068,0.16,539568.88,2334387.177
600036.SH,20250328,262.32,263.22,260.86,261.83,262.07,-0.2400000000000091,-0.09,386184.09,1671063.294
600036.SH,20250327,258.98,264.98,258.92,262.07,258.44,3.6299999999999955,1.4,827950.81,3583722.318
600036.SH,20250326,269.59,270.13,258.14,258.44,273.16,-14.720000000000027,-5.39,1578326.32,6817699.594
600036.SH,20250325,272.61,275.64,272.31,273.16,272.92,0.2400000000000091,0.09,356871.55,1610425.397
600036.SH,20250324,269.89,273.77,269.89,272.92,270.8,2.1200000000000045,0.78,449576.19,2018232.266
600036.SH,20250321,273.34,274.67,269.71,270.8,274.07,-3.269999999999982,-1.19,675411.7,3030118.215
600036.SH,20250320,278.19,278.19,271.28,274.07,278.79,-4.720000000000027,-1.69,678656.03,3067327.047
600036.SH,20250319,274.31,279.28,273.22,278.79,273.46,5.330000000000041,1.95,670705.94,3061182.015
600036.SH,20250318,274.37,274.92,271.52,273.46,272.86,0.5999999999999659,0.22,428220.01,1933102.848
600036.SH,20250317,274.55,275.64,272.49,272.86,273.58,-0.7199999999999704,-0.26,654209.73,2957486.225
600036.SH,20250314,266.56,275.46,266.19,273.58,265.59,7.990000000000009,3.01,911275.35,4095818.343
600036.SH,20250313,264.13,268.86,263.53,265.59,263.77,1.8199999999999932,0.69,585539.28,2575079.64
600036.SH,20250312,263.53,265.71,262.01,263.77,263.59,0.18000000000000682,0.07,418258.36,1822497.448
600036.SH,20250311,259.1,264.38,258.74,263.59,260.92,2.669999999999959,1.02,565741.09,2447134.269
600036.SH,20250310,263.47,264.01,259.41,260.92,263.95,-3.0299999999999727,-1.15,508749.71,2191791.878
600036.SH,20250307,259.89,265.34,259.59,263.95,260.26,3.6899999999999977,1.42,605413.19,2626484.644
600036.SH,20250306,259.83,261.1,257.17,260.26,259.83,0.4300000000000068,0.17,572053.04,2450800.591
600036.SH,20250305,254.2,259.95,252.93,259.83,253.23,6.599999999999994,2.61,632037.43,2689749.944
600036.SH,20250304,253.89,255.05,253.05,253.23,254.74,-1.5100000000000193,-0.59,317245.42,1329037.847
600036.SH,20250303,255.17,258.2,254.14,254.74,254.74,0.0,0.0,470149.02,1983165.73
600036.SH,20250228,256.74,258.44,254.74,254.74,256.74,-2.0,-0.78,705423.65,2985755.469
600036.SH,20250227,252.02,256.86,250.08,256.74,251.29,5.450000000000017,2.17,622596.57,2611617.503
600036.SH,20250226,249.17,252.62,248.69,251.29,248.56,2.7299999999999898,1.1,476446.61,1974231.834
600036.SH,20250225,249.29,251.05,247.84,248.56,250.02,-1.460000000000008,-0.58,507321.2,2088784.244
600036.SH,20250224,250.74,252.93,248.99,250.02,250.81,-0.789999999999992,-0.31,571107.09,2361716.151
600036.SH,20250221,254.2,254.38,249.71,250.81,253.53,-2.719999999999999,-1.07,595255.79,2467492.898
600036.SH,20250220,254.44,254.99,252.5,253.53,254.32,-0.789999999999992,-0.31,407675.08,1705724.684
600036.SH,20250219,254.44,255.35,252.99,254.32,254.74,-0.4200000000000159,-0.16,374702.23,1572476.676
600036.SH,20250218,251.47,257.35,251.47,254.74,252.74,2.0,0.79,546665.39,2301403.254
600036.SH,20250217,254.38,254.38,250.56,252.74,254.62,-1.8799999999999955,-0.74,536125.61,2228540.282
600036.SH,20250214,252.56,254.62,251.53,254.62,252.68,1.9399999999999977,0.77,498736.9,2086301.72
600036.SH,20250213,252.32,254.14,250.44,252.68,252.14,0.5400000000000205,0.21,462206.98,1927409.816
600036.SH,20250212,248.14,252.38,245.72,252.14,248.26,3.8799999999999955,1.56,603591.49,2484722.115
600036.SH,20250211,246.87,248.62,246.2,248.26,245.96,2.299999999999983,0.94,457771.19,1872296.623
600036.SH,20250210,243.54,247.9,242.08,245.96,243.54,2.420000000000016,0.99,581805.95,2357786.974
600036.SH,20250207,242.93,244.75,242.08,243.54,243.54,0.0,0.0,521066.18,2092855.37
600036.SH,20250206,242.32,244.63,240.69,243.54,242.32,1.2199999999999989,0.5,466088.42,1866867.478
600036.SH,20250205,247.47,247.78,241.72,242.32,246.26,-3.9399999999999977,-1.6,504788.89,2030411.802
600036.SH,20250127,245.84,248.2,245.66,246.26,243.9,2.359999999999985,0.97,526060.47,2144848.681
600036.SH,20250124,240.26,245.66,239.05,243.9,241.29,2.6100000000000136,1.08,574652.34,2312073.726
600036.SH,20250123,240.32,243.72,239.42,241.29,238.99,2.299999999999983,0.96,606618.1,2417576.583
600036.SH,20250122,243.17,243.29,238.2,238.99,243.17,-4.179999999999978,-1.72,588912.22,2327377.021
600036.SH,20250121,244.26,245.41,242.38,243.17,243.05,0.11999999999997613,0.05,400685.06,1613495.367
600036.SH,20250120,248.26,248.81,242.99,243.05,246.63,-3.579999999999984,-1.45,542574.82,2195966.48
600036.SH,20250117,248.14,249.35,243.11,246.63,248.32,-1.6899999999999977,-0.68,475900.5,1936832.044
600036.SH,20250116,246.26,249.29,245.53,248.32,246.2,2.1200000000000045,0.86,592593.86,2423118.469
600036.SH,20250115,242.26,248.38,241.66,246.2,241.42,4.780000000000001,1.98,796700.88,3234242.853
600036.SH,20250114,236.81,242.14,235.66,241.42,236.69,4.72999999999999,2.0,708011.88,2802857.578
600036.SH,20250113,235.84,237.17,233.48,236.69,236.14,0.5500000000000114,0.23,606322.74,2360608.444
600036.SH,20250110,238.33,238.99,235.11,236.14,236.27,-0.13000000000002387,-0.06,481424.8,1881660.497
600036.SH,20250109,238.69,238.87,235.24,236.27,237.96,-1.6899999999999977,-0.71,447083.35,1748399.288
600036.SH,20250108,235.24,239.6,235.18,237.96,235.66,2.3000000000000114,0.98,751481.02,2952943.868
600036.SH,20250107,236.08,237.17,233.9,235.66,236.57,-0.9099999999999966,-0.38,492752.05,1917344.814
600036.SH,20250106,235.66,236.87,231.0,236.57,234.21,2.359999999999985,1.01,617158.63,2394244.404
600036.SH,20250103,233.84,236.51,233.48,234.21,233.3,0.9099999999999966,0.39,682583.06,2646967.329
600036.SH,20250102,238.39,239.29,232.27,233.3,238.08,-4.780000000000001,-2.01,642000.7,2493694.677
600036.SH,20241231,239.66,241.72,238.08,238.08,240.02,-1.9399999999999977,-0.81,643716.99,2549055.494
600036.SH,20241230,238.33,241.11,237.78,240.02,238.33,1.6899999999999977,0.71,678845.33,2690314.729
600036.SH,20241227,239.17,240.14,234.93,238.33,239.17,-0.839999999999975,-0.35,700319.55,2742768.758
600036.SH,20241226,238.69,239.54,236.33,239.17,238.69,0.47999999999998977,0.2,539251.94,2125139.425
600036.SH,20241225,237.66,239.66,236.21,238.69,237.6,1.0900000000000034,0.46,755913.07,2972981.821
600036.SH,20241224,232.33,238.02,232.15,237.6,232.33,5.269999999999982,2.27,993428.46,3875223.368
600036.SH,20241223,230.15,234.45,230.09,232.33,229.66,2.670000000000016,1.16,902691.56,3473126.152
600036.SH,20241220,230.51,231.9,229.36,229.66,230.33,-0.6700000000000159,-0.29,542150.38,2060744.582
600036.SH,20241219,232.51,233.42,230.21,230.33,233.36,-3.030000000000001,-1.3,611195.82,2336249.857
600036.SH,20241218,230.33,234.21,229.36,233.36,229.3,4.060000000000002,1.77,805855.36,3101731.956
600036.SH,20241217,227.42,231.18,227.42,229.3,228.63,0.6700000000000159,0.29,603104.08,2287237.539
600036.SH,20241216,226.27,228.88,226.09,228.63,225.97,2.6599999999999966,1.18,640315.89,2409086.954
600036.SH,20241213,232.93,233.84,225.85,225.97,235.05,-9.080000000000013,-3.86,1117982.8,4213094.969
600036.SH,20241212,231.96,235.24,231.48,235.05,232.03,3.0200000000000102,1.3,586888.76,2267252.621
600036.SH,20241211,233.48,234.99,231.6,232.03,233.84,-1.8100000000000023,-0.77,517709.36,1988895.959
600036.SH,20241210,235.05,236.21,232.63,233.84,228.39,5.450000000000017,2.39,1038953.19,4022695.501
600036.SH,20241209,227.72,230.15,226.27,228.39,228.39,0.0,0.0,492995.35,1859542.283
600036.SH,20241206,224.21,229.12,224.21,228.39,223.6,4.789999999999992,2.14,877235.87,3296793.042
600036.SH,20241205,222.09,226.33,221.79,223.6,223.0,0.5999999999999943,0.27,568949.34,2108115.265
600036.SH,20241204,224.69,224.69,221.3,223.0,224.88,-1.8799999999999955,-0.84,620511.24,2285383.469
600036.SH,20241203,222.03,225.48,220.39,224.88,221.18,3.6999999999999886,1.67,721986.09,2658919.819
600036.SH,20241202,220.82,222.21,219.3,221.18,220.15,1.0300000000000011,0.47,424652.09,1548959.36
600036.SH,20241129,221.67,224.15,219.97,220.15,220.94,-0.789999999999992,-0.36,664379.99,2437776.752
600036.SH,20241128,221.73,223.24,219.18,220.94,221.73,-0.789999999999992,-0.36,451939.1,1647865.702
600036.SH,20241127,220.45,222.21,218.76,221.73,220.45,1.2800000000000011,0.58,392076.88,1429782.933
600036.SH,20241126,218.27,221.61,217.12,220.45,219.42,1.0300000000000011,0.47,459421.21,1666651.768
600036.SH,20241125,222.33,223.3,218.82,219.42,220.82,-1.4000000000000057,-0.63,534094.73,1945383.41
600036.SH,20241122,226.75,227.48,220.27,220.82,226.75,-5.930000000000007,-2.62,690490.9,2544524.441
600036.SH,20241121,227.06,228.15,225.79,226.75,227.06,-0.3100000000000023,-0.14,350336.14,1309684.433
600036.SH,20241120,229.0,229.3,226.57,227.06,228.51,-1.4499999999999886,-0.63,451291.26,1693331.536
600036.SH,20241119,229.66,231.3,226.88,228.51,229.6,-1.0900000000000034,-0.47,521248.55,1967719.175
600036.SH,20241118,230.51,234.21,229.0,229.6,229.12,0.47999999999998977,0.21,763448.07,2918992.44
600036.SH,20241115,230.69,233.66,229.06,229.12,230.57,-1.4499999999999886,-0.63,699276.88,2671344.642
600036.SH,20241114,228.15,233.12,227.36,230.57,229.12,1.4499999999999886,0.63,676440.3,2585688.546
600036.SH,20241113,227.72,230.09,227.24,229.12,227.72,1.4000000000000057,0.61,485304.4,1833809.094
600036.SH,20241112,231.36,235.3,227.24,227.72,232.21,-4.490000000000009,-1.93,893289.28,3399364.219
600036.SH,20241111,232.03,234.45,229.54,232.21,235.05,-2.8400000000000034,-1.21,703145.55,2682610.299
600036.SH,20241108,240.39,241.42,234.75,235.05,239.72,-4.6699999999999875,-1.95,745368.46,2920926.027
600036.SH,20241107,232.75,239.78,232.51,239.72,233.6,6.1200000000000045,2.62,743472.18,2904874.006
600036.SH,20241106,236.27,236.75,231.12,233.6,236.75,-3.1500000000000057,-1.33,648336.29,2501077.845
600036.SH,20241105,232.81,236.87,232.63,236.75,234.75,2.0,0.85,628744.76,2445317.943
600036.SH,20241104,230.81,234.75,226.63,234.75,230.27,4.47999999999999,1.95,646612.09,2466019.719
600036.SH,20241101,226.82,232.03,226.45,230.27,226.33,3.9399999999999977,1.74,703102.11,2671523.515
600036.SH,20241031,229.0,230.15,223.6,226.33,229.48,-3.1499999999999773,-1.37,850392.51,3173924.099
600036.SH,20241030,233.3,235.66,227.85,229.48,233.84,-4.360000000000014,-1.86,703408.28,2680423.056
600036.SH,20241029,233.84,236.87,232.69,233.84,233.36,0.47999999999998977,0.21,514681.61,1990283.154
600036.SH,20241028,236.33,236.87,231.9,233.36,236.87,-3.509999999999991,-1.48,664640.94,2559210.507
600036.SH,20241025,237.78,239.23,236.63,236.87,238.14,-1.2699999999999818,-0.53,447931.19,1756222.719
600036.SH,20241024,239.6,240.39,237.11,238.14,240.26,-2.1200000000000045,-0.88,336312.2,1323826.643
600036.SH,20241023,236.63,241.96,236.39,240.26,237.3,2.9599999999999795,1.25,627099.68,2482861.345
600036.SH,20241022,235.3,239.9,234.75,237.3,235.36,1.9399999999999977,0.82,600526.1,2352800.199
600036.SH,20241021,237.17,237.17,233.24,235.36,236.57,-1.2099999999999795,-0.51,717539.46,2780905.731
600036.SH,20241018,233.3,238.87,231.48,236.57,233.18,3.3899999999999864,1.45,928194.33,3603949.498
600036.SH,20241017,239.48,241.05,233.18,233.18,239.29,-6.109999999999985,-2.55,848922.28,3315820.471
600036.SH,20241016,231.12,239.29,231.0,239.29,233.24,6.049999999999983,2.59,1012548.15,3963555.265
600036.SH,20241015,237.3,242.26,233.24,233.24,238.27,-5.030000000000001,-2.11,955976.53,3755705.942
600036.SH,20241014,236.33,241.11,234.39,238.27,232.81,5.460000000000008,2.35,1292938.39,5076841.42
600036.SH,20241011,234.63,237.6,230.39,232.81,234.63,-1.8199999999999932,-0.78,903475.8,3498241.86
600036.SH,20241010,226.57,239.29,226.57,234.63,224.21,10.419999999999987,4.65,1433298.41,5528664.144
600036.SH,20241009,240.51,240.63,224.21,224.21,242.32,-18.109999999999985,-7.47,1855932.1,7113813.985
600036.SH,20241008,250.62,250.62,235.18,242.32,227.85,14.469999999999999,6.35,2973038.68,11999361.938
600036.SH,20240930,220.21,230.21,217.61,227.85,215.85,12.0,5.56,2561012.6,9443438.268
600036.SH,20240927,218.76,221.12,211.49,215.85,214.34,1.509999999999991,0.7,745457.82,2653812.67
600036.SH,20240926,206.94,214.34,205.43,214.34,206.88,7.460000000000008,3.61,1745329.99,6068657.572
600036.SH,20240925,205.07,208.94,204.16,206.88,200.7,6.180000000000007,3.08,1856242.79,6327661.421
600036.SH,20240924,191.92,200.77,191.86,200.7,190.16,10.539999999999992,5.54,1361218.0,4427310.186
600036.SH,20240923,186.89,190.77,186.83,190.16,187.44,2.719999999999999,1.45,344608.72,1076332.365
600036.SH,20240920,186.71,188.47,185.74,187.44,186.71,0.7299999999999898,0.39,487417.55,1505998.312
600036.SH,20240919,189.01,189.19,185.56,186.71,188.47,-1.759999999999991,-0.93,451191.26,1393040.942
600036.SH,20240918,185.44,189.01,185.44,188.47,185.38,3.0900000000000034,1.67,418540.27,1295345.114
600036.SH,20240913,183.44,187.2,181.74,185.38,183.14,2.240000000000009,1.22,495974.43,1520857.906
600036.SH,20240912,182.35,184.77,181.38,183.14,182.23,0.9099999999999966,0.5,410266.97,1242374.645
600036.SH,20240911,182.59,182.95,181.32,182.23,182.89,-0.6599999999999966,-0.36,415793.76,1249059.023
600036.SH,20240910,183.26,184.35,181.38,182.89,183.2,-0.3100000000000023,-0.17,476023.57,1435849.555
600036.SH,20240909,187.68,187.74,181.99,183.2,189.32,-6.1200000000000045,-3.23,871073.47,2641195.521
600036.SH,20240906,189.32,192.28,189.01,189.32,189.01,0.3100000000000023,0.16,383182.14,1206615.762
600036.SH,20240905,189.98,190.47,187.2,189.01,189.98,-0.9699999999999989,-0.51,542063.45,1687017.96
600036.SH,20240904,191.01,193.44,189.92,189.98,191.56,-1.5800000000000125,-0.82,380525.9,1198859.446
600036.SH,20240903,193.92,194.34,190.22,191.56,193.44,-1.8799999999999955,-0.97,505751.88,1596269.78
600036.SH,20240902,193.86,196.16,192.89,193.44,194.77,-1.3300000000000125,-0.68,558020.65,1787602.792
600036.SH,20240830,198.71,200.58,194.59,194.77,199.49,-4.719999999999999,-2.37,1112229.83,3618077.5
600036.SH,20240829,203.49,204.58,199.31,199.49,204.04,-4.549999999999983,-2.23,516387.82,1712021.359
600036.SH,20240828,204.95,205.85,202.58,204.04,204.16,-0.12000000000000455,-0.06,415232.08,1398682.394
600036.SH,20240827,204.58,205.61,203.13,204.16,204.58,-0.4200000000000159,-0.21,387208.57,1308314.397
600036.SH,20240826,204.16,205.01,202.76,204.58,204.16,0.4200000000000159,0.21,351174.6,1182990.04
600036.SH,20240823,201.55,205.07,200.34,204.16,201.73,2.430000000000007,1.2,465587.26,1561509.818
600036.SH,20240822,201.61,203.25,201.01,201.73,201.37,0.3599999999999852,0.18,382863.99,1276718.683
600036.SH,20240821,201.73,202.52,198.83,201.37,202.83,-1.460000000000008,-0.72,378101.05,1254587.421
600036.SH,20240820,202.64,203.55,200.89,202.83,202.46,0.37000000000000455,0.18,423728.73,1415473.211
600036.SH,20240819,201.43,202.95,200.1,202.46,200.83,1.6299999999999955,0.81,422843.42,1409948.503
600036.SH,20240816,198.4,201.43,198.22,200.83,198.46,2.3700000000000045,1.19,418503.02,1383877.362
600036.SH,20240815,192.95,199.43,191.74,198.46,193.01,5.450000000000017,2.82,739789.83,2409557.383
600036.SH,20240814,193.25,194.71,192.71,193.01,193.5,-0.4900000000000091,-0.25,282446.1,901196.911
600036.SH,20240813,194.47,195.25,192.41,193.5,194.59,-1.0900000000000034,-0.56,282377.69,902009.896
600036.SH,20240812,195.68,195.92,193.44,194.59,195.86,-1.2700000000000102,-0.65,318943.21,1023447.632
600036.SH,20240809,193.68,197.37,192.71,195.86,193.44,2.420000000000016,1.25,482748.47,1561254.687
600036.SH,20240808,191.5,193.74,190.1,193.44,191.31,2.1299999999999955,1.11,394599.78,1252394.782
600036.SH,20240807,192.22,193.25,191.13,191.31,192.04,-0.7299999999999898,-0.38,390731.73,1238023.516
600036.SH,20240806,196.04,196.22,190.89,192.04,194.47,-2.430000000000007,-1.25,514388.64,1637765.272
600036.SH,20240805,195.07,197.01,194.16,194.47,195.56,-1.0900000000000034,-0.56,584419.84,1884940.815
600036.SH,20240802,196.4,197.49,195.25,195.56,198.16,-2.5999999999999943,-1.31,386130.24,1250037.017
600036.SH,20240801,198.28,199.01,195.49,198.16,198.28,-0.12000000000000455,-0.06,409138.81,1332771.463
600036.SH,20240731,196.4,199.92,195.37,198.28,196.4,1.8799999999999955,0.96,595369.65,1948675.368
600036.SH,20240730,196.28,197.43,194.77,196.4,196.59,-0.18999999999999773,-0.1,390781.61,1264925.929
600036.SH,20240729,196.16,197.8,195.07,196.59,196.1,0.4900000000000091,0.25,413475.33,1343740.115
600036.SH,20240726,198.71,200.16,194.53,196.1,198.89,-2.789999999999992,-1.4,601461.67,1952156.132
600036.SH,20240725,201.25,201.86,196.1,198.89,201.01,-2.1200000000000045,-1.05,762078.54,2496804.673
600036.SH,20240724,202.64,203.43,200.1,201.01,201.98,-0.9699999999999989,-0.48,482452.94,1604648.703
600036.SH,20240723,201.98,204.22,201.31,201.98,201.98,0.0,0.0,538754.68,1803269.6
600036.SH,20240722,207.01,207.01,200.46,201.98,207.49,-5.510000000000019,-2.66,808205.77,2694241.975
600036.SH,20240719,205.98,207.79,203.49,207.49,206.52,0.9699999999999989,0.47,810072.18,2749172.01
600036.SH,20240718,206.4,207.49,204.52,206.52,206.4,0.12000000000000455,0.06,598627.17,2036474.28
600036.SH,20240717,204.16,207.13,203.86,206.4,204.7,1.700000000000017,0.83,577954.22,1964635.267
600036.SH,20240716,204.52,205.31,202.7,204.7,204.64,0.060000000000002274,0.03,455792.55,1535668.998
600036.SH,20240715,205.98,206.28,204.28,204.64,205.98,-1.3400000000000034,-0.65,474603.66,1605883.747
600036.SH,20240712,199.98,206.46,199.98,205.98,199.31,6.6699999999999875,3.35,944904.25,3199683.547
600036.SH,20240711,200.4,200.7,198.65,199.31,198.16,1.1500000000000057,0.58,732388.96,2411951.386
600036.SH,20240710,196.96,199.99,196.85,198.16,196.96,1.1999999999999886,0.61,726314.24,2524474.646
600036.SH,20240709,194.22,197.42,192.68,196.96,194.22,2.740000000000009,1.41,621037.01,2124005.154
600036.SH,20240708,193.42,195.59,192.62,194.22,193.59,0.6299999999999955,0.33,545730.02,1855611.836
600036.SH,20240705,198.33,199.02,192.33,193.59,198.33,-4.740000000000009,-2.39,967782.76,3295568.199
600036.SH,20240704,197.36,200.22,197.02,198.33,196.9,1.4300000000000068,0.73,696918.92,2424281.266
600036.SH,20240703,200.05,200.5,196.05,196.9,200.45,-3.549999999999983,-1.77,691372.7,2388331.234
600036.SH,20240702,196.45,201.42,196.33,200.45,196.33,4.119999999999976,2.1,868770.71,3041833.255
600036.SH,20240701,195.36,196.56,193.99,196.33,195.36,0.9699999999999989,0.5,472238.65,1616131.283
600036.SH,20240628,195.42,197.02,194.5,195.36,195.76,-0.39999999999997726,-0.2,525749.4,1799951.939
600036.SH,20240627,194.05,196.22,193.3,195.76,194.62,1.1399999999999864,0.59,555172.6,1894891.373
600036.SH,20240626,195.3,196.33,193.99,194.62,195.99,-1.3700000000000045,-0.7,452638.01,1545807.548
600036.SH,20240625,194.68,196.97,194.11,196.0,194.68,1.3199999999999932,0.68,638160.2,2187945.494
600036.SH,20240624,193.08,195.53,191.36,194.68,192.56,2.1200000000000045,1.1,692589.54,2350203.464
600036.SH,20240621,193.59,194.73,191.36,192.56,194.33,-1.7700000000000102,-0.91,523962.8,1765822.362
600036.SH,20240620,195.19,195.59,193.7,194.33,195.13,-0.799999999999983,-0.41,392466.67,1336247.232
600036.SH,20240619,192.62,196.56,192.33,195.13,192.62,2.509999999999991,1.3,585937.22,1997678.159
600036.SH,20240618,193.48,195.99,192.1,192.62,192.73,-0.10999999999998522,-0.06,453675.39,1538144.777
600036.SH,20240617,191.99,193.13,190.79,192.73,193.19,-0.46000000000000796,-0.24,457682.48,1539063.152
600036.SH,20240614,187.53,194.39,187.53,193.19,187.53,5.659999999999997,3.02,991674.29,3324856.785
600036.SH,20240613,189.7,189.82,186.96,187.53,189.08,-1.5500000000000114,-0.82,550184.21,1808251.998
600036.SH,20240612,190.56,190.62,188.28,189.08,190.62,-1.539999999999992,-0.81,511380.59,1693037.688
600036.SH,20240611,193.02,194.1,189.25,190.62,194.22,-3.5999999999999943,-1.85,690448.31,2309722.313
600036.SH,20240607,194.56,195.7,192.28,194.22,194.28,-0.060000000000002274,-0.03,678265.59,2298090.33
600036.SH,20240606,194.79,195.42,193.02,194.28,194.22,0.060000000000002274,0.03,677240.66,2302856.624
600036.SH,20240605,198.16,198.28,193.65,194.22,197.36,-3.140000000000015,-1.59,691041.22,2359792.656
600036.SH,20240604,195.13,198.16,194.85,197.36,195.13,2.230000000000018,1.14,533788.42,1840296.169
600036.SH,20240603,195.53,196.45,193.82,195.13,195.88,-0.75,-0.38,608111.35,2071791.245
600036.SH,20240531,197.3,197.7,195.88,195.88,196.22,-0.3400000000000034,-0.17,508932.48,1752657.846
600036.SH,20240530,196.85,199.42,195.3,196.22,197.53,-1.3100000000000023,-0.66,559244.84,1928489.154
600036.SH,20240529,198.56,200.33,196.9,197.53,199.02,-1.490000000000009,-0.75,491041.18,1703567.318
600036.SH,20240528,200.56,201.88,198.39,199.02,200.79,-1.7699999999999818,-0.88,476190.58,1660811.058
600036.SH,20240527,199.13,201.19,198.56,200.79,198.5,2.289999999999992,1.15,570938.14,1997775.669
600036.SH,20240524,201.7,202.73,198.05,198.5,202.85,-4.349999999999994,-2.14,870440.0,3051224.758
600036.SH,20240523,205.13,205.76,201.82,202.85,206.05,-3.200000000000017,-1.55,924584.95,3284073.837
600036.SH,20240522,206.96,207.88,204.33,206.05,207.08,-1.0300000000000011,-0.5,664477.39,2398900.244
600036.SH,20240521,207.76,208.68,206.45,207.08,207.88,-0.799999999999983,-0.38,445999.44,1620630.88
600036.SH,20240520,210.56,211.42,206.22,207.88,210.56,-2.680000000000007,-1.27,914250.0,3337501.051
600036.SH,20240517,207.42,210.85,206.05,210.56,207.13,3.430000000000007,1.66,916879.44,3342837.158
600036.SH,20240516,200.45,208.28,199.99,207.13,200.28,6.849999999999994,3.42,1291475.53,4659047.071
600036.SH,20240515,201.88,202.5,198.22,200.28,201.93,-1.6500000000000057,-0.82,674944.06,2361226.415
600036.SH,20240514,205.08,206.45,201.13,201.93,205.19,-3.259999999999991,-1.59,687778.84,2440460.309
600036.SH,20240513,202.5,206.1,201.88,205.19,203.53,1.6599999999999966,0.82,747800.26,2674602.938
600036.SH,20240510,199.08,204.85,198.85,203.53,199.08,4.449999999999989,2.24,940365.7,3331360.84
600036.SH,20240509,197.7,199.59,197.7,199.08,197.53,1.5500000000000114,0.78,512391.31,1782846.432
600036.SH,20240508,198.96,199.76,197.42,197.53,199.25,-1.7199999999999989,-0.86,412861.58,1434042.865
600036.SH,20240507,199.3,199.7,197.88,199.25,199.3,-0.05000000000001137,-0.03,473848.57,1649813.221
600036.SH,20240506,200.56,202.05,198.39,199.3,196.05,3.25,1.66,1000704.94,3501168.456
600036.SH,20240430,196.56,197.59,194.56,196.05,199.3,-3.25,-1.63,868041.8,2982962.844
600036.SH,20240429,196.56,200.9,195.42,199.3,197.02,2.280000000000001,1.16,818064.12,2854804.596
600036.SH,20240426,196.56,199.25,195.53,197.02,196.56,0.46000000000000796,0.23,954898.83,3292052.902
600036.SH,20240425,191.08,196.56,190.73,196.56,191.19,5.3700000000000045,2.81,919481.8,3136628.386
600036.SH,20240424,190.73,191.7,189.13,191.19,190.73,0.46000000000000796,0.24,443383.53,1480785.929
600036.SH,20240423,190.28,193.25,189.88,190.73,190.5,0.22999999999998977,0.12,512452.44,1717681.682
600036.SH,20240422,193.02,195.36,188.85,190.5,192.1,-1.5999999999999943,-0.83,607535.07,2034006.573
600036.SH,20240419,191.76,193.36,190.96,192.1,192.28,-0.18000000000000682,-0.09,540383.5,1818443.521
600036.SH,20240418,190.05,194.85,189.65,192.28,190.28,2.0,1.05,1006574.01,3393695.785
600036.SH,20240417,186.79,191.36,185.53,190.28,187.13,3.1500000000000057,1.68,948211.96,3131202.074
600036.SH,20240416,186.9,188.39,185.42,187.13,187.59,-0.46000000000000796,-0.25,741556.1,2429469.045
600036.SH,20240415,183.42,188.56,183.36,187.59,183.53,4.060000000000002,2.21,764644.73,2503221.029
600036.SH,20240412,184.45,185.53,183.19,183.53,184.56,-1.0300000000000011,-0.56,478204.14,1540845.216
600036.SH,20240411,184.62,185.25,183.59,184.56,185.65,-1.0900000000000034,-0.59,443747.73,1432073.801
600036.SH,20240410,183.93,186.73,183.93,185.65,184.62,1.0300000000000011,0.56,504013.72,1638691.786
600036.SH,20240409,185.71,186.45,184.62,184.62,185.13,-0.5099999999999909,-0.28,384772.07,1248965.235
600036.SH,20240408,184.22,186.05,183.02,185.13,184.16,0.9699999999999989,0.53,477291.23,1544564.957
600036.SH,20240403,185.93,186.45,184.16,184.16,185.99,-1.8300000000000125,-0.98,498081.63,1612691.616
600036.SH,20240402,186.85,188.1,185.36,185.99,186.5,-0.5099999999999909,-0.27,536618.99,1753251.097
600036.SH,20240401,183.88,187.7,183.88,186.5,183.99,2.509999999999991,1.36,570152.32,1861582.316
600036.SH,20240329,183.42,186.5,183.25,183.99,183.88,0.11000000000001364,0.06,514001.31,1663236.764
600036.SH,20240328,184.79,185.71,183.25,183.88,184.56,-0.6800000000000068,-0.37,694744.92,2242513.222
600036.SH,20240327,184.51,186.56,184.05,184.56,185.13,-0.5699999999999932,-0.31,782084.88,2539984.05
600036.SH,20240326,181.71,186.62,181.31,185.13,179.13,6.0,3.35,1244307.91,4014510.51
600036.SH,20240325,177.76,180.05,176.68,179.13,178.28,0.8499999999999943,0.48,483759.02,1514858.505
600036.SH,20240322,180.16,180.28,176.56,178.28,180.28,-2.0,-1.11,552878.52,1722145.156
600036.SH,20240321,178.11,181.48,177.42,180.28,178.16,2.1200000000000045,1.19,646761.08,2040298.376
600036.SH,20240320,175.99,178.28,175.19,178.16,175.99,2.1699999999999875,1.23,498272.25,1544956.631
600036.SH,20240319,177.71,177.76,175.59,175.99,177.88,-1.8899999999999864,-1.06,547025.3,1688506.946
600036.SH,20240318,177.99,179.08,177.13,177.88,178.16,-0.28000000000000114,-0.16,461897.7,1436837.36
600036.SH,20240315,178.51,179.53,177.13,178.16,178.56,-0.4000000000000057,-0.22,520780.63,1621589.213
600036.SH,20240314,179.76,181.25,178.05,178.56,180.11,-1.5500000000000114,-0.86,508174.98,1595073.269
600036.SH,20240313,182.62,182.79,179.59,180.11,182.56,-2.4499999999999886,-1.34,469387.14,1482651.384
600036.SH,20240312,179.53,183.71,178.73,182.56,179.88,2.680000000000007,1.49,769253.75,2447163.517
600036.SH,20240311,180.28,181.42,178.28,179.88,180.96,-1.0800000000000125,-0.6,738537.94,2318402.185
600036.SH,20240308,182.22,182.91,180.28,180.96,182.85,-1.8899999999999864,-1.03,441071.17,1399732.269
600036.SH,20240307,182.11,183.59,181.59,182.85,182.11,0.7399999999999807,0.41,519491.97,1659111.449
600036.SH,20240306,183.65,184.33,182.11,182.11,183.88,-1.7699999999999818,-0.96,516101.77,1655425.115
600036.SH,20240305,179.53,184.05,178.91,183.88,180.11,3.769999999999982,2.09,894028.67,2850224.114
600036.SH,20240304,181.48,182.11,179.82,180.11,182.51,-2.3999999999999773,-1.31,591350.15,1868022.544
600036.SH,20240301,182.39,183.31,181.42,182.51,183.08,-0.5700000000000216,-0.31,427173.92,1361853.701
600036.SH,20240229,182.22,183.99,181.99,183.08,182.96,0.12000000000000455,0.07,498928.29,1595634.178
600036.SH,20240228,184.51,184.51,180.56,182.96,183.88,-0.9199999999999875,-0.5,683707.52,2186677.932
600036.SH,20240227,184.22,185.13,182.79,183.88,184.28,-0.4000000000000057,-0.22,543491.54,1746108.592
600036.SH,20240226,187.76,188.9,183.31,184.28,188.28,-4.0,-2.12,666390.18,2163023.087
600036.SH,20240223,187.48,190.85,186.39,188.28,187.42,0.8600000000000136,0.46,639848.72,2118316.307
600036.SH,20240222,187.48,188.28,185.08,187.42,188.56,-1.1400000000000148,-0.6,752760.38,2461009.465
600036.SH,20240221,179.42,190.79,179.13,188.56,179.42,9.140000000000015,5.09,1528656.12,5003152.628
600036.SH,20240220,180.68,180.68,178.79,179.42,180.68,-1.2600000000000193,-0.7,606404.69,1907541.533
600036.SH,20240219,182.79,182.79,179.48,180.68,179.42,1.2600000000000193,0.7,875490.1,2770406.837
600036.SH,20240208,178.91,179.71,177.25,179.42,178.91,0.5099999999999909,0.29,873004.36,2728137.528
600036.SH,20240207,179.53,179.88,176.05,178.91,179.02,-0.11000000000001364,-0.06,1110510.58,3458135.329
600036.SH,20240206,175.48,179.13,174.85,179.02,175.48,3.5400000000000205,2.02,1062158.43,3296036.54
600036.SH,20240205,172.73,176.85,171.76,175.48,172.73,2.75,1.59,1063978.81,3246673.368
600036.SH,20240202,173.99,175.19,169.36,172.73,173.82,-1.0900000000000034,-0.63,987291.65,2986530.108
600036.SH,20240201,175.25,176.22,172.56,173.82,175.48,-1.6599999999999966,-0.95,859700.09,2621519.218
600036.SH,20240131,176.68,178.22,174.79,175.48,177.13,-1.6500000000000057,-0.93,808949.28,2494516.011
600036.SH,20240130,178.28,179.99,175.88,177.13,179.13,-2.0,-1.12,743999.13,2316762.5
600036.SH,20240129,178.28,180.56,178.11,179.13,177.82,1.3100000000000023,0.74,838824.33,2632393.04
600036.SH,20240126,176.68,179.13,175.19,177.82,176.56,1.259999999999991,0.71,1009915.78,3132788.305
600036.SH,20240125,173.19,177.13,172.45,176.56,171.93,4.6299999999999955,2.69,1234509.22,3791899.866
600036.SH,20240124,172.28,173.08,167.88,171.93,171.36,0.5699999999999932,0.33,974892.39,2904947.629
600036.SH,20240123,171.48,173.42,170.28,171.36,172.85,-1.4899999999999807,-0.86,886055.52,2661547.376
600036.SH,20240122,170.05,174.28,169.71,172.85,169.88,2.969999999999999,1.75,1549702.67,4691297.1
600036.SH,20240119,167.82,170.85,166.51,169.88,169.02,0.8599999999999852,0.51,968616.23,2865398.412
600036.SH,20240118,165.36,169.59,163.42,169.02,166.79,2.230000000000018,1.34,1295126.45,3762050.846
600036.SH,20240117,166.39,169.02,165.88,166.79,166.45,0.3400000000000034,0.2,1308601.46,3843478.823
600036.SH,20240116,163.59,166.45,163.42,166.45,164.39,2.0600000000000023,1.25,853440.24,2469511.282
600036.SH,20240115,162.85,165.36,162.11,164.39,163.08,1.3099999999999739,0.8,482452.29,1383953.76
600036.SH,20240112,161.48,164.45,161.48,163.08,162.16,0.9200000000000159,0.57,577832.01,1652242.626
600036.SH,20240111,159.99,163.25,159.13,162.16,160.28,1.8799999999999955,1.17,735318.26,2082611.272
600036.SH,20240110,160.11,161.99,160.11,160.28,160.96,-0.6800000000000068,-0.42,453640.48,1277638.873
600036.SH,20240109,160.68,161.59,159.42,160.96,160.73,0.2300000000000182,0.14,558663.06,1569684.23
600036.SH,20240108,160.96,163.36,159.71,160.73,161.65,-0.9200000000000159,-0.57,816820.7,2305065.736
600036.SH,20240105,158.56,164.45,157.82,161.65,158.91,2.740000000000009,1.72,1190633.15,3376466.447
600036.SH,20240104,158.62,159.02,156.34,158.91,158.68,0.22999999999998977,0.14,637102.49,1759101.593
600036.SH,20240103,157.59,159.08,157.25,158.68,157.59,1.0900000000000034,0.69,433955.88,1200383.624
600036.SH,20240102,159.71,159.76,157.48,157.59,158.96,-1.3700000000000045,-0.86,542194.8,1500865.548
600036.SH,20231229,159.42,160.28,158.68,158.96,159.93,-0.9699999999999989,-0.61,655773.45,1827818.811
600036.SH,20231228,155.71,160.73,155.71,159.93,155.99,3.9399999999999977,2.53,1061062.85,2953200.858
600036.SH,20231227,156.16,156.39,154.56,155.99,155.82,0.17000000000001592,0.11,410636.87,1117439.216
600036.SH,20231226,157.08,157.08,155.19,155.82,157.31,-1.490000000000009,-0.95,365257.08,997177.589
600036.SH,20231225,157.71,158.39,156.68,157.31,157.76,-0.44999999999998863,-0.29,419033.86,1154001.375
600036.SH,20231222,158.73,159.13,156.62,157.76,158.33,-0.5700000000000216,-0.36,623643.72,1721377.205
600036.SH,20231221,154.16,158.56,153.82,158.33,154.62,3.710000000000008,2.4,759104.81,2082187.758
600036.SH,20231220,156.05,156.62,154.62,154.62,155.94,-1.3199999999999932,-0.85,531128.08,1446520.286
600036.SH,20231219,155.42,156.28,154.39,155.94,155.88,0.060000000000002274,0.04,376573.73,1024185.206
600036.SH,20231218,154.28,156.45,153.71,155.88,155.59,0.28999999999999204,0.19,477164.25,1299068.335
600036.SH,20231215,156.96,160.28,155.42,155.59,154.45,1.1400000000000148,0.74,980686.59,2697705.037
600036.SH,20231214,156.79,157.93,154.45,154.45,155.54,-1.0900000000000034,-0.7,445268.08,1214879.008
600036.SH,20231213,159.53,159.53,155.42,155.54,160.28,-4.740000000000009,-2.96,671239.32,1844591.027
600036.SH,20231212,158.28,160.39,157.76,160.28,158.62,1.6599999999999966,1.05,504201.11,1409339.298
600036.SH,20231211,155.71,159.13,153.71,158.62,157.14,1.4800000000000182,0.94,758085.97,2067921.108
600036.SH,20231208,158.28,159.71,157.14,157.14,158.91,-1.7700000000000102,-1.11,533497.65,1479206.064
600036.SH,20231207,158.68,159.65,155.94,158.91,158.62,0.28999999999999204,0.18,594966.98,1643064.047
600036.SH,20231206,157.48,159.76,156.85,158.62,157.19,1.4300000000000068,0.91,611259.26,1697947.805
600036.SH,20231205,160.33,160.39,157.14,157.19,160.45,-3.259999999999991,-2.03,618901.67,1717656.519
600036.SH,20231204,161.53,162.62,160.11,160.45,161.48,-1.0300000000000011,-0.64,557878.3,1569603.288
600036.SH,20231201,164.11,164.22,160.39,161.48,164.51,-3.030000000000001,-1.84,882736.44,2496795.77
600036.SH,20231130,164.56,165.59,163.42,164.51,164.56,-0.05000000000001137,-0.03,551560.06,1585194.742
600036.SH,20231129,166.85,167.08,163.88,164.56,166.62,-2.0600000000000023,-1.24,620637.52,1789462.813
600036.SH,20231128,168.05,168.51,165.93,166.62,167.99,-1.3700000000000045,-0.82,475165.11,1389229.278
600036.SH,20231127,171.42,171.59,167.36,167.99,171.42,-3.4299999999999784,-2.0,581019.58,1714186.982
600036.SH,20231124,171.76,171.99,171.02,171.42,172.22,-0.8000000000000114,-0.46,291162.76,873539.196
600036.SH,20231123,171.53,172.62,171.13,172.22,172.33,-0.11000000000001364,-0.06,299793.83,900540.283
600036.SH,20231122,173.13,173.76,172.28,172.33,173.88,-1.549999999999983,-0.89,273705.42,828342.908
600036.SH,20231121,175.71,176.39,173.53,173.88,174.73,-0.8499999999999943,-0.49,488544.7,1497630.759
600036.SH,20231120,173.36,174.79,172.22,174.73,173.31,1.4199999999999875,0.82,369227.08,1123420.442
600036.SH,20231117,174.05,174.39,171.99,173.31,174.51,-1.1999999999999886,-0.69,432452.82,1308022.703
600036.SH,20231116,175.25,175.82,173.53,174.51,175.08,-0.5700000000000216,-0.33,315719.93,965161.754
600036.SH,20231115,173.99,175.82,173.65,175.08,172.56,2.5200000000000102,1.46,601939.6,1842095.992
600036.SH,20231114,170.68,172.56,170.62,172.56,170.39,2.170000000000016,1.27,448342.67,1347710.79
600036.SH,20231113,172.39,172.96,169.19,170.39,172.33,-1.9400000000000261,-1.13,634242.73,1891693.842
600036.SH,20231110,174.28,174.62,171.99,172.33,175.19,-2.859999999999985,-1.63,516964.62,1561581.974
600036.SH,20231109,174.56,175.88,174.39,175.19,174.85,0.3400000000000034,0.19,327649.58,1003833.045
600036.SH,20231108,175.65,175.88,174.28,174.85,175.99,-1.1400000000000148,-0.65,445182.98,1363161.957
600036.SH,20231107,177.93,177.93,175.13,175.99,177.93,-1.9399999999999977,-1.09,516240.67,1589834.114
600036.SH,20231106,177.99,179.13,176.91,177.93,177.08,0.8499999999999943,0.48,519823.85,1617714.882
600036.SH,20231103,175.31,177.36,174.85,177.08,175.31,1.7700000000000102,1.01,439568.79,1357177.293
600036.SH,20231102,174.85,176.05,174.33,175.31,173.99,1.3199999999999932,0.76,364667.71,1118895.486
600036.SH,20231101,175.99,176.45,173.88,173.99,175.76,-1.7699999999999818,-1.01,529897.07,1617976.148
600036.SH,20231031,175.65,177.08,174.91,175.76,176.56,-0.8000000000000114,-0.45,528015.99,1624462.29
600036.SH,20231030,177.19,177.88,174.56,176.56,180.16,-3.5999999999999943,-2.0,838500.56,2582604.676
600036.SH,20231027,179.71,180.85,177.99,180.16,179.99,0.1699999999999875,0.09,391452.76,1231933.968
600036.SH,20231026,179.19,181.42,178.62,179.99,179.53,0.46000000000000796,0.26,287029.85,904374.422
600036.SH,20231025,180.56,181.42,178.28,179.53,178.85,0.6800000000000068,0.38,375693.32,1179249.724
600036.SH,20231024,179.31,179.48,177.36,178.85,178.45,0.4000000000000057,0.22,365526.63,1142319.006
600036.SH,20231023,180.51,180.85,177.13,178.45,180.85,-2.4000000000000057,-1.33,393801.84,1232365.016
600036.SH,20231020,179.93,181.76,179.42,180.85,180.39,0.46000000000000796,0.26,372589.37,1178535.483
600036.SH,20231019,185.13,185.13,180.11,180.39,185.65,-5.260000000000019,-2.83,604293.38,1922080.369
600036.SH,20231018,185.65,186.5,185.19,185.65,185.82,-0.1699999999999875,-0.09,249316.67,810933.178
600036.SH,20231017,185.08,186.28,184.11,185.82,184.62,1.1999999999999886,0.65,286229.14,928757.316
600036.SH,20231016,186.16,186.62,184.22,184.62,186.33,-1.710000000000008,-0.92,286774.14,928068.013
600036.SH,20231013,187.3,187.88,185.76,186.33,188.96,-2.6299999999999955,-1.39,410371.87,1341527.525
600036.SH,20231012,188.5,190.45,187.3,188.96,185.42,3.5400000000000205,1.91,617459.63,2041713.576
600036.SH,20231011,187.65,187.7,185.13,185.42,186.22,-0.8000000000000114,-0.43,376091.24,1226529.938
600036.SH,20231010,189.25,189.3,186.22,186.22,186.16,0.060000000000002274,0.03,342636.98,1123856.356
600036.SH,20231009,186.85,186.85,185.02,186.16,188.39,-2.2299999999999898,-1.18,361342.67,1176010.754
600036.SH,20230928,188.68,189.36,187.13,188.39,187.53,0.8599999999999852,0.46,388564.69,1280959.169
600036.SH,20230927,187.99,189.08,187.13,187.53,187.42,0.11000000000001364,0.06,352466.79,1159673.83
600036.SH,20230926,188.16,189.02,187.13,187.42,188.56,-1.1400000000000148,-0.6,322023.56,1058673.65
600036.SH,20230925,190.16,190.16,187.99,188.56,190.5,-1.9399999999999977,-1.02,456515.41,1506238.619
