indiv_chip_ts_code,indiv_chip_trade_date,indiv_chip_his_low,indiv_chip_his_high,indiv_chip_cost_5pct,indiv_chip_cost_15pct,indiv_chip_cost_50pct,indiv_chip_cost_85pct,indiv_chip_cost_95pct,indiv_chip_weight_avg,indiv_chip_winner_rate
600519.SH,20251023,19.3,2335.3,1351.0,1408.9,1466.8,1679.1,2084.4,1536.4,52.24
600519.SH,20251022,19.3,2335.3,1351.0,1408.9,1466.8,1679.1,2084.4,1536.63,42.01
600519.SH,20251021,19.3,2335.3,1351.0,1408.9,1466.8,1679.1,2084.4,1536.69,41.92
600519.SH,20251020,19.3,2335.3,1351.0,1408.9,1466.8,1679.1,2084.4,1536.74,41.93
600519.SH,20251017,19.3,2335.3,1351.0,1408.9,1466.8,1679.1,2084.4,1536.8,41.94
600519.SH,20251016,19.3,2335.3,1351.0,1408.9,1466.8,1679.1,2084.4,1536.76,51.67
600519.SH,20251015,19.3,2335.3,1351.0,1408.9,1466.8,1679.1,2084.4,1536.82,42.44
600519.SH,20251014,19.3,2335.3,1351.0,1408.9,1466.8,1679.1,2084.4,1536.57,42.15
600519.SH,20251013,19.3,2335.3,1331.7,1408.9,1466.8,1679.1,2084.4,1537.54,19.79
600519.SH,20251010,19.3,2335.3,1331.7,1408.9,1466.8,1679.1,2084.4,1537.99,30.93
600519.SH,20251009,19.3,2335.3,1331.7,1408.9,1466.8,1679.1,2084.4,1538.23,30.62
600519.SH,20250930,19.3,2335.3,1331.7,1408.9,1486.1,1679.1,2084.4,1538.65,30.16
600519.SH,20250929,19.3,2335.3,1331.7,1408.9,1486.1,1679.1,2084.4,1538.89,40.17
600519.SH,20250926,19.3,2335.3,1331.7,1408.9,1486.1,1679.1,2084.4,1539.09,30.31
600519.SH,20250925,19.3,2335.3,1331.7,1408.9,1486.1,1679.1,2084.4,1539.45,29.91
600519.SH,20250924,19.3,2335.3,1331.7,1408.9,1486.1,1679.1,2084.4,1539.64,29.69
600519.SH,20250923,19.3,2335.3,1331.7,1408.9,1486.1,1679.1,2084.4,1539.94,29.64
600519.SH,20250922,19.3,2335.3,1331.7,1408.9,1486.1,1679.1,2084.4,1539.89,38.79
600519.SH,20250919,19.3,2335.3,1331.7,1408.9,1486.1,1679.1,2084.4,1540.26,47.93
600519.SH,20250918,19.3,2335.3,1331.7,1408.9,1486.1,1679.1,2084.4,1539.88,47.72
600519.SH,20250917,19.3,2335.3,1331.7,1408.9,1486.1,1679.1,2084.4,1540.38,55.84
600519.SH,20250916,19.3,2335.3,1331.7,1408.9,1486.1,1679.1,2084.4,1540.24,55.96
600519.SH,20250915,19.3,2335.3,1331.7,1408.9,1486.1,1679.1,2084.4,1539.91,63.37
600519.SH,20250912,19.3,2335.3,1331.7,1408.9,1486.1,1679.1,2084.4,1539.63,63.32
600519.SH,20250911,19.3,2335.3,1331.7,1408.9,1486.1,1679.1,2084.4,1539.67,63.51
600519.SH,20250910,19.3,2335.3,1331.7,1408.9,1486.1,1679.1,2084.4,1538.99,63.66
600519.SH,20250909,19.3,2335.3,1331.7,1408.9,1486.1,1679.1,2084.4,1539.05,57.66
600519.SH,20250908,19.3,2335.3,1331.7,1408.9,1486.1,1679.1,2084.4,1538.64,57.77
600519.SH,20250905,19.3,2335.3,1331.7,1408.9,1466.8,1679.1,2084.4,1538.79,50.26
600519.SH,20250904,19.3,2335.3,1331.7,1408.9,1466.8,1679.1,2084.4,1538.39,50.2
600519.SH,20250903,19.3,2335.3,1331.7,1408.9,1486.1,1679.1,2084.4,1538.8,49.97
600519.SH,20250902,19.3,2335.3,1331.7,1408.9,1486.1,1679.1,2084.4,1538.55,57.12
600519.SH,20250901,19.3,2335.3,1331.7,1408.9,1466.8,1679.1,2084.4,1538.86,50.37
600519.SH,20250829,19.3,2335.3,1331.7,1408.9,1466.8,1679.1,2084.4,1538.61,50.31
600519.SH,20250828,19.3,2335.3,1331.7,1408.9,1466.8,1679.1,2084.4,1538.96,33.41
600519.SH,20250827,19.3,2335.3,1331.7,1408.9,1486.1,1679.1,2084.4,1539.03,42.72
600519.SH,20250826,19.3,2335.3,1331.7,1408.9,1486.1,1679.1,2084.4,1539.5,49.39
600519.SH,20250825,19.3,2335.3,1331.7,1408.9,1486.1,1679.1,2084.4,1539.18,55.81
600519.SH,20250822,19.3,2335.3,1331.7,1408.9,1486.1,1698.4,2084.4,1539.21,43.47
600519.SH,20250821,19.3,2335.3,1331.7,1408.9,1486.1,1698.4,2084.4,1539.61,43.19
600519.SH,20250820,19.3,2335.3,1331.7,1408.9,1486.1,1698.4,2084.4,1539.95,42.96
600519.SH,20250819,19.3,2335.3,1331.7,1408.9,1486.1,1698.4,2084.4,1540.08,34.4
600519.SH,20250818,19.3,2335.3,1331.7,1408.9,1486.1,1698.4,2084.4,1540.44,34.12
600519.SH,20250815,19.3,2335.3,1331.7,1408.9,1486.1,1698.4,2084.4,1540.97,24.14
600519.SH,20250814,19.3,2335.3,1331.7,1408.9,1486.1,1698.4,2084.4,1541.41,24.02
600519.SH,20250813,19.3,2335.3,1331.7,1408.9,1486.1,1698.4,2084.4,1541.44,24.17
600519.SH,20250812,19.3,2335.3,1312.4,1408.9,1486.1,1698.4,2084.4,1542.48,32.53
600519.SH,20250811,19.3,2335.3,1312.4,1408.9,1486.1,1698.4,2084.4,1542.74,32.67
600519.SH,20250808,19.3,2335.3,1312.4,1408.9,1486.1,1698.4,2084.4,1542.76,24.31
600519.SH,20250807,19.3,2335.3,1312.4,1408.9,1486.1,1698.4,2084.4,1543.25,24.16
600519.SH,20250806,19.3,2335.3,1312.4,1408.9,1486.1,1698.4,2084.4,1543.54,23.93
600519.SH,20250805,19.3,2335.3,1312.4,1408.9,1486.1,1698.4,2084.4,1543.59,23.86
600519.SH,20250804,19.3,2335.3,1312.4,1408.9,1486.1,1698.4,2084.4,1543.64,23.78
600519.SH,20250801,19.3,2335.3,1312.4,1408.9,1486.1,1698.4,2084.4,1543.98,23.62
600519.SH,20250731,19.3,2335.3,1312.4,1408.9,1486.1,1698.4,2084.4,1544.18,23.36
600519.SH,20250730,19.3,2335.3,1312.4,1408.9,1486.1,1698.4,2084.4,1544.99,38.05
600519.SH,20250729,19.3,2335.3,1312.4,1408.9,1486.1,1698.4,2084.4,1545.18,30.62
600519.SH,20250728,19.3,2335.3,1312.4,1408.9,1486.1,1698.4,2084.4,1545.33,30.58
600519.SH,20250725,19.3,2335.3,1312.4,1408.9,1486.1,1698.4,2084.4,1545.5,37.25
600519.SH,20250724,19.3,2335.3,1312.4,1408.9,1486.1,1698.4,2084.4,1545.96,50.42
600519.SH,20250723,19.3,2335.3,1312.4,1389.6,1486.1,1698.4,2084.4,1545.99,43.65
600519.SH,20250722,19.3,2335.3,1312.4,1389.6,1505.4,1698.4,2084.4,1545.44,37.85
600519.SH,20250721,19.3,2335.3,1312.4,1389.6,1505.4,1698.4,2084.4,1545.99,31.3
600519.SH,20250718,19.3,2335.3,1312.4,1389.6,1505.4,1698.4,2084.4,1546.18,31.13
600519.SH,20250717,19.3,2335.3,1312.4,1389.6,1505.4,1698.4,2084.4,1546.56,24.43
600519.SH,20250716,19.3,2335.3,1312.4,1389.6,1505.4,1698.4,2084.4,1546.64,24.25
600519.SH,20250715,19.3,2335.3,1312.4,1389.6,1505.4,1698.4,2084.4,1546.84,24.08
600519.SH,20250714,19.3,2335.3,1312.4,1389.6,1505.4,1698.4,2084.4,1547.16,23.71
600519.SH,20250711,19.3,2335.3,1312.4,1389.6,1505.4,1698.4,2084.4,1547.61,23.61
600519.SH,20250710,19.3,2335.3,1312.4,1389.6,1505.4,1698.4,2084.4,1548.32,23.77
600519.SH,20250709,19.3,2335.3,1312.4,1389.6,1505.4,1698.4,2084.4,1548.48,23.63
600519.SH,20250708,19.3,2335.3,1312.4,1389.6,1505.4,1698.4,2084.4,1548.94,23.53
600519.SH,20250707,19.3,2335.3,1312.4,1389.6,1505.4,1698.4,2084.4,1549.15,23.37
600519.SH,20250704,19.3,2335.3,1312.4,1389.6,1505.4,1698.4,2084.4,1549.41,23.17
600519.SH,20250703,19.3,2335.3,1312.4,1389.6,1505.4,1698.4,2084.4,1549.72,23.07
600519.SH,20250702,19.3,2335.3,1312.4,1389.6,1505.4,1698.4,2084.4,1550.01,22.82
600519.SH,20250701,19.3,2335.3,1312.4,1389.6,1505.4,1698.4,2084.4,1550.4,15.82
600519.SH,20250630,19.3,2335.3,1312.4,1389.6,1505.4,1698.4,2084.4,1550.78,22.29
600519.SH,20250627,19.3,2335.3,1312.4,1389.6,1505.4,1698.4,2084.4,1551.21,15.58
600519.SH,20250626,19.3,2335.3,1312.4,1389.6,1505.4,1698.4,2084.4,1551.6,21.53
600519.SH,20250625,19.3,2335.3,1312.4,1389.6,1505.4,1698.4,2084.4,1552.36,15.65
600519.SH,20250624,19.3,2335.3,1312.4,1389.6,1505.4,1698.4,2084.4,1552.68,20.76
600519.SH,20250623,19.3,2335.3,1312.4,1389.6,1505.4,1698.4,2084.4,1553.36,15.48
600519.SH,20250620,19.3,2335.3,1312.4,1389.6,1505.4,1698.4,2084.4,1553.68,15.15
600519.SH,20250619,19.3,2335.3,1312.4,1408.9,1505.4,1698.4,2084.4,1554.53,14.97
600519.SH,20250618,19.3,2335.3,1312.4,1408.9,1505.4,1698.4,2084.4,1554.78,14.71
600519.SH,20250617,19.3,2335.3,1312.4,1408.9,1505.4,1698.4,2084.4,1555.25,14.54
600519.SH,20250616,19.3,2335.3,1312.4,1408.9,1505.4,1698.4,2084.4,1555.58,14.2
600519.SH,20250613,19.3,2335.3,1312.4,1408.9,1505.4,1698.4,2084.4,1556.53,13.66
600519.SH,20250612,19.3,2335.3,1312.4,1408.9,1505.4,1698.4,2084.4,1557.65,21.92
600519.SH,20250611,19.3,2335.3,1312.4,1408.9,1505.4,1698.4,2084.4,1558.15,28.21
600519.SH,20250610,19.3,2335.3,1312.4,1408.9,1505.4,1698.4,2084.4,1558.27,21.7
600519.SH,20250609,19.3,2335.3,1312.4,1408.9,1505.4,1698.4,2084.4,1558.73,27.67
600519.SH,20250606,19.3,2335.3,1312.4,1408.9,1524.7,1698.4,2084.4,1558.96,34.13
600519.SH,20250605,19.3,2335.3,1312.4,1408.9,1524.7,1698.4,2084.4,1559.07,34.09
600519.SH,20250604,19.3,2335.3,1312.4,1408.9,1524.7,1698.4,2084.4,1559.17,34.05
600519.SH,20250603,19.3,2335.3,1312.4,1408.9,1524.7,1698.4,2084.4,1559.28,34.01
600519.SH,20250530,19.3,2335.3,1312.4,1408.9,1524.7,1698.4,2084.4,1559.1,40.99
600519.SH,20250529,19.3,2335.3,1312.4,1408.9,1524.7,1698.4,2084.4,1559.16,49.0
600519.SH,20250528,19.3,2335.3,1312.4,1408.9,1524.7,1698.4,2084.4,1559.44,48.98
600519.SH,20250527,19.3,2335.3,1312.4,1408.9,1524.7,1698.4,2084.4,1559.27,48.9
600519.SH,20250526,19.3,2335.3,1312.4,1408.9,1524.7,1698.4,2084.4,1559.2,48.95
600519.SH,20250523,19.3,2335.3,1312.4,1408.9,1524.7,1698.4,2084.4,1558.92,56.68
600519.SH,20250522,19.3,2335.3,1312.4,1408.9,1524.7,1698.4,2084.4,1559.08,63.37
600519.SH,20250521,19.3,2335.3,1312.4,1408.9,1524.7,1698.4,2084.4,1558.68,63.34
600519.SH,20250520,19.3,2335.3,1312.4,1408.9,1524.7,1698.4,2084.4,1558.64,63.45
600519.SH,20250519,19.3,2335.3,1312.4,1408.9,1524.7,1698.4,2084.4,1558.6,63.56
600519.SH,20250516,19.3,2335.3,1312.4,1408.9,1505.4,1698.4,2084.4,1558.33,72.55
600519.SH,20250515,19.3,2335.3,1312.4,1408.9,1505.4,1698.4,2084.4,1557.69,72.69
600519.SH,20250514,19.3,2335.3,1312.4,1408.9,1505.4,1698.4,2084.4,1557.61,77.08
600519.SH,20250513,19.3,2335.3,1312.4,1408.9,1505.4,1698.4,2084.4,1557.09,64.62
600519.SH,20250512,19.3,2335.3,1312.4,1408.9,1505.4,1698.4,2084.4,1556.59,69.07
600519.SH,20250509,19.3,2335.3,1312.4,1408.9,1505.4,1698.4,2084.4,1556.6,65.04
600519.SH,20250508,19.3,2335.3,1312.4,1408.9,1505.4,1698.4,2084.4,1556.23,65.17
600519.SH,20250507,19.3,2335.3,1312.4,1408.9,1505.4,1698.4,2084.4,1556.23,59.5
600519.SH,20250506,19.3,2335.3,1312.4,1408.9,1505.4,1698.4,2084.4,1556.11,52.11
600519.SH,20250430,19.3,2335.3,1312.4,1408.9,1505.4,1698.4,2084.4,1556.03,52.17
600519.SH,20250429,19.3,2335.3,1312.4,1408.9,1505.4,1698.4,2084.4,1555.77,52.36
600519.SH,20250428,19.3,2335.3,1312.4,1408.9,1505.4,1698.4,2084.4,1556.04,52.29
600519.SH,20250425,19.3,2335.3,1312.4,1408.9,1505.4,1698.4,2084.4,1555.69,52.33
600519.SH,20250424,19.3,2335.3,1312.4,1408.9,1505.4,1698.4,2084.4,1555.78,52.39
600519.SH,20250423,19.3,2335.3,1312.4,1408.9,1505.4,1698.4,2084.4,1555.7,52.52
600519.SH,20250422,19.3,2335.3,1312.4,1408.9,1505.4,1698.4,2084.4,1555.33,52.56
600519.SH,20250421,19.3,2335.3,1312.4,1408.9,1505.4,1698.4,2084.4,1555.56,52.62
600519.SH,20250418,19.3,2335.3,1312.4,1408.9,1505.4,1698.4,2084.4,1555.31,58.92
600519.SH,20250417,19.3,2335.3,1312.4,1408.9,1505.4,1698.4,2084.4,1555.16,59.01
600519.SH,20250416,19.3,2335.3,1312.4,1408.9,1505.4,1698.4,2084.4,1555.03,59.05
600519.SH,20250415,19.3,2335.3,1312.4,1408.9,1505.4,1698.4,2084.4,1555.06,59.02
600519.SH,20250414,19.3,2335.3,1312.4,1408.9,1505.4,1698.4,2084.4,1554.68,53.39
600519.SH,20250411,19.3,2335.3,1312.4,1408.9,1505.4,1698.4,2084.4,1554.73,58.89
600519.SH,20250410,19.3,2335.3,1312.4,1408.9,1505.4,1698.4,2084.4,1554.74,53.84
600519.SH,20250409,19.3,2335.3,1312.4,1389.6,1505.4,1698.4,2084.4,1554.65,53.83
600519.SH,20250408,19.3,2335.3,1312.4,1389.6,1505.4,1717.7,2084.4,1554.71,53.81
600519.SH,20250407,19.3,2335.3,1312.4,1389.6,1505.4,1717.7,2084.4,1554.43,39.45
600519.SH,20250403,19.3,2335.3,1293.1,1389.6,1505.4,1717.7,2084.4,1556.71,57.28
600519.SH,20250402,19.3,2335.3,1293.1,1389.6,1505.4,1717.7,2084.4,1556.55,52.74
600519.SH,20250401,19.3,2335.3,1293.1,1389.6,1505.4,1717.7,2084.4,1556.45,57.18
600519.SH,20250331,19.3,2335.3,1293.1,1389.6,1505.4,1717.7,2084.4,1556.05,57.12
600519.SH,20250328,19.3,2335.3,1293.1,1389.6,1505.4,1717.7,2084.4,1556.38,62.21
600519.SH,20250327,19.3,2335.3,1293.1,1389.6,1505.4,1717.7,2084.4,1556.06,62.22
600519.SH,20250326,19.3,2335.3,1293.1,1389.6,1505.4,1717.7,2084.4,1556.03,62.28
600519.SH,20250325,19.3,2335.3,1293.1,1389.6,1505.4,1717.7,2084.4,1555.73,62.26
600519.SH,20250324,19.3,2335.3,1293.1,1389.6,1505.4,1717.7,2084.4,1555.72,62.24
600519.SH,20250321,19.3,2335.3,1293.1,1389.6,1505.4,1717.7,2084.4,1555.08,58.12
600519.SH,20250320,19.3,2335.3,1293.1,1389.6,1505.4,1717.7,2084.4,1555.13,66.33
600519.SH,20250319,19.3,2335.3,1293.1,1389.6,1505.4,1717.7,2084.4,1554.6,75.2
600519.SH,20250318,19.3,2335.3,1293.1,1389.6,1505.4,1717.7,2084.4,1553.99,70.96
600519.SH,20250317,19.3,2335.3,1293.1,1389.6,1505.4,1717.7,2084.4,1553.66,75.18
600519.SH,20250314,19.3,2335.3,1293.1,1389.6,1505.4,1717.7,2084.4,1552.55,71.79
600519.SH,20250313,19.3,2335.3,1293.1,1389.6,1486.1,1717.7,2084.4,1553.12,56.92
600519.SH,20250312,19.3,2335.3,1293.1,1389.6,1486.1,1717.7,2084.4,1552.9,56.93
600519.SH,20250311,19.3,2335.3,1293.1,1389.6,1486.1,1717.7,2084.4,1553.16,56.83
600519.SH,20250310,19.3,2335.3,1293.1,1389.6,1486.1,1717.7,2084.4,1553.22,50.72
600519.SH,20250307,19.3,2335.3,1293.1,1389.6,1486.1,1717.7,2084.4,1552.96,50.56
600519.SH,20250306,19.3,2335.3,1293.1,1389.6,1486.1,1717.7,2084.4,1552.96,43.52
600519.SH,20250305,19.3,2335.3,1293.1,1389.6,1486.1,1717.7,2084.4,1553.44,28.73
600519.SH,20250304,19.3,2335.3,1293.1,1389.6,1505.4,1717.7,2084.4,1553.07,28.54
600519.SH,20250303,19.3,2335.3,1293.1,1389.6,1505.4,1717.7,2084.4,1553.9,36.01
600519.SH,20250228,19.3,2335.3,1293.1,1389.6,1505.4,1717.7,2084.4,1553.87,42.75
600519.SH,20250227,19.3,2335.3,1293.1,1389.6,1505.4,1737.0,2084.4,1553.51,36.43
600519.SH,20250226,19.3,2335.3,1293.1,1389.6,1505.4,1737.0,2084.4,1554.52,28.87
600519.SH,20250225,19.3,2335.3,1293.1,1389.6,1505.4,1737.0,2084.4,1554.84,23.12
600519.SH,20250224,19.3,2335.3,1293.1,1389.6,1505.4,1737.0,2084.4,1554.84,35.48
600519.SH,20250221,19.3,2335.3,1293.1,1389.6,1505.4,1737.0,2084.4,1555.34,35.37
600519.SH,20250220,19.3,2335.3,1293.1,1389.6,1505.4,1737.0,2084.4,1555.39,28.59
600519.SH,20250219,19.3,2335.3,1293.1,1389.6,1505.4,1737.0,2084.4,1555.41,35.05
600519.SH,20250218,19.3,2335.3,1293.1,1389.6,1505.4,1737.0,2084.4,1555.35,28.73
600519.SH,20250217,19.3,2335.3,1293.1,1389.6,1505.4,1737.0,2084.4,1556.35,28.81
600519.SH,20250214,19.3,2335.3,1293.1,1389.6,1505.4,1737.0,2084.4,1555.87,28.89
600519.SH,20250213,19.3,2335.3,1293.1,1389.6,1505.4,1737.0,2084.4,1556.74,28.82
600519.SH,20250212,19.3,2335.3,1293.1,1389.6,1505.4,1737.0,2084.4,1556.64,23.88
600519.SH,20250211,19.3,2335.3,1293.1,1389.6,1505.4,1737.0,2084.4,1557.81,18.25
600519.SH,20250210,19.3,2335.3,1293.1,1389.6,1505.4,1737.0,2084.4,1557.5,17.97
600519.SH,20250207,19.3,2335.3,1293.1,1389.6,1505.4,1737.0,2084.4,1558.43,17.88
600519.SH,20250206,19.3,2335.3,1293.1,1389.6,1505.4,1737.0,2084.4,1558.51,14.37
600519.SH,20250205,19.3,2335.3,1293.1,1389.6,1505.4,1737.0,2084.4,1559.49,14.22
600519.SH,20250127,19.3,2335.3,1293.1,1389.6,1505.4,1737.0,2084.4,1559.73,16.92
600519.SH,20250124,19.3,2335.3,1293.1,1389.6,1505.4,1737.0,2084.4,1560.67,16.77
600519.SH,20250123,19.3,2335.3,1293.1,1389.6,1505.4,1737.0,2103.7,1560.38,21.13
600519.SH,20250122,19.3,2335.3,1293.1,1389.6,1505.4,1737.0,2084.4,1561.23,21.01
600519.SH,20250121,19.3,2335.3,1293.1,1389.6,1505.4,1737.0,2084.4,1561.96,25.03
600519.SH,20250120,19.3,2335.3,1293.1,1389.6,1505.4,1737.0,2084.4,1561.67,24.96
600519.SH,20250117,19.3,2335.3,1293.1,1389.6,1505.4,1737.0,2084.4,1562.53,21.03
600519.SH,20250116,19.3,2335.3,1293.1,1389.6,1505.4,1737.0,2084.4,1562.29,20.95
600519.SH,20250115,19.3,2335.3,1293.1,1389.6,1505.4,1737.0,2084.4,1563.07,24.66
600519.SH,20250114,19.3,2335.3,1293.1,1389.6,1505.4,1737.0,2084.4,1562.64,24.5
600519.SH,20250113,19.3,2335.3,1293.1,1389.6,1505.4,1737.0,2084.4,1563.58,21.1
600519.SH,20250110,19.3,2335.3,1293.1,1389.6,1505.4,1737.0,2084.4,1563.6,17.17
600519.SH,20250109,19.3,2335.3,1293.1,1389.6,1524.7,1737.0,2084.4,1563.81,20.61
600519.SH,20250108,19.3,2335.3,1293.1,1389.6,1524.7,1737.0,2084.4,1564.73,20.4
600519.SH,20250107,19.3,2335.3,1293.1,1389.6,1524.7,1737.0,2084.4,1564.95,20.02
600519.SH,20250106,19.3,2335.3,1293.1,1389.6,1524.7,1737.0,2084.4,1565.19,19.78
600519.SH,20250103,19.3,2335.3,1293.1,1389.6,1524.7,1737.0,2084.4,1565.99,22.14
600519.SH,20250102,19.3,2335.3,1293.1,1389.6,1524.7,1737.0,2084.4,1566.11,26.7
600519.SH,20241231,19.3,2335.3,1273.8,1370.3,1524.7,1737.0,2084.4,1566.75,40.96
600519.SH,20241230,19.3,2335.3,1273.8,1370.3,1524.7,1737.0,2084.4,1566.31,40.97
600519.SH,20241227,19.3,2335.3,1273.8,1370.3,1524.7,1737.0,2084.4,1566.71,40.97
600519.SH,20241226,19.3,2335.3,1273.8,1370.3,1524.7,1737.0,2084.4,1566.61,40.97
600519.SH,20241225,19.3,2335.3,1273.8,1370.3,1524.7,1737.0,2084.4,1567.12,40.98
600519.SH,20241224,19.3,2335.3,1273.8,1370.3,1524.7,1737.0,2084.4,1566.66,47.69
600519.SH,20241223,19.3,2335.3,1273.8,1370.3,1524.7,1737.0,2084.4,1567.16,41.1
600519.SH,20241220,19.3,2335.3,1273.8,1370.3,1524.7,1737.0,2084.4,1566.77,41.09
600519.SH,20241219,19.3,2335.3,1273.8,1370.3,1524.7,1737.0,2084.4,1567.28,41.1
600519.SH,20241218,19.3,2335.3,1273.8,1370.3,1524.7,1737.0,2084.4,1566.61,47.06
600519.SH,20241217,19.3,2335.3,1273.8,1370.3,1524.7,1737.0,2084.4,1566.91,41.31
600519.SH,20241216,19.3,2335.3,1273.8,1370.3,1524.7,1737.0,2084.4,1567.56,34.79
600519.SH,20241213,19.3,2335.3,1273.8,1370.3,1524.7,1737.0,2084.4,1567.02,34.51
600519.SH,20241212,19.3,2335.3,1273.8,1370.3,1524.7,1737.0,2084.4,1567.77,45.82
600519.SH,20241211,19.3,2335.3,1273.8,1370.3,1524.7,1737.0,2084.4,1567.41,34.51
600519.SH,20241210,19.3,2335.3,1273.8,1370.3,1524.7,1737.0,2084.4,1567.95,40.16
600519.SH,20241209,19.3,2335.3,1273.8,1370.3,1544.0,1737.0,2084.4,1568.49,29.13
600519.SH,20241206,19.3,2335.3,1273.8,1370.3,1544.0,1737.0,2084.4,1568.04,34.84
600519.SH,20241205,19.3,2335.3,1273.8,1370.3,1544.0,1737.0,2084.4,1569.01,29.28
600519.SH,20241204,19.3,2335.3,1273.8,1370.3,1544.0,1737.0,2084.4,1568.24,34.43
600519.SH,20241203,19.3,2335.3,1273.8,1370.3,1544.0,1737.0,2084.4,1568.65,34.19
600519.SH,20241202,19.3,2335.3,1273.8,1370.3,1544.0,1737.0,2084.4,1568.71,33.96
600519.SH,20241129,19.3,2335.3,1273.8,1370.3,1544.0,1737.0,2084.4,1569.65,33.76
600519.SH,20241128,19.3,2335.3,1273.8,1370.3,1544.0,1737.0,2084.4,1569.07,29.35
600519.SH,20241127,19.3,2335.3,1273.8,1370.3,1544.0,1737.0,2084.4,1569.49,33.36
600519.SH,20241126,19.3,2335.3,1273.8,1370.3,1544.0,1737.0,2084.4,1569.88,29.2
600519.SH,20241125,19.3,2335.3,1273.8,1370.3,1544.0,1737.0,2084.4,1570.17,25.15
600519.SH,20241122,19.3,2335.3,1273.8,1370.3,1544.0,1737.0,2084.4,1570.45,28.78
600519.SH,20241121,19.3,2335.3,1273.8,1370.3,1544.0,1737.0,2084.4,1571.1,37.53
600519.SH,20241120,19.3,2335.3,1273.8,1370.3,1544.0,1737.0,2084.4,1570.6,37.37
600519.SH,20241119,19.3,2335.3,1273.8,1370.3,1544.0,1737.0,2084.4,1570.75,37.18
600519.SH,20241118,19.3,2335.3,1273.8,1370.3,1544.0,1737.0,2084.4,1571.13,41.84
600519.SH,20241115,19.3,2335.3,1273.8,1370.3,1544.0,1737.0,2084.4,1571.15,41.66
600519.SH,20241114,19.3,2335.3,1273.8,1370.3,1544.0,1737.0,2084.4,1571.14,41.56
600519.SH,20241113,19.3,2335.3,1273.8,1370.3,1544.0,1737.0,2084.4,1571.12,41.56
600519.SH,20241112,19.3,2335.3,1273.8,1370.3,1544.0,1737.0,2084.4,1570.95,41.55
600519.SH,20241111,19.3,2335.3,1273.8,1370.3,1544.0,1737.0,2084.4,1570.86,45.8
600519.SH,20241108,19.3,2335.3,1273.8,1370.3,1544.0,1737.0,2084.4,1570.87,50.85
600519.SH,20241107,19.3,2335.3,1273.8,1370.3,1544.0,1737.0,2084.4,1570.08,62.18
600519.SH,20241106,19.3,2335.3,1273.8,1370.3,1544.0,1737.0,2103.7,1570.95,43.01
600519.SH,20241105,19.3,2335.3,1273.8,1370.3,1544.0,1737.0,2103.7,1570.47,43.01
600519.SH,20241104,19.3,2335.3,1273.8,1370.3,1544.0,1737.0,2103.7,1571.04,39.47
600519.SH,20241101,19.3,2335.3,1273.8,1370.3,1544.0,1737.0,2103.7,1570.84,35.03
600519.SH,20241031,19.3,2335.3,1273.8,1370.3,1544.0,1737.0,2103.7,1571.25,35.02
600519.SH,20241030,19.3,2335.3,1254.5,1370.3,1563.3,1737.0,2103.7,1571.23,34.99
600519.SH,20241029,19.3,2335.3,1254.5,1370.3,1563.3,1737.0,2103.7,1571.35,34.97
600519.SH,20241028,19.3,2335.3,1254.5,1370.3,1563.3,1756.3,2103.7,1571.44,41.41
600519.SH,20241025,19.3,2335.3,1254.5,1351.0,1563.3,1756.3,2103.7,1571.39,38.33
600519.SH,20241024,19.3,2335.3,1254.5,1351.0,1563.3,1756.3,2103.7,1571.71,38.47
600519.SH,20241023,19.3,2335.3,1254.5,1351.0,1563.3,1756.3,2103.7,1571.6,40.72
600519.SH,20241022,19.3,2335.3,1254.5,1351.0,1563.3,1756.3,2103.7,1571.65,38.49
600519.SH,20241021,19.3,2335.3,1254.5,1351.0,1563.3,1756.3,2103.7,1571.75,36.11
600519.SH,20241018,19.3,2335.3,1254.5,1351.0,1563.3,1756.3,2103.7,1572.14,38.03
600519.SH,20241017,19.3,2335.3,1254.5,1351.0,1563.3,1756.3,2103.7,1572.91,29.73
600519.SH,20241016,19.3,2335.3,1254.5,1351.0,1563.3,1756.3,2103.7,1573.25,35.39
600519.SH,20241015,19.3,2335.3,1254.5,1351.0,1563.3,1756.3,2103.7,1573.44,36.69
600519.SH,20241014,19.3,2335.3,1254.5,1351.0,1563.3,1756.3,2103.7,1573.29,46.35
600519.SH,20241011,19.3,2335.3,1254.5,1351.0,1563.3,1756.3,2103.7,1573.39,46.27
600519.SH,20241010,19.3,2335.3,1254.5,1351.0,1563.3,1756.3,2103.7,1572.25,57.86
600519.SH,20241009,19.3,2335.3,1254.5,1351.0,1563.3,1756.3,2103.7,1572.45,42.15
600519.SH,20241008,19.3,2335.3,1254.5,1351.0,1563.3,1756.3,2103.7,1572.84,75.52
600519.SH,20240930,19.3,2335.3,1254.5,1351.0,1563.3,1756.3,2123.0,1567.0,80.02
600519.SH,20240927,19.3,2335.3,1254.5,1351.0,1563.3,1756.3,2123.0,1564.42,54.96
600519.SH,20240926,19.3,2335.3,1254.5,1351.0,1563.3,1756.3,2123.0,1565.05,39.73
600519.SH,20240925,19.3,2335.3,1254.5,1351.0,1563.3,1775.6,2142.3,1568.17,13.29
600519.SH,20240924,19.3,2335.3,1254.5,1351.0,1563.3,1775.6,2142.3,1571.59,10.47
600519.SH,20240923,19.3,2335.3,1254.5,1351.0,1563.3,1775.6,2142.3,1577.73,2.62
600519.SH,20240920,19.3,2335.3,1273.8,1351.0,1563.3,1775.6,2142.3,1579.93,2.31
600519.SH,20240919,19.3,2335.3,1273.8,1351.0,1563.3,1775.6,2142.3,1581.63,1.76
600519.SH,20240918,19.3,2335.3,1293.1,1370.3,1563.3,1775.6,2142.3,1585.04,1.17
600519.SH,20240913,19.3,2335.3,1312.4,1370.3,1563.3,1775.6,2142.3,1587.65,2.71
600519.SH,20240912,19.3,2335.3,1312.4,1370.3,1563.3,1775.6,2142.3,1590.12,2.8
600519.SH,20240911,19.3,2335.3,1331.7,1370.3,1563.3,1775.6,2142.3,1591.99,7.67
600519.SH,20240910,19.3,2335.3,1331.7,1370.3,1563.3,1775.6,2142.3,1592.53,4.61
600519.SH,20240909,19.3,2335.3,1331.7,1370.3,1582.6,1775.6,2142.3,1593.0,4.57
600519.SH,20240906,19.3,2335.3,1331.7,1370.3,1582.6,1775.6,2142.3,1593.99,6.72
600519.SH,20240905,19.3,2335.3,1331.7,1370.3,1582.6,1775.6,2142.3,1594.55,11.03
600519.SH,20240904,19.3,2335.3,1331.7,1370.3,1582.6,1775.6,2142.3,1594.67,10.85
600519.SH,20240903,19.3,2335.3,1331.7,1370.3,1582.6,1775.6,2142.3,1595.08,10.76
600519.SH,20240902,19.3,2335.3,1331.7,1370.3,1582.6,1775.6,2142.3,1595.74,6.65
600519.SH,20240830,19.3,2335.3,1331.7,1370.3,1582.6,1775.6,2142.3,1596.36,19.06
600519.SH,20240829,19.3,2335.3,1331.7,1370.3,1582.6,1775.6,2142.3,1597.24,10.27
600519.SH,20240828,19.3,2335.3,1331.7,1389.6,1582.6,1775.6,2142.3,1598.15,6.6
600519.SH,20240827,19.3,2335.3,1331.7,1389.6,1582.6,1775.6,2142.3,1599.12,9.47
600519.SH,20240826,19.3,2335.3,1331.7,1389.6,1582.6,1775.6,2142.3,1599.55,9.31
600519.SH,20240823,19.3,2335.3,1331.7,1389.6,1582.6,1775.6,2142.3,1599.99,9.21
600519.SH,20240822,19.3,2335.3,1331.7,1389.6,1582.6,1775.6,2142.3,1600.56,9.11
600519.SH,20240821,19.3,2335.3,1331.7,1389.6,1582.6,1775.6,2142.3,1601.12,8.99
600519.SH,20240820,19.3,2335.3,1331.7,1389.6,1582.6,1775.6,2142.3,1601.39,13.16
600519.SH,20240819,19.3,2335.3,1331.7,1389.6,1582.6,1775.6,2142.3,1602.02,12.94
600519.SH,20240816,19.3,2335.3,1331.7,1389.6,1582.6,1775.6,2142.3,1602.52,12.93
600519.SH,20240815,19.3,2335.3,1331.7,1389.6,1582.6,1775.6,2142.3,1603.0,12.71
600519.SH,20240814,19.3,2335.3,1331.7,1389.6,1582.6,1775.6,2142.3,1603.63,8.91
600519.SH,20240813,19.3,2335.3,1331.7,1389.6,1582.6,1775.6,2142.3,1604.06,12.23
600519.SH,20240812,19.3,2335.3,1331.7,1389.6,1582.6,1775.6,2142.3,1604.53,12.01
600519.SH,20240809,19.3,2335.3,1331.7,1389.6,1582.6,1775.6,2142.3,1605.05,11.93
600519.SH,20240808,19.3,2335.3,1331.7,1408.9,1582.6,1775.6,2142.3,1605.62,11.93
600519.SH,20240807,19.3,2335.3,1331.7,1408.9,1582.6,1775.6,2142.3,1606.28,8.82
600519.SH,20240806,19.3,2335.3,1331.7,1408.9,1582.6,1775.6,2142.3,1607.03,8.63
600519.SH,20240805,19.3,2335.3,1331.7,1408.9,1582.6,1775.6,2142.3,1607.9,8.37
600519.SH,20240802,19.3,2335.3,1331.7,1408.9,1582.6,1775.6,2142.3,1608.77,6.29
600519.SH,20240801,19.3,2335.3,1331.7,1408.9,1582.6,1775.6,2142.3,1609.69,5.99
600519.SH,20240731,19.3,2335.3,1331.7,1408.9,1582.6,1775.6,2142.3,1610.69,9.7
600519.SH,20240730,19.3,2335.3,1331.7,1408.9,1582.6,1775.6,2142.3,1612.07,5.68
600519.SH,20240729,19.3,2335.3,1351.0,1428.2,1582.6,1775.6,2142.3,1613.94,4.95
600519.SH,20240726,19.3,2335.3,1351.0,1428.2,1582.6,1775.6,2142.3,1614.92,7.88
600519.SH,20240725,19.3,2335.3,1351.0,1428.2,1582.6,1775.6,2142.3,1615.89,7.44
600519.SH,20240724,19.3,2335.3,1351.0,1428.2,1582.6,1794.9,2142.3,1616.54,9.81
600519.SH,20240723,19.3,2335.3,1351.0,1428.2,1582.6,1775.6,2142.3,1617.34,9.58
600519.SH,20240722,19.3,2335.3,1351.0,1428.2,1582.6,1775.6,2142.3,1618.02,21.94
600519.SH,20240719,19.3,2335.3,1351.0,1428.2,1582.6,1775.6,2142.3,1618.55,23.83
600519.SH,20240718,19.3,2335.3,1351.0,1428.2,1582.6,1775.6,2142.3,1619.21,17.22
600519.SH,20240717,19.3,2335.3,1351.0,1428.2,1582.6,1775.6,2142.3,1619.76,21.18
600519.SH,20240716,19.3,2335.3,1351.0,1428.2,1582.6,1775.6,2142.3,1620.63,12.89
600519.SH,20240715,19.3,2335.3,1351.0,1428.2,1582.6,1775.6,2142.3,1620.95,12.77
600519.SH,20240712,19.3,2335.3,1351.0,1428.2,1582.6,1775.6,2142.3,1621.39,12.66
600519.SH,20240711,19.3,2335.3,1351.0,1428.2,1582.6,1775.6,2142.3,1621.78,12.53
600519.SH,20240710,19.3,2335.3,1351.0,1428.2,1601.9,1794.9,2142.3,1622.51,7.3
600519.SH,20240709,19.3,2335.3,1351.0,1428.2,1601.9,1775.6,2142.3,1623.35,7.27
600519.SH,20240708,19.3,2335.3,1351.0,1447.5,1601.9,1775.6,2142.3,1624.39,6.95
600519.SH,20240705,19.3,2335.3,1351.0,1447.5,1601.9,1775.6,2142.3,1625.59,8.38
600519.SH,20240704,19.3,2335.3,1351.0,1447.5,1601.9,1775.6,2142.3,1626.64,13.85
600519.SH,20240703,19.3,2335.3,1351.0,1447.5,1601.9,1775.6,2142.3,1627.19,17.44
600519.SH,20240702,19.3,2335.3,1351.0,1447.5,1601.9,1775.6,2142.3,1627.96,13.7
600519.SH,20240701,19.3,2335.3,1351.0,1447.5,1601.9,1794.9,2142.3,1629.25,8.08
600519.SH,20240628,19.3,2335.3,1351.0,1447.5,1601.9,1794.9,2142.3,1630.04,9.37
600519.SH,20240627,19.3,2335.3,1351.0,1447.5,1601.9,1794.9,2142.3,1631.2,12.01
600519.SH,20240626,19.3,2335.3,1351.0,1466.8,1601.9,1794.9,2142.3,1632.01,11.59
600519.SH,20240625,19.3,2335.3,1351.0,1466.8,1601.9,1794.9,2142.3,1632.68,11.33
600519.SH,20240624,19.3,2335.3,1351.0,1466.8,1601.9,1794.9,2142.3,1632.87,9.06
600519.SH,20240621,19.3,2335.3,1331.7,1466.8,1601.9,1794.9,2142.3,1636.22,8.36
600519.SH,20240620,19.3,2335.3,1331.7,1486.1,1601.9,1794.9,2142.3,1637.42,12.55
600519.SH,20240619,19.3,2335.3,1331.7,1486.1,1601.9,1794.9,2142.3,1637.85,12.22
600519.SH,20240618,19.3,2335.3,1331.7,1486.1,1601.9,1794.9,2142.3,1638.83,9.45
600519.SH,20240617,19.3,2335.3,1331.7,1486.1,1601.9,1794.9,2142.3,1639.57,11.34
600519.SH,20240614,19.3,2335.3,1331.7,1505.4,1601.9,1794.9,2142.3,1639.99,12.26
600519.SH,20240613,19.3,2335.3,1331.7,1505.4,1601.9,1794.9,2142.3,1642.18,11.48
600519.SH,20240612,19.3,2335.3,1331.7,1505.4,1601.9,1794.9,2142.3,1643.02,13.29
600519.SH,20240611,19.3,2335.3,1331.7,1505.4,1601.9,1794.9,2142.3,1642.69,11.2
600519.SH,20240607,19.3,2335.3,1331.7,1524.7,1601.9,1794.9,2142.3,1645.54,17.9
600519.SH,20240606,19.3,2335.3,1331.7,1524.7,1601.9,1794.9,2142.3,1646.09,24.45
600519.SH,20240605,19.3,2335.3,1331.7,1524.7,1601.9,1794.9,2142.3,1646.34,24.21
600519.SH,20240604,19.3,2335.3,1331.7,1524.7,1601.9,1794.9,2142.3,1646.51,32.1
600519.SH,20240603,19.3,2335.3,1331.7,1524.7,1601.9,1794.9,2142.3,1646.53,24.04
600519.SH,20240531,19.3,2335.3,1331.7,1524.7,1601.9,1794.9,2142.3,1646.99,23.77
600519.SH,20240530,19.3,2335.3,1331.7,1524.7,1601.9,1794.9,2142.3,1647.0,23.78
600519.SH,20240529,19.3,2335.3,1331.7,1524.7,1601.9,1794.9,2142.3,1647.22,41.07
600519.SH,20240528,19.3,2335.3,1331.7,1524.7,1601.9,1794.9,2142.3,1647.14,31.19
600519.SH,20240527,19.3,2335.3,1331.7,1524.7,1601.9,1794.9,2142.3,1647.45,31.12
600519.SH,20240524,19.3,2335.3,1331.7,1524.7,1601.9,1794.9,2142.3,1647.57,40.53
600519.SH,20240523,19.3,2335.3,1331.7,1524.7,1601.9,1794.9,2142.3,1647.78,40.52
600519.SH,20240522,19.3,2335.3,1331.7,1524.7,1601.9,1794.9,2142.3,1647.81,51.82
600519.SH,20240521,19.3,2335.3,1331.7,1524.7,1601.9,1794.9,2142.3,1647.7,51.7
600519.SH,20240520,19.3,2335.3,1331.7,1524.7,1601.9,1794.9,2142.3,1647.7,51.65
600519.SH,20240517,19.3,2335.3,1331.7,1524.7,1601.9,1794.9,2142.3,1647.49,60.15
600519.SH,20240516,19.3,2335.3,1331.7,1524.7,1601.9,1794.9,2142.3,1647.49,51.91
600519.SH,20240515,19.3,2335.3,1331.7,1524.7,1601.9,1794.9,2142.3,1647.54,51.76
600519.SH,20240514,19.3,2335.3,1331.7,1524.7,1601.9,1794.9,2142.3,1647.71,51.72
600519.SH,20240513,19.3,2335.3,1331.7,1524.7,1601.9,1794.9,2142.3,1647.73,51.65
600519.SH,20240510,19.3,2335.3,1331.7,1524.7,1601.9,1794.9,2142.3,1647.58,64.64
600519.SH,20240509,19.3,2335.3,1331.7,1524.7,1601.9,1794.9,2142.3,1647.43,69.42
600519.SH,20240508,19.3,2335.3,1331.7,1524.7,1601.9,1794.9,2142.3,1647.27,69.39
600519.SH,20240507,19.3,2335.3,1331.7,1524.7,1601.9,1794.9,2142.3,1647.13,69.42
600519.SH,20240506,19.3,2335.3,1331.7,1524.7,1601.9,1794.9,2142.3,1646.38,69.56
600519.SH,20240430,19.3,2335.3,1331.7,1524.7,1601.9,1814.2,2142.3,1647.08,53.04
600519.SH,20240429,19.3,2335.3,1331.7,1524.7,1601.9,1814.2,2142.3,1647.04,53.26
600519.SH,20240426,19.3,2335.3,1331.7,1524.7,1601.9,1814.2,2142.3,1646.89,53.38
600519.SH,20240425,19.3,2335.3,1331.7,1524.7,1601.9,1814.2,2142.3,1646.72,43.61
600519.SH,20240424,19.3,2335.3,1331.7,1524.7,1601.9,1814.2,2142.3,1646.9,53.37
600519.SH,20240423,19.3,2335.3,1331.7,1524.7,1601.9,1814.2,2142.3,1646.76,43.7
600519.SH,20240422,19.3,2335.3,1331.7,1524.7,1601.9,1814.2,2142.3,1646.83,43.7
600519.SH,20240419,19.3,2335.3,1331.7,1524.7,1601.9,1814.2,2142.3,1647.03,25.88
600519.SH,20240418,19.3,2335.3,1331.7,1524.7,1601.9,1814.2,2142.3,1647.24,33.47
600519.SH,20240417,19.3,2335.3,1331.7,1524.7,1601.9,1814.2,2142.3,1647.38,33.54
600519.SH,20240416,19.3,2335.3,1331.7,1524.7,1601.9,1814.2,2142.3,1647.54,33.49
600519.SH,20240415,19.3,2335.3,1331.7,1524.7,1601.9,1814.2,2142.3,1647.71,42.61
600519.SH,20240412,19.3,2335.3,1331.7,1524.7,1601.9,1814.2,2142.3,1647.85,26.14
600519.SH,20240411,19.3,2335.3,1331.7,1524.7,1601.9,1814.2,2142.3,1648.1,26.04
600519.SH,20240410,19.3,2335.3,1331.7,1505.4,1601.9,1814.2,2142.3,1648.34,25.84
600519.SH,20240409,19.3,2335.3,1331.7,1505.4,1601.9,1814.2,2142.3,1648.6,32.46
600519.SH,20240408,19.3,2335.3,1331.7,1505.4,1601.9,1814.2,2142.3,1648.12,32.39
600519.SH,20240403,19.3,2335.3,1331.7,1505.4,1601.9,1814.2,2142.3,1649.39,58.36
600519.SH,20240402,19.3,2335.3,1331.7,1505.4,1601.9,1814.2,2142.3,1649.17,58.36
600519.SH,20240401,19.3,2335.3,1331.7,1505.4,1601.9,1814.2,2142.3,1649.15,58.26
600519.SH,20240329,19.3,2335.3,1331.7,1505.4,1601.9,1814.2,2142.3,1649.08,51.34
600519.SH,20240328,19.3,2335.3,1331.7,1505.4,1601.9,1814.2,2142.3,1648.92,51.3
600519.SH,20240327,19.3,2335.3,1331.7,1505.4,1601.9,1814.2,2142.3,1649.1,51.34
600519.SH,20240326,19.3,2335.3,1331.7,1505.4,1601.9,1814.2,2142.3,1649.44,51.29
600519.SH,20240325,19.3,2335.3,1331.7,1505.4,1601.9,1814.2,2142.3,1649.02,42.21
600519.SH,20240322,19.3,2335.3,1331.7,1505.4,1601.9,1814.2,2142.3,1649.27,50.96
600519.SH,20240321,19.3,2335.3,1331.7,1505.4,1601.9,1814.2,2142.3,1649.49,50.82
600519.SH,20240320,19.3,2335.3,1331.7,1505.4,1601.9,1814.2,2142.3,1649.32,50.85
600519.SH,20240319,19.3,2335.3,1331.7,1505.4,1601.9,1814.2,2142.3,1649.15,50.88
600519.SH,20240318,19.3,2335.3,1331.7,1505.4,1601.9,1814.2,2142.3,1649.17,50.91
600519.SH,20240315,19.3,2335.3,1331.7,1505.4,1601.9,1814.2,2142.3,1649.17,57.1
600519.SH,20240314,19.3,2335.3,1331.7,1505.4,1601.9,1814.2,2142.3,1649.48,57.04
600519.SH,20240313,19.3,2335.3,1331.7,1505.4,1601.9,1814.2,2142.3,1649.59,57.05
600519.SH,20240312,19.3,2335.3,1331.7,1505.4,1601.9,1814.2,2142.3,1649.35,61.64
600519.SH,20240311,19.3,2335.3,1331.7,1505.4,1601.9,1814.2,2142.3,1649.8,51.68
600519.SH,20240308,19.3,2335.3,1331.7,1505.4,1601.9,1814.2,2142.3,1649.24,34.84
600519.SH,20240307,19.3,2335.3,1331.7,1505.4,1601.9,1814.2,2142.3,1649.21,43.53
600519.SH,20240306,19.3,2335.3,1331.7,1505.4,1601.9,1814.2,2142.3,1649.48,43.41
600519.SH,20240305,19.3,2335.3,1331.7,1505.4,1601.9,1814.2,2142.3,1650.06,50.99
600519.SH,20240304,19.3,2335.3,1331.7,1505.4,1601.9,1814.2,2142.3,1650.24,43.33
600519.SH,20240301,19.3,2335.3,1331.7,1505.4,1601.9,1814.2,2142.3,1650.38,43.14
600519.SH,20240229,19.3,2335.3,1331.7,1505.4,1601.9,1814.2,2142.3,1650.31,50.39
600519.SH,20240228,19.3,2335.3,1331.7,1505.4,1601.9,1814.2,2142.3,1650.55,43.13
600519.SH,20240227,19.3,2335.3,1331.7,1505.4,1601.9,1814.2,2142.3,1650.13,43.13
600519.SH,20240226,19.3,2335.3,1331.7,1505.4,1621.2,1814.2,2142.3,1650.73,49.86
600519.SH,20240223,19.3,2335.3,1331.7,1505.4,1621.2,1814.2,2142.3,1650.48,55.2
600519.SH,20240222,19.3,2335.3,1331.7,1505.4,1621.2,1814.2,2142.3,1650.0,55.04
600519.SH,20240221,19.3,2335.3,1331.7,1505.4,1621.2,1814.2,2142.3,1650.14,54.95
600519.SH,20240220,19.3,2335.3,1331.7,1505.4,1621.2,1814.2,2142.3,1650.33,36.61
600519.SH,20240219,19.3,2335.3,1331.7,1505.4,1621.2,1814.2,2142.3,1650.43,49.54
600519.SH,20240208,19.3,2335.3,1331.7,1505.4,1621.2,1814.2,2142.3,1650.28,49.61
600519.SH,20240207,19.3,2335.3,1331.7,1505.4,1621.2,1814.2,2142.3,1650.18,49.58
600519.SH,20240206,19.3,2335.3,1331.7,1505.4,1621.2,1814.2,2142.3,1650.45,44.1
600519.SH,20240205,19.3,2335.3,1331.7,1505.4,1621.2,1814.2,2142.3,1650.98,22.29
600519.SH,20240202,19.3,2335.3,1331.7,1505.4,1621.2,1814.2,2161.6,1651.48,16.75
600519.SH,20240201,19.3,2335.3,1331.7,1505.4,1621.2,1814.2,2142.3,1652.68,16.47
600519.SH,20240131,19.3,2335.3,1331.7,1505.4,1621.2,1814.2,2161.6,1652.75,16.44
600519.SH,20240130,19.3,2335.3,1331.7,1505.4,1621.2,1814.2,2142.3,1653.34,20.83
600519.SH,20240129,19.3,2335.3,1331.7,1505.4,1621.2,1814.2,2142.3,1653.7,27.96
600519.SH,20240126,19.3,2335.3,1331.7,1505.4,1621.2,1814.2,2142.3,1654.07,27.89
600519.SH,20240125,19.3,2335.3,1331.7,1505.4,1621.2,1814.2,2161.6,1653.91,27.6
600519.SH,20240124,19.3,2335.3,1331.7,1505.4,1621.2,1833.5,2161.6,1653.86,20.73
600519.SH,20240123,19.3,2335.3,1331.7,1505.4,1621.2,1814.2,2142.3,1654.83,20.52
600519.SH,20240122,19.3,2335.3,1331.7,1505.4,1621.2,1833.5,2161.6,1654.57,26.58
600519.SH,20240119,19.3,2335.3,1331.7,1505.4,1621.2,1833.5,2161.6,1655.64,26.16
600519.SH,20240118,19.3,2335.3,1331.7,1505.4,1621.2,1833.5,2161.6,1655.49,16.78
600519.SH,20240117,19.3,2335.3,1331.7,1505.4,1621.2,1833.5,2161.6,1657.77,14.49
600519.SH,20240116,19.3,2335.3,1331.7,1505.4,1640.5,1833.5,2161.6,1658.78,24.37
600519.SH,20240115,19.3,2335.3,1331.7,1505.4,1640.5,1833.5,2161.6,1658.82,24.07
600519.SH,20240112,19.3,2335.3,1331.7,1505.4,1640.5,1833.5,2161.6,1658.56,23.97
600519.SH,20240111,19.3,2335.3,1331.7,1505.4,1640.5,1833.5,2161.6,1659.37,23.86
600519.SH,20240110,19.3,2335.3,1331.7,1505.4,1640.5,1833.5,2161.6,1659.89,23.78
600519.SH,20240109,19.3,2335.3,1331.7,1505.4,1640.5,1833.5,2161.6,1660.29,23.69
600519.SH,20240108,19.3,2335.3,1331.7,1505.4,1640.5,1833.5,2161.6,1660.43,23.58
600519.SH,20240105,19.3,2335.3,1331.7,1505.4,1640.5,1833.5,2161.6,1660.26,30.26
600519.SH,20240104,19.3,2335.3,1331.7,1505.4,1640.5,1833.5,2161.6,1660.62,30.13
600519.SH,20240103,19.3,2335.3,1331.7,1505.4,1640.5,1833.5,2161.6,1660.67,43.06
600519.SH,20240102,19.3,2335.3,1331.7,1505.4,1640.5,1833.5,2161.6,1660.64,36.95
600519.SH,20231229,19.3,2335.3,1331.7,1505.4,1640.5,1833.5,2161.6,1661.15,47.94
600519.SH,20231228,19.3,2335.3,1331.7,1505.4,1640.5,1833.5,2161.6,1661.28,47.98
600519.SH,20231227,19.3,2335.3,1312.4,1505.4,1640.5,1833.5,2161.6,1660.63,30.6
600519.SH,20231226,19.3,2335.3,1312.4,1505.4,1640.5,1833.5,2161.6,1660.77,30.54
600519.SH,20231225,19.3,2335.3,1312.4,1505.4,1640.5,1833.5,2161.6,1660.9,30.49
600519.SH,20231222,19.3,2335.3,1312.4,1505.4,1640.5,1833.5,2161.6,1661.5,30.46
600519.SH,20231221,19.3,2335.3,1312.4,1505.4,1640.5,1833.5,2161.6,1661.54,30.38
600519.SH,20231220,19.3,2335.3,1312.4,1505.4,1640.5,1833.5,2161.6,1661.62,24.09
600519.SH,20231219,19.3,2335.3,1312.4,1505.4,1640.5,1833.5,2161.6,1662.05,29.87
600519.SH,20231218,19.3,2335.3,1312.4,1505.4,1640.5,1833.5,2161.6,1662.02,23.92
600519.SH,20231215,19.3,2335.3,1312.4,1505.4,1640.5,1833.5,2161.6,1662.15,19.35
600519.SH,20231214,19.3,2335.3,1312.4,1505.4,1640.5,1833.5,2161.6,1662.83,19.43
600519.SH,20231213,19.3,2335.3,1312.4,1486.1,1640.5,1833.5,2161.6,1663.09,23.01
600519.SH,20231212,19.3,2335.3,1312.4,1486.1,1640.5,1833.5,2161.6,1663.68,34.52
600519.SH,20231211,19.3,2335.3,1312.4,1486.1,1640.5,1833.5,2161.6,1663.55,34.31
600519.SH,20231208,19.3,2335.3,1312.4,1486.1,1640.5,1833.5,2161.6,1664.1,33.98
600519.SH,20231207,19.3,2335.3,1312.4,1486.1,1640.5,1833.5,2161.6,1664.24,33.8
600519.SH,20231206,19.3,2335.3,1312.4,1486.1,1640.5,1833.5,2161.6,1664.27,33.57
600519.SH,20231205,19.3,2335.3,1312.4,1486.1,1640.5,1833.5,2161.6,1664.11,33.5
600519.SH,20231204,19.3,2335.3,1312.4,1486.1,1640.5,1833.5,2161.6,1664.44,44.25
600519.SH,20231201,19.3,2335.3,1312.4,1486.1,1659.8,1833.5,2161.6,1664.81,49.94
600519.SH,20231130,19.3,2335.3,1312.4,1486.1,1659.8,1833.5,2161.6,1664.28,56.61
600519.SH,20231129,19.3,2335.3,1312.4,1486.1,1640.5,1833.5,2161.6,1664.2,56.54
600519.SH,20231128,19.3,2335.3,1312.4,1486.1,1640.5,1833.5,2161.6,1664.18,50.07
600519.SH,20231127,19.3,2335.3,1312.4,1486.1,1640.5,1833.5,2161.6,1664.17,50.02
600519.SH,20231124,19.3,2335.3,1312.4,1486.1,1659.8,1833.5,2161.6,1664.18,56.26
600519.SH,20231123,19.3,2335.3,1312.4,1486.1,1640.5,1833.5,2161.6,1664.29,56.25
600519.SH,20231122,19.3,2335.3,1312.4,1486.1,1640.5,1833.5,2161.6,1664.1,56.19
600519.SH,20231121,19.3,2335.3,1312.4,1486.1,1640.5,1833.5,2161.6,1664.53,56.19
600519.SH,20231120,19.3,2335.3,1312.4,1486.1,1640.5,1833.5,2161.6,1663.77,50.48
600519.SH,20231117,19.3,2335.3,1312.4,1486.1,1640.5,1833.5,2161.6,1663.78,45.57
600519.SH,20231116,19.3,2335.3,1312.4,1486.1,1640.5,1833.5,2161.6,1663.63,50.24
600519.SH,20231115,19.3,2335.3,1312.4,1486.1,1640.5,1833.5,2161.6,1663.6,50.26
600519.SH,20231114,19.3,2335.3,1312.4,1486.1,1640.5,1833.5,2161.6,1663.57,50.29
600519.SH,20231113,19.3,2335.3,1312.4,1486.1,1640.5,1833.5,2161.6,1663.54,50.31
600519.SH,20231110,19.3,2335.3,1312.4,1486.1,1640.5,1833.5,2161.6,1663.51,55.64
600519.SH,20231109,19.3,2335.3,1312.4,1486.1,1640.5,1833.5,2161.6,1663.47,55.57
600519.SH,20231108,19.3,2335.3,1312.4,1486.1,1640.5,1833.5,2161.6,1663.4,61.71
600519.SH,20231107,19.3,2335.3,1312.4,1486.1,1640.5,1833.5,2161.6,1663.49,55.66
600519.SH,20231106,19.3,2335.3,1312.4,1486.1,1640.5,1833.5,2161.6,1663.22,61.6
600519.SH,20231103,19.3,2335.3,1312.4,1486.1,1640.5,1833.5,2161.6,1663.11,61.72
600519.SH,20231102,19.3,2335.3,1312.4,1486.1,1640.5,1833.5,2161.6,1662.95,56.12
600519.SH,20231101,19.3,2335.3,1312.4,1486.1,1640.5,1833.5,2161.6,1661.71,56.04
600519.SH,20231031,19.3,2335.3,1312.4,1486.1,1640.5,1833.5,2161.6,1662.4,30.46
600519.SH,20231030,19.3,2335.3,1312.4,1486.1,1640.5,1833.5,2161.6,1662.64,30.25
600519.SH,20231027,19.3,2335.3,1312.4,1486.1,1640.5,1833.5,2161.6,1663.21,30.02
600519.SH,20231026,19.3,2335.3,1312.4,1486.1,1640.5,1833.5,2161.6,1663.13,29.72
600519.SH,20231025,19.3,2335.3,1312.4,1486.1,1640.5,1833.5,2161.6,1663.75,29.47
600519.SH,20231024,19.3,2335.3,1312.4,1486.1,1640.5,1833.5,2161.6,1663.96,21.11
600519.SH,20231023,19.3,2335.3,1312.4,1466.8,1640.5,1833.5,2161.6,1664.17,20.92
600519.SH,20231020,19.3,2335.3,1312.4,1466.8,1640.5,1833.5,2161.6,1664.88,20.72
600519.SH,20231019,19.3,2335.3,1312.4,1466.8,1640.5,1833.5,2161.6,1665.64,17.99
600519.SH,20231018,19.3,2335.3,1312.4,1466.8,1640.5,1833.5,2161.6,1666.96,39.59
600519.SH,20231017,19.3,2335.3,1312.4,1466.8,1659.8,1833.5,2161.6,1666.75,39.55
600519.SH,20231016,19.3,2335.3,1312.4,1466.8,1659.8,1833.5,2161.6,1666.99,39.53
600519.SH,20231013,19.3,2335.3,1312.4,1466.8,1659.8,1833.5,2161.6,1666.9,45.09
600519.SH,20231012,19.3,2335.3,1312.4,1466.8,1659.8,1833.5,2161.6,1666.81,54.06
600519.SH,20231011,19.3,2335.3,1312.4,1466.8,1659.8,1833.5,2161.6,1666.92,54.1
600519.SH,20231010,19.3,2335.3,1312.4,1466.8,1659.8,1833.5,2161.6,1666.85,49.86
600519.SH,20231009,19.3,2335.3,1312.4,1466.8,1659.8,1833.5,2161.6,1666.96,53.99
600519.SH,20230928,19.3,2335.3,1312.4,1466.8,1640.5,1833.5,2161.6,1667.03,59.06
600519.SH,20230927,19.3,2335.3,1312.4,1466.8,1640.5,1833.5,2161.6,1666.71,59.13
600519.SH,20230926,19.3,2335.3,1312.4,1466.8,1640.5,1833.5,2161.6,1666.2,66.43
600519.SH,20230925,19.3,2335.3,1312.4,1466.8,1640.5,1833.5,2161.6,1666.06,66.41
